"죄종별","전과별","항목","단위","2011 년","2012 년","2013 년","2014 년","2015 년","2016 년","2017 년","2018 년","2019 년","2020 년",
"계","계","범죄자[명]","명","1815233","1723815","1741302","1712435","1771390","1847605","1685461","1581922","1585638","1494421",
"계","없음","범죄자[명]","명","964589","431824","410041","401952","408411","429304","391015","355589","359526","330824",
"계","전과있음","범죄자[명]","명","850644","836856","850657","826063","836002","873307","787453","709823","696593","655900",
"계","1범","범죄자[명]","명","202925","199632","196926","190314","190438","198122","178307","158147","153761","141663",
"계","2범","범죄자[명]","명","139392","134595","137263","132691","132073","137142","124017","108757","105304","96716",
"계","3범","범죄자[명]","명","104488","100928","100070","96243","96144","100480","90642","80265","78177","73425",
"계","4범","범죄자[명]","명","76258","74295","74579","72279","72836","75618","68040","60405","58415","54547",
"계","5범","범죄자[명]","명","58667","57241","58790","56274","57184","60311","53403","47740","47038","43735",
"계","6범","범죄자[명]","명","45382","44558","45545","44385","44874","47171","42364","37325","36325","34138",
"계","7범","범죄자[명]","명","35744","35159","35927","34000","34970","36804","32452","30357","29518","28092",
"계","8범","범죄자[명]","명","29784","28614","28998","27842","28428","29457","26421","23427","23069","21959",
"계","9범이상","범죄자[명]","명","158004","161834","172559","172035","179055","188202","171807","163400","164986","161625",
"계","미상","범죄자[명]","명","","455135","480604","484420","526977","544994","506993","516510","529519","507697",
"강력범죄","계","범죄자[명]","명","25346","23789","25351","25065","25821","27071","28927","28302","28943","26971",
"강력범죄","없음","범죄자[명]","명","11623","6553","7441","7820","8133","8547","9289","8667","8853","7818",
"강력범죄","전과있음","범죄자[명]","명","13723","12943","14264","13845","13871","14175","14474","13684","13701","12790",
"강력범죄","1범","범죄자[명]","명","3021","2784","3342","3218","3277","3420","3519","3289","3247","3011",
"강력범죄","2범","범죄자[명]","명","1995","1989","2215","2206","2123","2171","2315","2073","2156","1981",
"강력범죄","3범","범죄자[명]","명","1594","1463","1571","1542","1585","1629","1517","1554","1541","1364",
"강력범죄","4범","범죄자[명]","명","1168","1020","1174","1166","1112","1153","1170","1141","1184","1062",
"강력범죄","5범","범죄자[명]","명","935","907","953","906","927","928","1027","928","880","855",
"강력범죄","6범","범죄자[명]","명","774","734","766","716","692","712","760","699","720","653",
"강력범죄","7범","범죄자[명]","명","638","593","638","531","601","579","557","575","569","604",
"강력범죄","8범","범죄자[명]","명","548","536","459","488","471","500","470","457","459","392",
"강력범죄","9범이상","범죄자[명]","명","3050","2917","3146","3072","3083","3083","3139","2968","2945","2868",
"강력범죄","미상","범죄자[명]","명","","4293","3646","3400","3817","4349","5164","5951","6389","6363",
"살인기수","계","범죄자[명]","명","449","446","377","447","389","379","344","350","345","341",
"살인기수","없음","범죄자[명]","명","207","133","122","135","112","116","105","105","101","87",
"살인기수","전과있음","범죄자[명]","명","242","240","189","213","203","196","166","170","152","163",
"살인기수","1범","범죄자[명]","명","49","40","52","44","44","45","37","39","38","33",
"살인기수","2범","범죄자[명]","명","28","37","18","31","30","30","28","23","18","19",
"살인기수","3범","범죄자[명]","명","30","30","24","24","22","17","11","21","18","9",
"살인기수","4범","범죄자[명]","명","27","18","18","13","17","11","11","17","17","20",
"살인기수","5범","범죄자[명]","명","17","12","10","16","13","19","11","11","4","11",
"살인기수","6범","범죄자[명]","명","17","16","7","9","16","8","12","12","3","9",
"살인기수","7범","범죄자[명]","명","11","9","11","9","10","11","4","9","4","8",
"살인기수","8범","범죄자[명]","명","12","15","3","13","3","9","2","4","3","3",
"살인기수","9범이상","범죄자[명]","명","51","63","46","54","48","46","50","34","47","51",
"살인기수","미상","범죄자[명]","명","","73","66","99","74","67","73","75","92","91",
"살인미수등","계","범죄자[명]","명","836","610","620","575","586","616","561","516","525","454",
"살인미수등","없음","범죄자[명]","명","265","145","141","120","126","152","157","152","122","127",
"살인미수등","전과있음","범죄자[명]","명","571","423","431","389","400","399","345","304","319","245",
"살인미수등","1범","범죄자[명]","명","94","69","69","57","68","67","62","53","68","45",
"살인미수등","2범","범죄자[명]","명","56","45","46","38","38","50","43","47","34","29",
"살인미수등","3범","범죄자[명]","명","55","42","39","37","55","44","33","23","30","19",
"살인미수등","4범","범죄자[명]","명","35","25","35","30","25","30","30","25","25","23",
"살인미수등","5범","범죄자[명]","명","46","35","23","28","24","35","27","18","20","17",
"살인미수등","6범","범죄자[명]","명","45","33","27","26","28","19","19","19","19","15",
"살인미수등","7범","범죄자[명]","명","31","19","27","19","19","24","18","11","17","13",
"살인미수등","8범","범죄자[명]","명","33","20","20","20","15","21","11","12","8","10",
"살인미수등","9범이상","범죄자[명]","명","176","135","145","134","128","109","102","96","98","74",
"살인미수등","미상","범죄자[명]","명","","42","48","66","60","65","59","60","84","82",
"강도","계","범죄자[명]","명","4890","3322","2593","2078","1999","1716","1456","1165","1336","1202",
"강도","없음","범죄자[명]","명","1606","754","537","409","441","318","320","243","308","310",
"강도","전과있음","범죄자[명]","명","3284","2343","1841","1500","1407","1243","1001","800","903","745",
"강도","1범","범죄자[명]","명","547","380","307","230","200","181","162","133","129","126",
"강도","2범","범죄자[명]","명","382","289","208","180","149","134","127","72","102","93",
"강도","3범","범죄자[명]","명","350","237","156","139","134","101","87","77","104","73",
"강도","4범","범죄자[명]","명","290","178","140","113","104","98","78","52","79","55",
"강도","5범","범죄자[명]","명","273","182","121","91","82","82","70","55","59","39",
"강도","6범","범죄자[명]","명","192","165","113","95","67","72","57","39","67","29",
"강도","7범","범죄자[명]","명","191","113","114","73","65","52","42","32","33","32",
"강도","8범","범죄자[명]","명","160","120","82","51","66","52","42","37","30","22",
"강도","9범이상","범죄자[명]","명","899","679","600","528","540","471","336","303","300","276",
"강도","미상","범죄자[명]","명","","225","215","169","151","155","135","122","125","147",
"강간·강제추행","계","범죄자[명]","명","17652","18012","","","","","","","","",
"강간·강제추행","없음","범죄자[명]","명","9013","5160","","","","","","","","",
"강간·강제추행","전과있음","범죄자[명]","명","8639","8994","","","","","","","","",
"강간·강제추행","1범","범죄자[명]","명","2155","2138","","","","","","","","",
"강간·강제추행","2범","범죄자[명]","명","1402","1498","","","","","","","","",
"강간·강제추행","3범","범죄자[명]","명","1050","1044","","","","","","","","",
"강간·강제추행","4범","범죄자[명]","명","727","709","","","","","","","","",
"강간·강제추행","5범","범죄자[명]","명","530","610","","","","","","","","",
"강간·강제추행","6범","범죄자[명]","명","464","467","","","","","","","","",
"강간·강제추행","7범","범죄자[명]","명","335","407","","","","","","","","",
"강간·강제추행","8범","범죄자[명]","명","301","345","","","","","","","","",
"강간·강제추행","9범이상","범죄자[명]","명","1675","1776","","","","","","","","",
"강간·강제추행","미상","범죄자[명]","명","","3858","","","","","","","","",
"강간","계","범죄자[명]","명","","","5856","5517","5621","5829","5943","5947","6138","6113",
"강간","없음","범죄자[명]","명","","","1621","1612","1585","1633","1674","1495","1642","1573",
"강간","전과있음","범죄자[명]","명","","","2975","2701","2627","2617","2555","2403","2357","2361",
"강간","1범","범죄자[명]","명","","","702","652","610","622","616","588","557","599",
"강간","2범","범죄자[명]","명","","","493","433","416","408","393","384","395","374",
"강간","3범","범죄자[명]","명","","","339","282","275","319","252","260","246","244",
"강간","4범","범죄자[명]","명","","","260","239","197","211","216","189","197","189",
"강간","5범","범죄자[명]","명","","","193","191","184","169","195","177","164","149",
"강간","6범","범죄자[명]","명","","","143","139","145","137","136","126","144","111",
"강간","7범","범죄자[명]","명","","","130","101","131","114","83","93","90","101",
"강간","8범","범죄자[명]","명","","","91","96","92","104","88","71","77","64",
"강간","9범이상","범죄자[명]","명","","","624","568","577","533","576","515","487","530",
"강간","미상","범죄자[명]","명","","","1260","1204","1409","1579","1714","2049","2139","2179",
"유사강간","계","범죄자[명]","명","","","136","389","535","598","694","848","895","934",
"유사강간","없음","범죄자[명]","명","","","50","152","187","209","256","324","319","331",
"유사강간","전과있음","범죄자[명]","명","","","75","189","248","289","320","356","373","379",
"유사강간","1범","범죄자[명]","명","","","24","52","71","77","87","97","103","101",
"유사강간","2범","범죄자[명]","명","","","12","29","39","39","48","45","80","59",
"유사강간","3범","범죄자[명]","명","","","9","23","19","36","38","43","46","42",
"유사강간","4범","범죄자[명]","명","","","5","13","30","24","28","32","32","34",
"유사강간","5범","범죄자[명]","명","","","3","9","11","22","32","21","20","25",
"유사강간","6범","범죄자[명]","명","","","6","13","13","14","9","16","15","17",
"유사강간","7범","범죄자[명]","명","","","4","4","8","12","8","13","11","17",
"유사강간","8범","범죄자[명]","명","","","2","6","9","10","8","19","11","6",
"유사강간","9범이상","범죄자[명]","명","","","10","40","48","55","62","70","55","78",
"유사강간","미상","범죄자[명]","명","","","11","48","100","100","118","168","203","224",
"강제추행","계","범죄자[명]","명","","","12496","13400","14488","16016","18272","17631","17892","16382",
"강제추행","없음","범죄자[명]","명","","","4023","4650","5150","5613","6330","5858","5883","5043",
"강제추행","전과있음","범죄자[명]","명","","","6677","7170","7540","8197","9048","8490","8500","7906",
"강제추행","1범","범죄자[명]","명","","","1744","1841","2002","2190","2364","2183","2161","1928",
"강제추행","2범","범죄자[명]","명","","","1150","1279","1259","1335","1533","1359","1380","1280",
"강제추행","3범","범죄자[명]","명","","","750","841","923","974","991","1003","987","864",
"강제추행","4범","범죄자[명]","명","","","557","618","617","680","733","737","736","658",
"강제추행","5범","범죄자[명]","명","","","448","454","507","512","614","543","541","546",
"강제추행","6범","범죄자[명]","명","","","352","333","345","403","468","422","409","416",
"강제추행","7범","범죄자[명]","명","","","253","261","295","314","346","348","360","387",
"강제추행","8범","범죄자[명]","명","","","186","230","227","255","277","285","277","252",
"강제추행","9범이상","범죄자[명]","명","","","1237","1313","1365","1534","1722","1610","1649","1575",
"강제추행","미상","범죄자[명]","명","","","1796","1580","1798","2206","2894","3283","3509","3433",
"기타 강간·강제추행등","계","범죄자[명]","명","","","1887","1193","686","521","371","458","495","349",
"기타 강간·강제추행등","없음","범죄자[명]","명","","","591","370","204","165","147","134","180","92",
"기타 강간·강제추행등","전과있음","범죄자[명]","명","","","1133","688","379","309","193","250","251","197",
"기타 강간·강제추행등","1범","범죄자[명]","명","","","269","161","95","67","39","45","53","41",
"기타 강간·강제추행등","2범","범죄자[명]","명","","","168","102","49","38","31","43","28","30",
"기타 강간·강제추행등","3범","범죄자[명]","명","","","141","83","47","44","20","24","27","27",
"기타 강간·강제추행등","4범","범죄자[명]","명","","","93","60","33","26","13","21","18","17",
"기타 강간·강제추행등","5범","범죄자[명]","명","","","81","51","18","20","10","20","13","11",
"기타 강간·강제추행등","6범","범죄자[명]","명","","","63","40","16","17","15","17","17","7",
"기타 강간·강제추행등","7범","범죄자[명]","명","","","46","26","17","9","8","15","10","9",
"기타 강간·강제추행등","8범","범죄자[명]","명","","","39","25","15","15","6","2","9","6",
"기타 강간·강제추행등","9범이상","범죄자[명]","명","","","233","140","89","73","51","63","76","49",
"기타 강간·강제추행등","미상","범죄자[명]","명","","","163","135","103","47","31","74","64","60",
"방화","계","범죄자[명]","명","1519","1399","1386","1466","1517","1396","1286","1387","1317","1196",
"방화","없음","범죄자[명]","명","532","361","356","372","328","341","300","356","298","255",
"방화","전과있음","범죄자[명]","명","987","943","943","995","1067","925","846","911","846","794",
"방화","1범","범죄자[명]","명","176","157","175","181","187","171","152","151","138","138",
"방화","2범","범죄자[명]","명","127","120","120","114","143","137","112","100","119","97",
"방화","3범","범죄자[명]","명","109","110","113","113","110","94","85","103","83","86",
"방화","4범","범죄자[명]","명","89","90","66","80","89","73","61","68","80","66",
"방화","5범","범죄자[명]","명","69","68","74","66","88","69","68","83","59","57",
"방화","6범","범죄자[명]","명","56","53","55","61","62","42","44","48","46","49",
"방화","7범","범죄자[명]","명","70","45","53","38","56","43","48","54","44","37",
"방화","8범","범죄자[명]","명","42","36","36","47","44","34","36","27","44","29",
"방화","9범이상","범죄자[명]","명","249","264","251","295","288","262","240","277","233","235",
"방화","미상","범죄자[명]","명","","95","87","99","122","130","140","120","173","147",
"절도범죄","계","범죄자[명]","명","111390","104434","102658","95645","103166","106415","105695","97334","101295","98425",
"절도범죄","없음","범죄자[명]","명","53216","42335","38181","36876","39580","40423","38442","33587","35373","33627",
"절도범죄","전과있음","범죄자[명]","명","58174","55074","57561","51686","55565","57388","57650","54257","55685","54665",
"절도범죄","1범","범죄자[명]","명","14181","13445","13345","12024","12737","12962","12905","11623","12035","11822",
"절도범죄","2범","범죄자[명]","명","9003","8449","8366","7474","7903","8252","8153","7559","7684","7663",
"절도범죄","3범","범죄자[명]","명","6594","6198","6084","5314","5602","5869","5860","5337","5559","5489",
"절도범죄","4범","범죄자[명]","명","4811","4448","4662","4086","4348","4388","4506","4137","4183","4113",
"절도범죄","5범","범죄자[명]","명","3882","3629","3842","3332","3557","3645","3763","3330","3473","3332",
"절도범죄","6범","범죄자[명]","명","3082","2955","3083","2738","2864","2848","2929","2722","2780","2662",
"절도범죄","7범","범죄자[명]","명","2507","2358","2519","2167","2286","2415","2341","2267","2238","2281",
"절도범죄","8범","범죄자[명]","명","2170","2028","2037","1741","1972","1970","1944","1746","1873","1792",
"절도범죄","9범이상","범죄자[명]","명","11944","11564","13623","12810","14296","15039","15249","15536","15860","15511",
"절도범죄","미상","범죄자[명]","명","","7025","6916","7083","8021","8604","9603","9490","10237","10133",
"폭력범죄","계","범죄자[명]","명","392042","400282","369913","358275","372723","380965","363511","348969","346561","313990",
"폭력범죄","없음","범죄자[명]","명","190012","90204","75741","71680","74012","74646","71079","67793","68263","61284",
"폭력범죄","전과있음","범죄자[명]","명","202030","207015","192985","179814","180819","180520","168271","159597","159208","147141",
"폭력범죄","1범","범죄자[명]","명","39494","41985","37147","34514","35207","35380","32762","30842","30776","27905",
"폭력범죄","2범","범죄자[명]","명","28939","29288","27586","25572","25873","25477","24402","22440","22569","20263",
"폭력범죄","3범","범죄자[명]","명","23216","23197","21409","19749","19752","19894","18604","17587","17416","16150",
"폭력범죄","4범","범죄자[명]","명","17851","18156","16768","15506","15665","15354","14372","13854","13351","12360",
"폭력범죄","5범","범죄자[명]","명","14366","14472","13962","12767","12679","12774","11844","11194","11098","10352",
"폭력범죄","6범","범죄자[명]","명","11614","11568","10925","10420","10399","10240","9391","8847","8802","8202",
"폭력범죄","7범","범죄자[명]","명","9529","9469","8832","8035","8141","8209","7431","7286","7207","6625",
"폭력범죄","8범","범죄자[명]","명","8018","7863","7522","7022","6842","6693","6345","5706","5816","5364",
"폭력범죄","9범이상","범죄자[명]","명","49003","51017","48834","46229","46261","46499","43120","41841","42173","39920",
"폭력범죄","미상","범죄자[명]","명","","103063","101187","106781","117892","125799","124161","121579","119090","105565",
"상해","계","범죄자[명]","명","89138","84850","75206","66885","62059","65695","58851","52867","48854","43552",
"상해","없음","범죄자[명]","명","28974","21180","18150","16270","15768","16340","14832","13250","12236","10668",
"상해","전과있음","범죄자[명]","명","60164","57776","51646","45493","41525","44319","39286","34757","31974","28591",
"상해","1범","범죄자[명]","명","11092","11053","9387","8600","7919","8018","7291","6222","5757","4985",
"상해","2범","범죄자[명]","명","8299","7998","7316","6346","5759","6129","5509","4743","4330","3789",
"상해","3범","범죄자[명]","명","6909","6528","5602","4930","4522","4812","4299","3795","3451","3100",
"상해","4범","범죄자[명]","명","5319","5077","4552","3896","3604","3705","3254","2933","2641","2340",
"상해","5범","범죄자[명]","명","4337","4131","3705","3230","2896","3158","2809","2433","2334","2025",
"상해","6범","범죄자[명]","명","3569","3297","2986","2716","2392","2591","2246","1957","1820","1653",
"상해","7범","범죄자[명]","명","2901","2752","2384","2077","1874","2034","1796","1592","1460","1325",
"상해","8범","범죄자[명]","명","2458","2248","2088","1846","1610","1766","1539","1254","1200","1092",
"상해","9범이상","범죄자[명]","명","15280","14692","13626","11852","10949","12106","10543","9828","8981","8282",
"상해","미상","범죄자[명]","명","","5894","5410","5122","4766","5036","4733","4860","4644","4293",
"폭행","계","범죄자[명]","명","161782","167975","166337","171166","192308","216857","210745","204801","202710","178448",
"폭행","없음","범죄자[명]","명","98147","23582","22605","22906","27341","32232","31168","30972","31832","28276",
"폭행","전과있음","범죄자[명]","명","63635","66728","66768","65286","71895","81861","78022","76481","77575","70260",
"폭행","1범","범죄자[명]","명","11177","12420","12078","11803","13705","15941","14877","14742","14959","13404",
"폭행","2범","범죄자[명]","명","8784","9214","9408","9057","10315","11367","11275","10746","11054","9638",
"폭행","3범","범죄자[명]","명","7406","7369","7290","7189","7977","9033","8631","8512","8512","7830",
"폭행","4범","범죄자[명]","명","5622","5964","5906","5688","6174","7031","6738","6751","6530","5975",
"폭행","5범","범죄자[명]","명","4652","4603","4879","4716","5067","5888","5527","5393","5435","4946",
"폭행","6범","범죄자[명]","명","3615","3773","3809","3744","4204","4682","4376","4309","4232","3894",
"폭행","7범","범죄자[명]","명","3063","3162","3101","2952","3225","3821","3458","3477","3566","3176",
"폭행","8범","범죄자[명]","명","2616","2664","2706","2627","2733","2970","3019","2757","2759","2488",
"폭행","9범이상","범죄자[명]","명","16700","17559","17591","17510","18495","21128","20121","19794","20528","18909",
"폭행","미상","범죄자[명]","명","","77665","76964","82974","93072","102764","101555","97348","93303","79912",
"체포·감금","계","범죄자[명]","명","969","1113","1086","1118","1226","1687","1911","1608","1654","1695",
"체포·감금","없음","범죄자[명]","명","529","206","159","157","205","294","355","288","303","267",
"체포·감금","전과있음","범죄자[명]","명","440","481","499","464","527","838","893","674","672","709",
"체포·감금","1범","범죄자[명]","명","78","92","81","82","84","168","166","110","117","131",
"체포·감금","2범","범죄자[명]","명","64","59","73","69","84","133","114","100","93","103",
"체포·감금","3범","범죄자[명]","명","46","55","58","45","54","94","115","63","58","67",
"체포·감금","4범","범죄자[명]","명","54","48","46","36","48","73","77","58","58","47",
"체포·감금","5범","범죄자[명]","명","32","38","45","33","35","50","63","51","40","42",
"체포·감금","6범","범죄자[명]","명","23","33","24","33","33","47","48","40","42","45",
"체포·감금","7범","범죄자[명]","명","28","16","26","23","19","44","41","30","29","31",
"체포·감금","8범","범죄자[명]","명","26","17","24","11","21","18","43","30","24","26",
"체포·감금","9범이상","범죄자[명]","명","89","123","122","132","149","211","226","192","211","217",
"체포·감금","미상","범죄자[명]","명","","426","428","497","494","555","663","646","679","719",
"협박","계","범죄자[명]","명","3855","4732","4682","5160","9197","16825","16599","18337","22377","22507",
"협박","없음","범죄자[명]","명","2132","692","654","715","1401","2989","3075","3276","3956","4004",
"협박","전과있음","범죄자[명]","명","1723","2165","2127","2225","4542","9460","9002","9469","11507","11389",
"협박","1범","범죄자[명]","명","285","349","318","358","747","1761","1621","1755","2094","2020",
"협박","2범","범죄자[명]","명","228","288","290","268","602","1299","1289","1294","1569","1553",
"협박","3범","범죄자[명]","명","170","243","250","242","504","1021","999","1049","1245","1194",
"협박","4범","범죄자[명]","명","165","209","175","209","407","863","802","832","1020","1040",
"협박","5범","범죄자[명]","명","127","155","165","158","336","682","634","683","780","831",
"협박","6범","범죄자[명]","명","89","131","108","121","219","515","484","538","691","682",
"협박","7범","범죄자[명]","명","95","109","104","103","223","443","427","457","547","564",
"협박","8범","범죄자[명]","명","89","68","90","88","179","381","338","352","446","409",
"협박","9범이상","범죄자[명]","명","475","613","627","678","1325","2495","2408","2509","3115","3096",
"협박","미상","범죄자[명]","명","","1875","1901","2220","3254","4376","4522","5592","6914","7114",
"약취·유인","계","범죄자[명]","명","340","270","260","252","252","305","285","260","351","296",
"약취·유인","없음","범죄자[명]","명","173","63","59","57","51","83","78","74","80","63",
"약취·유인","전과있음","범죄자[명]","명","167","138","116","124","112","137","120","106","132","117",
"약취·유인","1범","범죄자[명]","명","21","26","21","28","20","21","26","35","23","34",
"약취·유인","2범","범죄자[명]","명","19","17","14","17","12","23","25","12","22","13",
"약취·유인","3범","범죄자[명]","명","18","11","18","12","16","18","9","11","8","12",
"약취·유인","4범","범죄자[명]","명","21","12","9","7","6","10","8","10","12","2",
"약취·유인","5범","범죄자[명]","명","13","10","11","7","7","9","12","11","12","8",
"약취·유인","6범","범죄자[명]","명","8","10","10","7","8","1","4","3","7","1",
"약취·유인","7범","범죄자[명]","명","9","8","5","8","3","7","3","5","7","3",
"약취·유인","8범","범죄자[명]","명","7","1","2","3","2","4","3","1","2","3",
"약취·유인","9범이상","범죄자[명]","명","51","43","26","35","38","44","30","18","39","41",
"약취·유인","미상","범죄자[명]","명","","69","85","71","89","85","87","80","139","116",
"폭력행위등","계","범죄자[명]","명","103423","106256","89858","80113","73002","40963","36647","31885","28625","25342",
"폭력행위등","없음","범죄자[명]","명","48641","36297","27122","24239","21480","14017","13015","11231","10226","8464",
"폭력행위등","전과있음","범죄자[명]","명","54782","56767","50468","44604","40673","20078","17491","14945","12950","11929",
"폭력행위등","1범","범죄자[명]","명","13033","13654","11348","9711","8701","4941","4337","3596","3160","2786",
"폭력행위등","2범","범죄자[명]","명","8624","8623","7523","6759","6053","3145","2895","2292","1994","1783",
"폭력행위등","3범","범죄자[명]","명","6304","6522","5747","5058","4314","2286","2077","1618","1427","1336",
"폭력행위등","4범","범죄자[명]","명","4834","4881","4280","3754","3538","1644","1499","1286","1079","937",
"폭력행위등","5범","범죄자[명]","명","3718","3866","3577","3038","2824","1302","1120","985","810","794",
"폭력행위등","6범","범죄자[명]","명","3065","3006","2813","2555","2333","1063","906","743","645","591",
"폭력행위등","7범","범죄자[명]","명","2452","2351","2161","1912","1815","799","662","657","503","462",
"폭력행위등","8범","범죄자[명]","명","1990","2010","1792","1585","1474","669","543","463","441","431",
"폭력행위등","9범이상","범죄자[명]","명","10762","11854","11227","10232","9621","4229","3452","3305","2891","2809",
"폭력행위등","미상","범죄자[명]","명","","13192","12268","11270","10849","6868","6141","5709","5449","4949",
"공갈","계","범죄자[명]","명","3786","5455","3189","3674","2930","3638","3573","3521","3552","3434",
"공갈","없음","범죄자[명]","명","1775","1680","712","658","557","758","835","865","1012","847",
"공갈","전과있음","범죄자[명]","명","2011","3107","1778","2184","1540","1932","1797","1572","1488","1472",
"공갈","1범","범죄자[명]","명","408","691","313","291","242","289","330","277","245","287",
"공갈","2범","범죄자[명]","명","282","391","221","217","175","201","218","205","175","201",
"공갈","3범","범죄자[명]","명","198","278","183","169","141","167","145","160","135","124",
"공갈","4범","범죄자[명]","명","168","261","142","183","98","122","129","126","102","92",
"공갈","5범","범죄자[명]","명","125","198","103","146","92","109","129","90","112","99",
"공갈","6범","범죄자[명]","명","102","168","89","117","92","100","99","87","86","78",
"공갈","7범","범죄자[명]","명","79","142","87","89","58","81","67","69","77","67",
"공갈","8범","범죄자[명]","명","78","129","64","100","65","66","57","53","60","50",
"공갈","9범이상","범죄자[명]","명","571","849","576","872","577","797","623","505","496","474",
"공갈","미상","범죄자[명]","명","","668","699","832","833","948","941","1084","1052","1115",
"손괴","계","범죄자[명]","명","28749","29631","29295","29907","31749","34995","34900","35690","38438","38716",
"손괴","없음","범죄자[명]","명","9641","6504","6280","6678","7209","7933","7721","7837","8618","8695",
"손괴","전과있음","범죄자[명]","명","19108","19853","19583","19434","20005","21895","21660","21593","22910","22674",
"손괴","1범","범죄자[명]","명","3400","3700","3601","3641","3789","4241","4114","4105","4421","4258",
"손괴","2범","범죄자[명]","명","2639","2698","2741","2839","2873","3180","3077","3048","3332","3183",
"손괴","3범","범죄자[명]","명","2165","2191","2261","2104","2224","2463","2329","2379","2580","2487",
"손괴","4범","범죄자[명]","명","1668","1704","1658","1733","1790","1906","1865","1858","1909","1927",
"손괴","5범","범죄자[명]","명","1362","1471","1477","1439","1422","1576","1550","1548","1575","1607",
"손괴","6범","범죄자[명]","명","1143","1150","1086","1127","1118","1241","1228","1170","1279","1258",
"손괴","7범","범죄자[명]","명","902","929","964","871","924","980","977","999","1018","997",
"손괴","8범","범죄자[명]","명","754","726","756","762","758","819","803","796","884","865",
"손괴","9범이상","범죄자[명]","명","5075","5284","5039","4918","5107","5489","5717","5690","5912","6092",
"손괴","미상","범죄자[명]","명","","3274","3432","3795","4535","5167","5519","6260","6910","7347",
"지능범죄","계","범죄자[명]","명","329399","280243","304025","286099","294379","287025","269117","292114","308782","307706",
"지능범죄","없음","범죄자[명]","명","229242","37926","36494","36658","38968","39676","39056","42476","48782","46992",
"지능범죄","전과있음","범죄자[명]","명","100157","97313","105871","106306","110733","107626","101511","106646","115336","115367",
"지능범죄","1범","범죄자[명]","명","17517","17003","17004","17453","18163","17794","17545","18816","20460","20246",
"지능범죄","2범","범죄자[명]","명","13006","12180","12889","13202","13322","13415","12750","13334","14530","14294",
"지능범죄","3범","범죄자[명]","명","10693","10198","10581","10649","10995","10837","10247","10503","11502","11571",
"지능범죄","4범","범죄자[명]","명","8361","7975","8310","8565","8698","8563","8076","8221","9011","8633",
"지능범죄","5범","범죄자[명]","명","6915","6606","7158","7093","7458","7281","6646","6971","7629","7475",
"지능범죄","6범","범죄자[명]","명","5620","5459","5884","5983","6243","5945","5603","5583","5958","5943",
"지능범죄","7범","범죄자[명]","명","4648","4520","4873","4814","4944","4781","4419","4621","4975","5034",
"지능범죄","8범","범죄자[명]","명","4235","3851","4195","3946","4166","3983","3683","3732","3875","3983",
"지능범죄","9범이상","범죄자[명]","명","29162","29521","34977","34601","36744","35027","32542","34865","37396","38188",
"지능범죄","미상","범죄자[명]","명","","145004","161660","143135","144678","139723","128550","142992","144664","145347",
"직무유기","계","범죄자[명]","명","669","823","802","801","860","642","663","713","788","947",
"직무유기","없음","범죄자[명]","명","610","172","148","125","144","124","96","67","72","70",
"직무유기","전과있음","범죄자[명]","명","59","76","63","44","51","41","31","19","26","19",
"직무유기","1범","범죄자[명]","명","31","59","38","27","35","19","11","7","15","10",
"직무유기","2범","범죄자[명]","명","11","6","12","9","11","12","13","6","2","7",
"직무유기","3범","범죄자[명]","명","8","5","6","5","4","7","5","1","4","1",
"직무유기","4범","범죄자[명]","명","4","2","2","1","","2","1","2","-","-",
"직무유기","5범","범죄자[명]","명","4","","2","","","","-","-","2","-",
"직무유기","6범","범죄자[명]","명","1","1","2","","","","1","2","1","-",
"직무유기","7범","범죄자[명]","명","","1","","","","","-","-","1","-",
"직무유기","8범","범죄자[명]","명","","","","1","","","-","-","-","-",
"직무유기","9범이상","범죄자[명]","명","","2","1","1","1","1","-","1","1","1",
"직무유기","미상","범죄자[명]","명","","575","591","632","665","477","536","627","690","858",
"직권남용","계","범죄자[명]","명","357","409","523","595","587","577","679","811","974","1021",
"직권남용","없음","범죄자[명]","명","320","75","108","78","77","80","94","126","110","112",
"직권남용","전과있음","범죄자[명]","명","37","34","36","38","31","30","55","59","54","25",
"직권남용","1범","범죄자[명]","명","20","19","23","21","15","13","24","31","25","18",
"직권남용","2범","범죄자[명]","명","12","5","6","10","7","9","15","12","14","5",
"직권남용","3범","범죄자[명]","명","4","4","2","2","2","2","7","5","10","-",
"직권남용","4범","범죄자[명]","명","","2","4","2","1","3","3","4","1","-",
"직권남용","5범","범죄자[명]","명","","3","","1","","2","3","3","-","-",
"직권남용","6범","범죄자[명]","명","","","","","","","1","1","2","-",
"직권남용","7범","범죄자[명]","명","","1","1","1","1","1","2","1","-","-",
"직권남용","8범","범죄자[명]","명","","","","","","","-","-","-","-",
"직권남용","9범이상","범죄자[명]","명","1","","","1","5","","-","2","2","2",
"직권남용","미상","범죄자[명]","명","","300","379","479","479","467","530","626","810","884",
"증수뢰","계","범죄자[명]","명","1239","832","855","848","842","788","1128","1131","942","807",
"증수뢰","없음","범죄자[명]","명","662","276","275","277","290","242","353","393","301","215",
"증수뢰","전과있음","범죄자[명]","명","577","388","407","384","330","376","530","420","387","311",
"증수뢰","1범","범죄자[명]","명","196","124","142","140","124","105","160","113","119","98",
"증수뢰","2범","범죄자[명]","명","98","75","84","84","57","68","95","68","87","58",
"증수뢰","3범","범죄자[명]","명","79","47","47","34","43","42","78","53","44","37",
"증수뢰","4범","범죄자[명]","명","53","40","41","24","22","28","45","28","32","25",
"증수뢰","5범","범죄자[명]","명","37","26","26","18","15","29","30","25","22","16",
"증수뢰","6범","범죄자[명]","명","30","14","17","13","12","18","29","21","12","11",
"증수뢰","7범","범죄자[명]","명","19","16","12","16","8","11","15","13","15","7",
"증수뢰","8범","범죄자[명]","명","16","7","6","9","8","13","19","15","13","9",
"증수뢰","9범이상","범죄자[명]","명","49","39","32","46","41","62","59","84","43","50",
"증수뢰","미상","범죄자[명]","명","","168","173","187","222","170","245","318","254","281",
"통화","계","범죄자[명]","명","121","163","434","334","286","220","531","255","143","86",
"통화","없음","범죄자[명]","명","68","31","45","23","33","29","27","16","21","6",
"통화","전과있음","범죄자[명]","명","53","75","91","77","78","67","115","60","46","22",
"통화","1범","범죄자[명]","명","7","17","26","14","16","13","6","8","8","2",
"통화","2범","범죄자[명]","명","7","11","10","8","9","7","10","4","2","-",
"통화","3범","범죄자[명]","명","7","9","8","6","5","8","6","1","3","5",
"통화","4범","범죄자[명]","명","9","5","5","2","2","4","2","2","5","1",
"통화","5범","범죄자[명]","명","4","3","1","6","3","8","16","9","6","-",
"통화","6범","범죄자[명]","명","3","4","3","1","5","","19","18","2","1",
"통화","7범","범죄자[명]","명","3","4","8","3","","","3","3","4","4",
"통화","8범","범죄자[명]","명","1","6","3","3","5","","2","-","4","2",
"통화","9범이상","범죄자[명]","명","12","16","27","34","33","27","51","15","12","7",
"통화","미상","범죄자[명]","명","","57","298","234","175","124","389","179","76","58",
"문서·인장","계","범죄자[명]","명","22105","19479","20406","19460","19022","18024","15918","15576","16253","15465",
"문서·인장","없음","범죄자[명]","명","15909","5309","4809","4107","3918","3798","3254","2878","3192","2705",
"문서·인장","전과있음","범죄자[명]","명","6196","5664","6362","6343","6117","5767","4826","4393","4398","4257",
"문서·인장","1범","범죄자[명]","명","1615","1465","1560","1402","1372","1268","1049","972","999","915",
"문서·인장","2범","범죄자[명]","명","997","893","919","864","895","875","719","631","613","579",
"문서·인장","3범","범죄자[명]","명","785","680","730","689","685","621","531","483","490","468",
"문서·인장","4범","범죄자[명]","명","504","463","481","548","508","460","410","362","332","352",
"문서·인장","5범","범죄자[명]","명","391","389","465","465","386","412","334","334","285","257",
"문서·인장","6범","범죄자[명]","명","297","287","307","351","275","294","252","221","213","202",
"문서·인장","7범","범죄자[명]","명","242","221","275","276","264","260","199","182","173","187",
"문서·인장","8범","범죄자[명]","명","222","188","198","219","214","183","173","134","124","152",
"문서·인장","9범이상","범죄자[명]","명","1143","1078","1427","1529","1518","1394","1159","1074","1169","1145",
"문서·인장","미상","범죄자[명]","명","","8506","9235","9010","8987","8459","7838","8305","8663","8503",
"유가증권인지","계","범죄자[명]","명","1025","633","548","552","399","373","330","295","208","117",
"유가증권인지","없음","범죄자[명]","명","721","29","30","30","22","18","20","11","14","6",
"유가증권인지","전과있음","범죄자[명]","명","304","217","177","207","145","128","127","81","57","39",
"유가증권인지","1범","범죄자[명]","명","25","24","13","20","21","10","13","13","6","5",
"유가증권인지","2범","범죄자[명]","명","30","23","12","23","13","13","8","7","6","5",
"유가증권인지","3범","범죄자[명]","명","25","25","21","22","10","10","9","7","1","2",
"유가증권인지","4범","범죄자[명]","명","29","19","11","12","6","9","11","4","5","-",
"유가증권인지","5범","범죄자[명]","명","28","14","14","11","13","9","9","6","6","4",
"유가증권인지","6범","범죄자[명]","명","19","14","17","11","11","9","5","3","2","1",
"유가증권인지","7범","범죄자[명]","명","9","8","7","12","4","3","10","3","3","1",
"유가증권인지","8범","범죄자[명]","명","8","18","7","9","3","7","4","6","1","3",
"유가증권인지","9범이상","범죄자[명]","명","131","72","75","87","64","58","58","32","27","18",
"유가증권인지","미상","범죄자[명]","명","","387","341","315","232","227","183","203","137","72",
"사기","계","범죄자[명]","명","264634","220887","239309","222173","228205","223210","208482","229854","246160","245009",
"사기","없음","범죄자[명]","명","183249","25638","23773","24936","26513","27040","26359","30285","36536","35135",
"사기","전과있음","범죄자[명]","명","81385","78872","84893","85110","88763","86236","81458","87512","95849","96013",
"사기","1범","범죄자[명]","명","13012","12549","12006","12623","13174","12940","12744","14197","15806","15729",
"사기","2범","범죄자[명]","명","9995","9345","9642","9932","10039","10070","9535","10364","11617","11418",
"사기","3범","범죄자[명]","명","8397","7866","8102","8220","8493","8459","7934","8374","9304","9425",
"사기","4범","범죄자[명]","명","6656","6344","6459","6712","6782","6742","6397","6636","7438","7054",
"사기","5범","범죄자[명]","명","5596","5320","5669","5624","5953","5774","5321","5660","6325","6214",
"사기","6범","범죄자[명]","명","4616","4434","4786","4825","5062","4864","4561","4639","4994","4903",
"사기","7범","범죄자[명]","명","3899","3708","4014","3890","4044","3887","3621","3876","4194","4222",
"사기","8범","범죄자[명]","명","3537","3223","3500","3227","3401","3276","3039","3139","3252","3379",
"사기","9범이상","범죄자[명]","명","25677","26083","30715","30057","31815","30224","28306","30627","32919","33669",
"사기","미상","범죄자[명]","명","","116377","130643","112127","112929","109934","100665","112057","113775","113861",
"횡령","계","범죄자[명]","명","31389","29507","32723","31975","35945","35583","33580","35270","35163","35930",
"횡령","없음","범죄자[명]","명","21773","5348","6201","5799","6890","7419","7788","7730","7774","7933",
"횡령","전과있음","범죄자[명]","명","9616","10173","11776","11381","13263","13094","12384","12362","12834","13170",
"횡령","1범","범죄자[명]","명","2116","2249","2639","2452","2873","2945","3011","3024","3064","3075",
"횡령","2범","범죄자[명]","명","1524","1512","1823","1744","1969","1984","1988","1906","1896","1984",
"횡령","3범","범죄자[명]","명","1143","1297","1399","1332","1494","1446","1433","1375","1422","1431",
"횡령","4범","범죄자[명]","명","900","947","1111","1009","1219","1150","1035","1023","1071","1076",
"횡령","5범","범죄자[명]","명","680","732","833","796","951","917","808","809","870","880",
"횡령","6범","범죄자[명]","명","573","610","662","629","768","678","661","613","672","741",
"횡령","7범","범죄자[명]","명","411","476","497","515","555","550","484","472","530","555",
"횡령","8범","범죄자[명]","명","391","370","425","397","471","452","383","388","416","398",
"횡령","9범이상","범죄자[명]","명","1878","1980","2387","2507","2963","2972","2581","2752","2893","3030",
"횡령","미상","범죄자[명]","명","","13986","14746","14795","15792","15070","13408","15178","14555","14827",
"배임","계","범죄자[명]","명","7860","7510","8425","9361","8233","7608","7806","8209","8151","8324",
"배임","없음","범죄자[명]","명","5930","1048","1105","1283","1081","926","1065","970","762","810",
"배임","전과있음","범죄자[명]","명","1930","1814","2066","2722","1955","1887","1985","1740","1685","1511",
"배임","1범","범죄자[명]","명","495","497","557","754","533","481","527","451","418","394",
"배임","2범","범죄자[명]","명","332","310","381","528","322","377","367","336","293","238",
"배임","3범","범죄자[명]","명","245","265","266","339","259","242","244","204","224","202",
"배임","4범","범죄자[명]","명","206","153","196","255","158","165","172","160","127","125",
"배임","5범","범죄자[명]","명","175","119","148","172","137","130","125","125","113","104",
"배임","6범","범죄자[명]","명","81","95","90","153","110","82","74","65","60","84",
"배임","7범","범죄자[명]","명","65","85","59","101","68","69","85","71","55","58",
"배임","8범","범죄자[명]","명","60","39","56","81","64","52","63","50","65","40",
"배임","9범이상","범죄자[명]","명","271","251","313","339","304","289","328","278","330","266",
"배임","미상","범죄자[명]","명","","4648","5254","5356","5197","4795","4756","5499","5704","6003",
"풍속범죄","계","범죄자[명]","명","61383","50905","48014","41694","41083","45149","35781","32183","33779","34671",
"풍속범죄","없음","범죄자[명]","명","25370","14597","14938","11960","11710","14949","11135","10131","10670","12355",
"풍속범죄","전과있음","범죄자[명]","명","36013","32049","28840","25753","26152","27647","21860","19138","19843","18747",
"풍속범죄","1범","범죄자[명]","명","8626","7305","6762","5718","5749","6554","4817","4395","4502","4382",
"풍속범죄","2범","범죄자[명]","명","6384","5445","5069","4289","4389","4793","3650","2965","3176","3028",
"풍속범죄","3범","범죄자[명]","명","4823","4314","3667","3254","3265","3413","2717","2375","2503","2346",
"풍속범죄","4범","범죄자[명]","명","3578","3154","2729","2628","2483","2585","2136","1700","1803","1659",
"풍속범죄","5범","범죄자[명]","명","2726","2456","2154","2008","2052","2007","1585","1392","1532","1314",
"풍속범죄","6범","범죄자[명]","명","2070","1931","1670","1465","1548","1590","1233","1090","1109","992",
"풍속범죄","7범","범죄자[명]","명","1636","1488","1335","1140","1207","1213","948","886","884","817",
"풍속범죄","8범","범죄자[명]","명","1267","1186","1002","908","946","1011","758","674","702","657",
"풍속범죄","9범이상","범죄자[명]","명","4903","4770","4452","4343","4513","4481","4016","3661","3632","3552",
"풍속범죄","미상","범죄자[명]","명","","4259","4236","3981","3221","2553","2786","2914","3266","3569",
"성풍속범죄","계","범죄자[명]","명","15209","16321","18688","13945","11917","11207","12046","12713","12473","13546",
"성풍속범죄","없음","범죄자[명]","명","10732","7376","8949","6097","5383","5705","5803","6086","5840","6871",
"성풍속범죄","전과있음","범죄자[명]","명","4477","6297","6903","5265","5011","4665","4973","5143","4970","4814",
"성풍속범죄","1범","범죄자[명]","명","1722","2100","2368","1817","1593","1452","1554","1701","1545","1532",
"성풍속범죄","2범","범죄자[명]","명","855","1193","1310","955","875","854","854","845","863","835",
"성풍속범죄","3범","범죄자[명]","명","520","808","754","556","554","531","537","587","547","541",
"성풍속범죄","4범","범죄자[명]","명","336","535","531","406","386","349","398","374","358","374",
"성풍속범죄","5범","범죄자[명]","명","251","386","403","283","278","274","297","297","303","251",
"성풍속범죄","6범","범죄자[명]","명","176","288","288","211","218","260","234","241","201","210",
"성풍속범죄","7범","범죄자[명]","명","138","206","219","164","210","132","172","183","185","157",
"성풍속범죄","8범","범죄자[명]","명","98","198","184","114","152","132","126","124","131","130",
"성풍속범죄","9범이상","범죄자[명]","명","381","583","846","759","745","681","801","791","837","784",
"성풍속범죄","미상","범죄자[명]","명","","2648","2836","2583","1523","837","1270","1484","1663","1861",
"도박범죄","계","범죄자[명]","명","46174","34584","29326","27749","29166","33942","23735","19470","21306","21125",
"도박범죄","없음","범죄자[명]","명","14638","7221","5989","5863","6327","9244","5332","4045","4830","5484",
"도박범죄","전과있음","범죄자[명]","명","31536","25752","21937","20488","21141","22982","16887","13995","14873","13933",
"도박범죄","1범","범죄자[명]","명","6904","5205","4394","3901","4156","5102","3263","2694","2957","2850",
"도박범죄","2범","범죄자[명]","명","5529","4252","3759","3334","3514","3939","2796","2120","2313","2193",
"도박범죄","3범","범죄자[명]","명","4303","3506","2913","2698","2711","2882","2180","1788","1956","1805",
"도박범죄","4범","범죄자[명]","명","3242","2619","2198","2222","2097","2236","1738","1326","1445","1285",
"도박범죄","5범","범죄자[명]","명","2475","2070","1751","1725","1774","1733","1288","1095","1229","1063",
"도박범죄","6범","범죄자[명]","명","1894","1643","1382","1254","1330","1330","999","849","908","782",
"도박범죄","7범","범죄자[명]","명","1498","1282","1116","976","997","1081","776","703","699","660",
"도박범죄","8범","범죄자[명]","명","1169","988","818","794","794","879","632","550","571","527",
"도박범죄","9범이상","범죄자[명]","명","4522","4187","3606","3584","3768","3800","3215","2870","2795","2768",
"도박범죄","미상","범죄자[명]","명","","1611","1400","1398","1698","1716","1516","1430","1603","1708",
"특별경제범죄","계","범죄자[명]","명","91622","93427","83308","87648","90356","77669","72452","75348","79175","67904",
"특별경제범죄","없음","범죄자[명]","명","52857","21638","16371","18490","20815","16644","15852","17313","19662","15690",
"특별경제범죄","전과있음","범죄자[명]","명","38765","43368","38015","41371","40897","37970","36292","36435","38246","32045",
"특별경제범죄","1범","범죄자[명]","명","9173","9778","7649","8481","8415","7369","7187","7521","8464","6530",
"특별경제범죄","2범","범죄자[명]","명","6147","6739","5711","6044","5899","5284","5150","5127","5436","4440",
"특별경제범죄","3범","범죄자[명]","명","4735","5151","4360","4524","4265","3952","3919","3888","4259","3375",
"특별경제범죄","4범","범죄자[명]","명","3555","3846","3282","3486","3311","3101","2941","3071","3028","2657",
"특별경제범죄","5범","범죄자[명]","명","2706","3020","2606","2812","2745","2511","2398","2408","2560","2032",
"특별경제범죄","6범","범죄자[명]","명","2005","2301","2109","2238","2167","2020","2025","1986","1896","1625",
"특별경제범죄","7범","범죄자[명]","명","1623","1771","1653","1750","1788","1597","1522","1588","1611","1292",
"특별경제범죄","8범","범죄자[명]","명","1371","1470","1337","1414","1509","1284","1247","1235","1208","1031",
"특별경제범죄","9범이상","범죄자[명]","명","7450","9292","9308","10622","10798","10852","9903","9611","9784","9063",
"특별경제범죄","미상","범죄자[명]","명","","28421","28922","27787","28644","23055","20308","21600","21267","20169",
"마약범죄","계","범죄자[명]","명","5409","4731","5049","5264","6913","8443","8512","7677","9875","11630",
"마약범죄","없음","범죄자[명]","명","1950","972","1167","1349","1784","2270","2240","2241","3227","4445",
"마약범죄","전과있음","범죄자[명]","명","3459","3370","3490","3437","4440","5275","5428","4656","5716","6160",
"마약범죄","1범","범죄자[명]","명","330","311","379","387","589","774","770","674","988","1171",
"마약범죄","2범","범죄자[명]","명","212","235","245","282","329","404","436","428","609","744",
"마약범죄","3범","범죄자[명]","명","180","167","190","211","299","314","387","365","453","463",
"마약범죄","4범","범죄자[명]","명","177","164","176","184","225","285","312","259","334","374",
"마약범죄","5범","범죄자[명]","명","164","165","159","156","198","249","255","233","279","319",
"마약범죄","6범","범죄자[명]","명","152","147","154","135","169","216","272","193","230","246",
"마약범죄","7범","범죄자[명]","명","160","107","150","131","166","213","193","160","204","214",
"마약범죄","8범","범죄자[명]","명","164","140","124","132","180","191","201","187","185","195",
"마약범죄","9범이상","범죄자[명]","명","1920","1934","1913","1819","2285","2629","2602","2157","2434","2434",
"마약범죄","미상","범죄자[명]","명","","389","392","478","689","898","844","780","932","1025",
"보건범죄","계","범죄자[명]","명","20445","19531","23046","22085","20721","21649","19130","16965","18024","21810",
"보건범죄","없음","범죄자[명]","명","10332","7258","7887","7829","7001","7809","6903","6500","6758","8202",
"보건범죄","전과있음","범죄자[명]","명","10113","10154","12796","11776","10851","11052","9244","7577","8399","9854",
"보건범죄","1범","범죄자[명]","명","3268","3285","3900","3360","3343","3406","2890","2302","2455","3022",
"보건범죄","2범","범죄자[명]","명","1957","2074","2498","2288","2058","2220","1850","1495","1596","1813",
"보건범죄","3범","범죄자[명]","명","1320","1381","1706","1657","1381","1481","1176","966","1072","1267",
"보건범죄","4범","범죄자[명]","명","880","861","1176","1135","1001","969","760","616","676","812",
"보건범죄","5범","범죄자[명]","명","641","603","817","757","698","673","556","452","554","605",
"보건범죄","6범","범죄자[명]","명","482","484","617","552","508","454","429","363","385","432",
"보건범죄","7범","범죄자[명]","명","343","309","463","435","378","351","292","280","287","338",
"보건범죄","8범","범죄자[명]","명","242","251","348","324","295","251","209","183","219","265",
"보건범죄","9범이상","범죄자[명]","명","980","906","1271","1268","1189","1247","1082","920","1155","1300",
"보건범죄","미상","범죄자[명]","명","","2119","2363","2480","2869","2788","2983","2888","2867","3754",
"환경범죄","계","범죄자[명]","명","3113","3247","3588","3136","3176","3802","4378","4066","5088","4329",
"환경범죄","없음","범죄자[명]","명","1065","714","764","702","638","822","888","747","955","719",
"환경범죄","전과있음","범죄자[명]","명","2048","2087","2412","2039","2127","2525","2913","2685","3377","2944",
"환경범죄","1범","범죄자[명]","명","477","462","516","452","439","556","573","508","534","422",
"환경범죄","2범","범죄자[명]","명","340","362","444","377","349","367","448","409","496","416",
"환경범죄","3범","범죄자[명]","명","246","266","302","223","269","307","332","323","426","317",
"환경범죄","4범","범죄자[명]","명","207","168","232","169","215","219","270","231","305","296",
"환경범죄","5범","범죄자[명]","명","143","161","185","150","168","206","226","200","253","204",
"환경범죄","6범","범죄자[명]","명","107","127","142","133","119","169","149","147","220","170",
"환경범죄","7범","범죄자[명]","명","91","96","92","85","62","98","127","125","143","130",
"환경범죄","8범","범죄자[명]","명","75","78","89","70","79","77","122","106","136","121",
"환경범죄","9범이상","범죄자[명]","명","362","367","410","380","427","526","666","636","864","868",
"환경범죄","미상","범죄자[명]","명","","446","412","395","411","455","577","634","756","666",
"교통범죄","계","범죄자[명]","명","524350","512076","536756","533126","549374","555352","484552","413147","383717","356446",
"교통범죄","없음","범죄자[명]","명","263154","143579","144153","139321","135060","129526","116138","97557","87467","78667",
"교통범죄","전과있음","범죄자[명]","명","261196","252207","269280","257373","256453","260429","224631","180884","153183","143557",
"교통범죄","1범","범죄자[명]","명","74162","72948","76308","72588","70354","69073","60565","48734","41134","37206",
"교통범죄","2범","범죄자[명]","명","49783","47217","51006","48492","47339","46899","40975","32584","27037","24515",
"교통범죄","3범","범죄자[명]","명","34949","33255","34915","32883","32373","32859","28334","22560","18981","17964",
"교통범죄","4범","범죄자[명]","명","24351","23337","24777","23495","23907","24147","20356","16476","13768","12928",
"교통범죄","5범","범죄자[명]","명","17657","16829","18344","17345","17454","18368","15237","12151","10313","9687",
"교통범죄","6범","범죄자[명]","명","12978","12588","13546","12970","13086","13925","11733","9150","7785","7363",
"교통범죄","7범","범죄자[명]","명","9658","9420","10270","9579","10028","10300","8731","7338","6267","6032",
"교통범죄","8범","범죄자[명]","명","7558","7284","7724","7376","7543","7971","6789","5439","4574","4409",
"교통범죄","9범이상","범죄자[명]","명","30100","29329","32390","32645","34369","36887","31911","26452","23324","23453",
"교통범죄","미상","범죄자[명]","명","","116290","123323","136432","157861","165397","143783","134706","143067","134222",
"노동범죄","계","범죄자[명]","명","2641","2378","2309","2131","2395","5860","4964","2073","865","613",
"노동범죄","없음","범죄자[명]","명","1004","714","732","653","881","3021","2485","839","170","134",
"노동범죄","전과있음","범죄자[명]","명","1637","1460","1363","1207","1290","2439","2008","1000","525","347",
"노동범죄","1범","범죄자[명]","명","388","350","308","264","277","746","626","260","95","73",
"노동범죄","2범","범죄자[명]","명","303","218","252","186","223","420","337","187","74","46",
"노동범죄","3범","범죄자[명]","명","215","185","168","169","175","313","271","136","54","33",
"노동범죄","4범","범죄자[명]","명","156","150","117","139","119","232","199","90","55","27",
"노동범죄","5범","범죄자[명]","명","129","111","115","90","85","154","143","65","36","28",
"노동범죄","6범","범죄자[명]","명","92","79","88","74","55","124","85","55","31","19",
"노동범죄","7범","범죄자[명]","명","70","76","41","43","55","85","62","31","23","23",
"노동범죄","8범","범죄자[명]","명","58","58","41","59","54","73","54","35","19","7",
"노동범죄","9범이상","범죄자[명]","명","226","233","233","183","247","292","231","141","138","91",
"노동범죄","미상","범죄자[명]","명","","204","214","271","224","400","471","234","170","132",
"안보범죄","계","범죄자[명]","명","160","126","152","90","174","151","251","187","545","678",
"안보범죄","없음","범죄자[명]","명","79","30","34","19","51","28","48","40","155","228",
"안보범죄","전과있음","범죄자[명]","명","81","82","92","45","93","50","163","96","305","373",
"안보범죄","1범","범죄자[명]","명","19","23","23","5","19","20","45","23","88","97",
"안보범죄","2범","범죄자[명]","명","15","19","20","9","10","1","33","14","61","52",
"안보범죄","3범","범죄자[명]","명","14","15","14","7","13","5","14","19","37","50",
"안보범죄","4범","범죄자[명]","명","6","10","11","2","12","6","16","10","32","45",
"안보범죄","5범","범죄자[명]","명","5","5","6","3","6","4","17","7","15","27",
"안보범죄","6범","범죄자[명]","명","3","3","2","7","10","3","5","3","12","22",
"안보범죄","7범","범죄자[명]","명","4","1","2","2","5","","4","4","13","13",
"안보범죄","8범","범죄자[명]","명","1","","2","2","2","1","2","7","9","14",
"안보범죄","9범이상","범죄자[명]","명","14","6","12","8","16","10","27","9","38","53",
"안보범죄","미상","범죄자[명]","명","","14","26","26","30","73","40","51","85","77",
"선거범죄","계","범죄자[명]","명","400","1855","409","2800","1121","1525","787","3280","1180","1545",
"선거범죄","없음","범죄자[명]","명","221","590","141","777","317","424","271","983","367","354",
"선거범죄","전과있음","범죄자[명]","명","179","862","185","1276","604","657","375","1289","478","606",
"선거범죄","1범","범죄자[명]","명","55","235","60","337","199","168","83","394","135","173",
"선거범죄","2범","범죄자[명]","명","34","188","30","248","132","127","84","247","87","127",
"선거범죄","3범","범죄자[명]","명","28","150","21","194","82","88","46","154","72","70",
"선거범죄","4범","범죄자[명]","명","17","68","17","118","65","72","36","112","53","53",
"선거범죄","5범","범죄자[명]","명","12","57","5","91","39","44","33","82","34","27",
"선거범죄","6범","범죄자[명]","명","7","34","19","66","23","32","12","60","21","20",
"선거범죄","7범","범죄자[명]","명","8","27","8","46","12","19","12","42","19","28",
"선거범죄","8범","범죄자[명]","명","5","24","9","29","15","17","9","34","13","21",
"선거범죄","9범이상","범죄자[명]","명","13","79","16","147","37","90","60","164","44","87",
"선거범죄","미상","범죄자[명]","명","","403","83","747","200","444","141","1008","335","585",
"병역범죄","계","범죄자[명]","명","22752","18359","23200","18523","18241","15659","14574","13254","11809","3164",
"병역범죄","없음","범죄자[명]","명","13684","7120","9090","6678","6283","5799","6048","5491","4952","908",
"병역범죄","전과있음","범죄자[명]","명","9068","10086","12385","11063","11213","9217","7957","7155","6304","1977",
"병역범죄","1범","범죄자[명]","명","2697","3104","3719","3209","3052","2627","2374","2159","1848","453",
"병역범죄","2범","범죄자[명]","명","1782","1969","2409","2143","2127","1747","1477","1390","1199","389",
"병역범죄","3범","범죄자[명]","명","1304","1380","1676","1450","1535","1197","1050","956","778","264",
"병역범죄","4범","범죄자[명]","명","875","1016","1115","1110","1069","868","765","612","583","214",
"병역범죄","5범","범죄자[명]","명","628","657","838","762","782","686","546","485","432","146",
"병역범죄","6범","범죄자[명]","명","456","483","664","578","588","491","401","322","345","118",
"병역범죄","7범","범죄자[명]","명","297","335","464","427","483","359","288","268","237","74",
"병역범죄","8범","범죄자[명]","명","231","276","373","320","317","244","244","176","180","68",
"병역범죄","9범이상","범죄자[명]","명","798","866","1127","1064","1260","998","812","787","702","251",
"병역범죄","미상","범죄자[명]","명","","1153","1725","782","745","643","569","608","553","279",
"기타범죄","계","범죄자[명]","명","224781","208432","213524","230854","241747","310870","272830","247023","256000","244539",
"기타범죄","없음","범죄자[명]","명","110780","57594","56907","61140","63178","84720","71141","61224","63872","59401",
"기타범죄","전과있음","범죄자[명]","명","114001","108786","111118","119072","120894","156337","134676","114724","116287","109327",
"기타범죄","1범","범죄자[명]","명","29517","26614","26464","28304","28618","37273","31646","26607","27000","25150",
"기타범죄","2범","범죄자[명]","명","19492","18223","18523","19879","19997","25565","21957","18505","18594","16945",
"기타범죄","3범","범죄자[명]","명","14577","13608","13406","14417","14553","18322","16168","13542","13524","12702",
"기타범죄","4범","범죄자[명]","명","10265","9922","10033","10490","10606","13676","12125","9875","10049","9314",
"기타범죄","5범","범죄자[명]","명","7758","7563","7646","8002","8336","10781","9127","7842","7950","7332",
"기타범죄","6범","범죄자[명]","명","5940","5665","5876","6310","6403","8402","7337","6105","6031","5671",
"기타범죄","7범","범죄자[명]","명","4532","4589","4587","4815","4814","6585","5525","4886","4841","4587",
"기타범죄","8범","범죄자[명]","명","3841","3569","3736","4011","4037","5191","4344","3710","3801","3640",
"기타범죄","9범이상","범죄자[명]","명","18079","19033","20847","22844","23530","30542","26447","23652","24497","23986",
"기타범죄","미상","범죄자[명]","명","","42052","45499","50642","57675","69813","67013","71075","75841","75811",
