"죄종별","교육정도별","항목","단위","2011 년","2012 년","2013 년","2014 년","2015 년","2016 년","2017 년","2018 년","2019 년","2020 년",
"계","계","범죄자[명]","명","1815233","1723815","1741302","1712435","1771390","1847605","1685461","1581922","1585638","1494421",
"계","불취학","범죄자[명]","명","8083","8641","9106","9120","9800","10320","9376","8925","9211","8325",
"계","재중","범죄자[명]","명","194","185","46","112","118","123","135","122","89","127",
"계","중퇴","범죄자[명]","명","10411","10940","11386","11448","12507","13177","12324","11742","12212","11168",
"계","졸업","범죄자[명]","명","55766","57082","58836","57543","60419","61082","55328","50343","50169","45983",
"계","재중","범죄자[명]","명","19173","24597","17159","14619","13710","12635","12822","12731","13318","13946",
"계","중퇴","범죄자[명]","명","25608","27043","26942","24531","24732","24353","21415","19196","18983","16556",
"계","졸업","범죄자[명]","명","84657","85140","90935","90372","93220","96395","87256","82091","81559","73969",
"계","재중","범죄자[명]","명","35941","46789","34758","30206","31706","31851","30690","24571","23559","25269",
"계","중퇴","범죄자[명]","명","49023","48179","47460","43879","46511","46938","42488","40518","41361","37056",
"계","졸업","범죄자[명]","명","578850","532009","517431","506448","507205","538435","485201","435141","432926","401429",
"계","재중","범죄자[명]","명","6082","5613","4804","4350","4232","4146","3633","4103","4115","3676",
"계","중퇴","범죄자[명]","명","5850","5885","6520","6295","6482","6796","6117","6569","6736","6175",
"계","졸업","범죄자[명]","명","54073","56944","64842","63887","65277","70288","65214","62092","61476","54972",
"계","재중","범죄자[명]","명","29591","32504","29649","28394","29609","29281","26361","22829","22019","21184",
"계","중퇴","범죄자[명]","명","20776","23339","27635","28241","30752","35188","33610","32013","32599","30153",
"계","졸업","범죄자[명]","명","142532","150959","168540","167032","171713","189290","173552","159788","155033","143996",
"계","대학원","범죄자[명]","명","23719","","","","","","","","","",
"계","재중","범죄자[명]","명","","4399","4322","4121","4511","4653","4151","2841","2781","2774",
"계","중퇴","범죄자[명]","명","","1923","2049","2083","2275","2565","2458","1494","1769","1636",
"계","졸업","범죄자[명]","명","","18665","19676","20130","20903","22777","22078","18324","18985","18018",
"계","기타","범죄자[명]","명","63918","44582","27610","27291","25013","22971","18364","14724","15128","15988",
"계","미상","범죄자[명]","명","600986","538397","571596","572333","610695","624341","572888","571765","581610","562021",
"강력범죄","계","범죄자[명]","명","25346","23789","25351","25065","25821","27071","28927","28302","28943","26971",
"강력범죄","불취학","범죄자[명]","명","152","170","221","184","234","214","178","187","172","166",
"강력범죄","재중","범죄자[명]","명","10","12","3","2","4","5","4","4","2","4",
"강력범죄","중퇴","범죄자[명]","명","295","306","339","368","386","352","347","352","325","280",
"강력범죄","졸업","범죄자[명]","명","968","998","1164","1169","1146","1116","1194","1021","972","885",
"강력범죄","재중","범죄자[명]","명","483","620","545","480","441","463","413","444","454","419",
"강력범죄","중퇴","범죄자[명]","명","838","727","764","638","595","572","566","513","449","385",
"강력범죄","졸업","범죄자[명]","명","1518","1373","1583","1570","1546","1495","1523","1492","1434","1317",
"강력범죄","재중","범죄자[명]","명","1329","1549","1255","1123","944","1090","1040","921","921","768",
"강력범죄","중퇴","범죄자[명]","명","1529","1316","1285","1122","1122","1053","1001","945","1009","802",
"강력범죄","졸업","범죄자[명]","명","6723","6149","6781","6977","7005","7271","7555","7121","7305","6922",
"강력범죄","재중","범죄자[명]","명","171","147","183","174","166","133","134","179","175","145",
"강력범죄","중퇴","범죄자[명]","명","172","148","182","180","183","193","206","178","201","174",
"강력범죄","졸업","범죄자[명]","명","790","807","1001","1077","1143","1208","1339","1339","1369","1249",
"강력범죄","재중","범죄자[명]","명","735","922","971","1051","1066","1076","1193","1179","1139","962",
"강력범죄","중퇴","범죄자[명]","명","378","438","574","576","634","658","764","750","829","756",
"강력범죄","졸업","범죄자[명]","명","2005","2022","2609","2890","3162","3507","3899","3686","3785","3561",
"강력범죄","대학원","범죄자[명]","명","484","","","","","","","","","",
"강력범죄","재중","범죄자[명]","명","","125","166","150","180","203","168","146","137","140",
"강력범죄","중퇴","범죄자[명]","명","","38","46","56","67","61","73","49","48","37",
"강력범죄","졸업","범죄자[명]","명","","298","390","476","593","614","687","611","648","539",
"강력범죄","기타","범죄자[명]","명","880","514","381","356","368","423","453","279","277","235",
"강력범죄","미상","범죄자[명]","명","5886","5110","4908","4446","4836","5364","6190","6906","7292","7225",
"살인기수","계","범죄자[명]","명","449","446","377","447","389","379","344","350","345","341",
"살인기수","불취학","범죄자[명]","명","4","5","9","6","6","8","7","7","5","6",
"살인기수","재중","범죄자[명]","명","","","","","","","-","-","-","-",
"살인기수","중퇴","범죄자[명]","명","7","14","11","12","8","4","7","5","3","8",
"살인기수","졸업","범죄자[명]","명","37","36","36","32","34","25","26","19","18","17",
"살인기수","재중","범죄자[명]","명","1","1","","2","","1","-","-","1","-",
"살인기수","중퇴","범죄자[명]","명","19","12","11","15","12","12","18","16","11","17",
"살인기수","졸업","범죄자[명]","명","38","33","27","29","32","36","30","28","26","28",
"살인기수","재중","범죄자[명]","명","5","5","2","5","5","","8","2","3","1",
"살인기수","중퇴","범죄자[명]","명","21","32","17","19","28","18","18","14","20","19",
"살인기수","졸업","범죄자[명]","명","134","143","110","127","111","124","86","92","94","77",
"살인기수","재중","범죄자[명]","명","1","2","","","2","","1","1","3","1",
"살인기수","중퇴","범죄자[명]","명","4","4","5","1","2","3","2","5","4","3",
"살인기수","졸업","범죄자[명]","명","15","13","15","20","11","16","11","14","6","13",
"살인기수","재중","범죄자[명]","명","5","7","5","4","3","1","4","-","3","5",
"살인기수","중퇴","범죄자[명]","명","7","6","7","11","7","9","6","13","9","5",
"살인기수","졸업","범죄자[명]","명","17","24","23","27","16","30","24","29","27","29",
"살인기수","대학원","범죄자[명]","명","8","","","","","","","","","",
"살인기수","재중","범죄자[명]","명","","","1","2","1","","-","1","-","1",
"살인기수","중퇴","범죄자[명]","명","","","1","","","","1","-","-","-",
"살인기수","졸업","범죄자[명]","명","","4","4","2","4","1","4","5","1","6",
"살인기수","기타","범죄자[명]","명","18","12","5","1","4","3","4","8","2","3",
"살인기수","미상","범죄자[명]","명","108","93","88","132","103","88","87","91","109","102",
"살인미수등","계","범죄자[명]","명","836","610","620","575","586","616","561","516","525","454",
"살인미수등","불취학","범죄자[명]","명","13","9","15","10","8","10","7","9","10","13",
"살인미수등","재중","범죄자[명]","명","","","","","","","-","-","-","-",
"살인미수등","중퇴","범죄자[명]","명","23","19","27","23","27","15","22","16","13","10",
"살인미수등","졸업","범죄자[명]","명","64","38","55","48","59","57","48","38","53","30",
"살인미수등","재중","범죄자[명]","명","","","5","","3","1","1","-","3","2",
"살인미수등","중퇴","범죄자[명]","명","39","35","29","32","25","33","24","15","20","17",
"살인미수등","졸업","범죄자[명]","명","80","74","87","76","62","79","62","59","59","46",
"살인미수등","재중","범죄자[명]","명","3","6","10","3","4","6","2","2","3","2",
"살인미수등","중퇴","범죄자[명]","명","45","52","32","30","35","46","41","24","25","26",
"살인미수등","졸업","범죄자[명]","명","289","203","177","171","195","192","186","181","159","136",
"살인미수등","재중","범죄자[명]","명","","1","1","","2","1","2","-","1","1",
"살인미수등","중퇴","범죄자[명]","명","7","3","7","2","2","4","3","4","7","4",
"살인미수등","졸업","범죄자[명]","명","23","13","24","18","22","14","15","9","11","10",
"살인미수등","재중","범죄자[명]","명","10","2","8","7","7","5","7","10","1","9",
"살인미수등","중퇴","범죄자[명]","명","15","16","10","13","12","11","11","12","13","9",
"살인미수등","졸업","범죄자[명]","명","34","37","29","29","30","33","27","33","35","28",
"살인미수등","대학원","범죄자[명]","명","14","","","","","","","","","",
"살인미수등","재중","범죄자[명]","명","","","1","","1","1","-","2","1","-",
"살인미수등","중퇴","범죄자[명]","명","","","1","","2","1","2","2","-","-",
"살인미수등","졸업","범죄자[명]","명","","1","","3","1","2","4","2","3","3",
"살인미수등","기타","범죄자[명]","명","53","18","13","15","6","16","12","9","4","4",
"살인미수등","미상","범죄자[명]","명","124","83","89","95","83","89","85","89","104","104",
"강도","계","범죄자[명]","명","4890","3322","2593","2078","1999","1716","1456","1165","1336","1202",
"강도","불취학","범죄자[명]","명","22","11","10","16","13","9","4","6","6","12",
"강도","재중","범죄자[명]","명","3","","","","1","","-","1","2","-",
"강도","중퇴","범죄자[명]","명","45","37","16","26","22","14","20","19","14","8",
"강도","졸업","범죄자[명]","명","138","108","81","60","62","59","43","34","41","27",
"강도","재중","범죄자[명]","명","125","88","99","50","35","41","18","39","69","85",
"강도","중퇴","범죄자[명]","명","329","229","221","137","125","85","68","41","56","28",
"강도","졸업","범죄자[명]","명","397","244","221","159","201","146","105","98","82","75",
"강도","재중","범죄자[명]","명","367","347","154","144","121","110","84","53","107","128",
"강도","중퇴","범죄자[명]","명","621","438","315","230","250","180","152","136","176","126",
"강도","졸업","범죄자[명]","명","1474","957","744","692","643","568","505","390","452","387",
"강도","재중","범죄자[명]","명","38","21","15","18","10","7","2","10","8","6",
"강도","중퇴","범죄자[명]","명","43","22","24","23","25","23","8","14","19","11",
"강도","졸업","범죄자[명]","명","87","61","66","67","53","58","34","36","22","23",
"강도","재중","범죄자[명]","명","91","75","67","37","39","36","24","18","18","17",
"강도","중퇴","범죄자[명]","명","78","64","58","56","61","45","50","40","25","22",
"강도","졸업","범죄자[명]","명","171","106","103","81","75","72","91","60","52","37",
"강도","대학원","범죄자[명]","명","51","","","","","","","","","",
"강도","재중","범죄자[명]","명","","16","8","3","9","5","3","-","4","1",
"강도","중퇴","범죄자[명]","명","","5","4","5","6","7","3","2","1","-",
"강도","졸업","범죄자[명]","명","","9","11","4","14","6","8","-","3","6",
"강도","기타","범죄자[명]","명","204","107","42","18","19","23","41","5","14","9",
"강도","미상","범죄자[명]","명","606","377","334","252","215","222","193","163","165","194",
"강간·강제추행","계","범죄자[명]","명","17652","18012","","","","","","","","",
"강간·강제추행","불취학","범죄자[명]","명","89","128","","","","","","","","",
"강간·강제추행","재중","범죄자[명]","명","4","8","","","","","","","","",
"강간·강제추행","중퇴","범죄자[명]","명","181","196","","","","","","","","",
"강간·강제추행","졸업","범죄자[명]","명","619","703","","","","","","","","",
"강간·강제추행","재중","범죄자[명]","명","300","441","","","","","","","","",
"강간·강제추행","중퇴","범죄자[명]","명","373","406","","","","","","","","",
"강간·강제추행","졸업","범죄자[명]","명","862","915","","","","","","","","",
"강간·강제추행","재중","범죄자[명]","명","890","1118","","","","","","","","",
"강간·강제추행","중퇴","범죄자[명]","명","752","720","","","","","","","","",
"강간·강제추행","졸업","범죄자[명]","명","4352","4362","","","","","","","","",
"강간·강제추행","재중","범죄자[명]","명","128","118","","","","","","","","",
"강간·강제추행","중퇴","범죄자[명]","명","114","111","","","","","","","","",
"강간·강제추행","졸업","범죄자[명]","명","631","687","","","","","","","","",
"강간·강제추행","재중","범죄자[명]","명","610","815","","","","","","","","",
"강간·강제추행","중퇴","범죄자[명]","명","261","331","","","","","","","","",
"강간·강제추행","졸업","범죄자[명]","명","1716","1798","","","","","","","","",
"강간·강제추행","대학원","범죄자[명]","명","400","","","","","","","","","",
"강간·강제추행","재중","범죄자[명]","명","","109","","","","","","","","",
"강간·강제추행","중퇴","범죄자[명]","명","","31","","","","","","","","",
"강간·강제추행","졸업","범죄자[명]","명","","280","","","","","","","","",
"강간·강제추행","기타","범죄자[명]","명","539","335","","","","","","","","",
"강간·강제추행","미상","범죄자[명]","명","4831","4400","","","","","","","","",
"강간","계","범죄자[명]","명","","","5856","5517","5621","5829","5943","5947","6138","6113",
"강간","불취학","범죄자[명]","명","","","45","24","32","25","21","26","16","14",
"강간","재중","범죄자[명]","명","","","","2","2","2","-","1","-","-",
"강간","중퇴","범죄자[명]","명","","","55","56","62","45","39","32","45","35",
"강간","졸업","범죄자[명]","명","","","181","166","123","147","145","106","119","96",
"강간","재중","범죄자[명]","명","","","111","119","99","106","89","92","87","69",
"강간","중퇴","범죄자[명]","명","","","161","133","112","114","104","89","60","77",
"강간","졸업","범죄자[명]","명","","","264","268","262","244","247","212","225","227",
"강간","재중","범죄자[명]","명","","","378","332","312","316","310","292","237","191",
"강간","중퇴","범죄자[명]","명","","","326","317","262","279","261","241","227","204",
"강간","졸업","범죄자[명]","명","","","1408","1333","1348","1358","1331","1285","1301","1357",
"강간","재중","범죄자[명]","명","","","65","54","47","40","43","55","53","47",
"강간","중퇴","범죄자[명]","명","","","44","49","40","35","58","42","45","30",
"강간","졸업","범죄자[명]","명","","","210","232","215","222","217","232","229","231",
"강간","재중","범죄자[명]","명","","","295","288","273","253","283","237","275","252",
"강간","중퇴","범죄자[명]","명","","","129","135","149","170","167","161","178","172",
"강간","졸업","범죄자[명]","명","","","461","432","482","504","511","499","540","616",
"강간","재중","범죄자[명]","명","","","38","32","41","47","30","19","28","26",
"강간","중퇴","범죄자[명]","명","","","8","10","16","15","12","7","11","9",
"강간","졸업","범죄자[명]","명","","","68","66","68","66","74","65","86","69",
"강간","기타","범죄자[명]","명","","","62","61","62","48","85","33","57","34",
"강간","미상","범죄자[명]","명","","","1547","1408","1614","1793","1916","2221","2319","2357",
"유사강간","계","범죄자[명]","명","","","136","389","535","598","694","848","895","934",
"유사강간","불취학","범죄자[명]","명","","","","1","4","3","5","6","2","3",
"유사강간","재중","범죄자[명]","명","","","","","","","-","-","-","-",
"유사강간","중퇴","범죄자[명]","명","","","4","5","8","7","6","10","5","10",
"유사강간","졸업","범죄자[명]","명","","","3","21","11","28","21","19","17","22",
"유사강간","재중","범죄자[명]","명","","","8","17","20","27","33","20","23","18",
"유사강간","중퇴","범죄자[명]","명","","","3","15","11","8","16","14","13","6",
"유사강간","졸업","범죄자[명]","명","","","14","17","31","19","40","40","39","44",
"유사강간","재중","범죄자[명]","명","","","7","39","41","37","55","61","60","38",
"유사강간","중퇴","범죄자[명]","명","","","6","16","28","14","31","38","28","28",
"유사강간","졸업","범죄자[명]","명","","","39","89","128","162","166","200","198","242",
"유사강간","재중","범죄자[명]","명","","","2","7","6","8","5","8","13","4",
"유사강간","중퇴","범죄자[명]","명","","","1","","4","3","5","4","10","8",
"유사강간","졸업","범죄자[명]","명","","","7","22","22","21","27","36","50","29",
"유사강간","재중","범죄자[명]","명","","","9","24","28","36","52","55","64","62",
"유사강간","중퇴","범죄자[명]","명","","","1","10","5","11","20","26","36","34",
"유사강간","졸업","범죄자[명]","명","","","14","29","55","65","56","95","86","104",
"유사강간","재중","범죄자[명]","명","","","","2","6","7","1","11","7","9",
"유사강간","중퇴","범죄자[명]","명","","","","1","","","3","1","1","1",
"유사강간","졸업","범죄자[명]","명","","","5","6","4","10","7","13","6","9",
"유사강간","기타","범죄자[명]","명","","","","4","7","10","9","3","8","9",
"유사강간","미상","범죄자[명]","명","","","13","64","116","122","136","188","229","254",
"강제추행","계","범죄자[명]","명","","","12496","13400","14488","16016","18272","17631","17892","16382",
"강제추행","불취학","범죄자[명]","명","","","108","88","132","125","113","114","115","95",
"강제추행","재중","범죄자[명]","명","","","2","","1","2","4","2","-","3",
"강제추행","중퇴","범죄자[명]","명","","","147","186","202","216","214","221","205","174",
"강제추행","졸업","범죄자[명]","명","","","585","673","689","676","778","667","629","594",
"강제추행","재중","범죄자[명]","명","","","200","202","218","228","225","234","210","197",
"강제추행","중퇴","범죄자[명]","명","","","228","208","233","251","299","279","231","211",
"강제추행","졸업","범죄자[명]","명","","","710","794","777","795","899","866","848","757",
"강제추행","재중","범죄자[명]","명","","","410","418","368","484","471","433","432","343",
"강제추행","중퇴","범죄자[명]","명","","","370","338","382","402","399","413","452","344",
"강제추행","졸업","범죄자[명]","명","","","3350","3802","3902","4293","4778","4412","4523","4235",
"강제추행","재중","범죄자[명]","명","","","78","79","87","72","81","89","90","84",
"강제추행","중퇴","범죄자[명]","명","","","76","82","87","109","113","100","106","100",
"강제추행","졸업","범죄자[명]","명","","","570","638","749","828","975","947","974","898",
"강제추행","재중","범죄자[명]","명","","","491","613","669","714","796","823","742","593",
"강제추행","중퇴","범죄자[명]","명","","","304","292","358","373","481","472","521","480",
"강제추행","졸업","범죄자[명]","명","","","1782","2106","2384","2683","3078","2824","2935","2614",
"강제추행","재중","범죄자[명]","명","","","105","104","117","139","130","112","94","102",
"강제추행","중퇴","범죄자[명]","명","","","29","38","40","35","48","34","30","27",
"강제추행","졸업","범죄자[명]","명","","","272","372","483","512","576","509","531","432",
"강제추행","기타","범죄자[명]","명","","","216","215","231","301","277","200","170","160",
"강제추행","미상","범죄자[명]","명","","","2463","2152","2379","2778","3537","3880","4054","3939",
"기타 강간·강제추행등","계","범죄자[명]","명","","","1887","1193","686","521","371","458","495","349",
"기타 강간·강제추행등","불취학","범죄자[명]","명","","","10","8","6","5","3","-","1","1",
"기타 강간·강제추행등","재중","범죄자[명]","명","","","","","","1","-","-","-","1",
"기타 강간·강제추행등","중퇴","범죄자[명]","명","","","32","18","8","12","3","8","5","6",
"기타 강간·강제추행등","졸업","범죄자[명]","명","","","85","53","38","21","15","18","14","14",
"기타 강간·강제추행등","재중","범죄자[명]","명","","","69","26","18","18","8","18","18","13",
"기타 강간·강제추행등","중퇴","범죄자[명]","명","","","67","46","21","21","7","12","12","2",
"기타 강간·강제추행등","졸업","범죄자[명]","명","","","112","85","38","34","28","30","38","20",
"기타 강간·강제추행등","재중","범죄자[명]","명","","","241","115","63","64","53","30","46","27",
"기타 강간·강제추행등","중퇴","범죄자[명]","명","","","153","84","59","37","24","31","30","18",
"기타 강간·강제추행등","졸업","범죄자[명]","명","","","517","290","164","145","108","116","146","93",
"기타 강간·강제추행등","재중","범죄자[명]","명","","","20","10","7","2","-","8","3","-",
"기타 강간·강제추행등","중퇴","범죄자[명]","명","","","18","17","10","4","4","3","2","6",
"기타 강간·강제추행등","졸업","범죄자[명]","명","","","67","44","29","15","14","14","21","15",
"기타 강간·강제추행등","재중","범죄자[명]","명","","","70","50","26","10","9","17","22","12",
"기타 강간·강제추행등","중퇴","범죄자[명]","명","","","39","32","16","10","12","9","10","9",
"기타 강간·강제추행등","졸업","범죄자[명]","명","","","120","92","37","33","33","45","33","31",
"기타 강간·강제추행등","재중","범죄자[명]","명","","","9","7","3","3","1","-","-","1",
"기타 강간·강제추행등","중퇴","범죄자[명]","명","","","2","2","2","1","-","1","2","-",
"기타 강간·강제추행등","졸업","범죄자[명]","명","","","19","15","6","8","6","4","5","1",
"기타 강간·강제추행등","기타","범죄자[명]","명","","","19","19","13","4","2","3","11","8",
"기타 강간·강제추행등","미상","범죄자[명]","명","","","218","180","122","73","41","91","76","71",
"방화","계","범죄자[명]","명","1519","1399","1386","1466","1517","1396","1286","1387","1317","1196",
"방화","불취학","범죄자[명]","명","24","17","24","31","33","29","18","19","17","22",
"방화","재중","범죄자[명]","명","3","4","1","","","","-","-","-","-",
"방화","중퇴","범죄자[명]","명","39","40","47","42","49","39","36","41","35","29",
"방화","졸업","범죄자[명]","명","110","113","138","116","130","103","118","120","81","85",
"방화","재중","범죄자[명]","명","57","90","53","64","48","41","39","41","43","35",
"방화","중퇴","범죄자[명]","명","78","45","44","52","56","48","30","47","46","27",
"방화","졸업","범죄자[명]","명","141","107","148","142","143","142","112","159","117","120",
"방화","재중","범죄자[명]","명","64","73","53","67","30","73","57","48","33","38",
"방화","중퇴","범죄자[명]","명","90","74","66","88","78","77","75","48","51","37",
"방화","졸업","범죄자[명]","명","474","484","436","473","514","429","395","445","432","395",
"방화","재중","범죄자[명]","명","4","5","2","6","5","3","-","8","4","2",
"방화","중퇴","범죄자[명]","명","4","8","7","6","13","12","13","6","8","12",
"방화","졸업","범죄자[명]","명","34","33","42","36","42","34","46","51","56","30",
"방화","재중","범죄자[명]","명","19","23","26","28","21","21","18","19","14","12",
"방화","중퇴","범죄자[명]","명","17","21","26","27","26","29","17","17","37","25",
"방화","졸업","범죄자[명]","명","67","57","77","94","83","87","79","101","77","102",
"방화","대학원","범죄자[명]","명","11","","","","","","","","","",
"방화","재중","범죄자[명]","명","","","4","","2","1","3","1","3","-",
"방화","중퇴","범죄자[명]","명","","2","1","","1","2","4","2","3","-",
"방화","졸업","범죄자[명]","명","","4","11","8","13","9","8","13","13","13",
"방화","기타","범죄자[명]","명","66","42","24","23","26","18","23","18","11","8",
"방화","미상","범죄자[명]","명","217","157","156","163","204","199","195","183","236","204",
"절도범죄","계","범죄자[명]","명","111390","104434","102658","95645","103166","106415","105695","97334","101295","98425",
"절도범죄","불취학","범죄자[명]","명","1270","1173","1295","1381","1624","2079","2182","2200","2526","2483",
"절도범죄","재중","범죄자[명]","명","66","43","15","56","52","46","58","38","29","46",
"절도범죄","중퇴","범죄자[명]","명","1539","1419","1476","1570","1907","2216","2433","2485","2778","2697",
"절도범죄","졸업","범죄자[명]","명","5002","4568","4943","5050","5775","6541","7052","6840","7588","7428",
"절도범죄","재중","범죄자[명]","명","9487","10957","9338","7624","7473","6196","6155","5758","6132","6491",
"절도범죄","중퇴","범죄자[명]","명","5456","5434","5317","3923","3769","3286","2894","2650","2676","2197",
"절도범죄","졸업","범죄자[명]","명","7256","6636","7440","7085","7580","7969","7829","7583","8041","7674",
"절도범죄","재중","범죄자[명]","명","12288","14330","11810","9759","10277","9695","8392","6124","6054","6495",
"절도범죄","중퇴","범죄자[명]","명","8515","8313","7898","6300","6476","6010","5434","5202","5099","4368",
"절도범죄","졸업","범죄자[명]","명","27719","24202","24913","24609","27249","28854","29256","27260","27559","26710",
"절도범죄","재중","범죄자[명]","명","972","835","705","650","640","622","490","451","405","321",
"절도범죄","중퇴","범죄자[명]","명","551","524","556","545","594","572","564","586","612","503",
"절도범죄","졸업","범죄자[명]","명","2737","2697","2943","2917","3350","3520","3637","3509","3607","3342",
"절도범죄","재중","범죄자[명]","명","3467","3815","3308","3240","3471","3211","2856","2181","1980","1585",
"절도범죄","중퇴","범죄자[명]","명","1316","1365","1686","1670","1889","2199","2241","2043","2172","2006",
"절도범죄","졸업","범죄자[명]","명","5060","5032","5729","6236","6981","8218","8475","7682","7917","7874",
"절도범죄","대학원","범죄자[명]","명","1160","","","","","","","","","",
"절도범죄","재중","범죄자[명]","명","","333","360","357","398","445","358","198","211","194",
"절도범죄","중퇴","범죄자[명]","명","","115","139","136","167","182","159","105","94","108",
"절도범죄","졸업","범죄자[명]","명","","569","663","740","827","932","933","705","866","819",
"절도범죄","기타","범죄자[명]","명","4087","2348","1360","1325","1272","1396","1226","961","1087","1184",
"절도범죄","미상","범죄자[명]","명","13442","9726","10764","10472","11395","12226","13071","12773","13862","13900",
"폭력범죄","계","범죄자[명]","명","392042","400282","369913","358275","372723","380965","363511","348969","346561","313990",
"폭력범죄","불취학","범죄자[명]","명","2447","2763","2628","2553","2710","2601","2154","2178","2047","1823",
"폭력범죄","재중","범죄자[명]","명","54","57","9","20","29","40","25","36","27","23",
"폭력범죄","중퇴","범죄자[명]","명","2988","3335","3215","3030","3293","3243","2921","2759","3040","2539",
"폭력범죄","졸업","범죄자[명]","명","14790","15132","14630","13676","14114","13596","11926","11444","11156","10259",
"폭력범죄","재중","범죄자[명]","명","5944","8669","4261","3783","3058","3329","3569","3783","3594","3037",
"폭력범죄","중퇴","범죄자[명]","명","7253","8059","7220","6367","6422","6237","5517","5045","5115","4258",
"폭력범죄","졸업","범죄자[명]","명","22778","23342","23211","21415","21939","21720","20068","19510","19594","17626",
"폭력범죄","재중","범죄자[명]","명","9356","14654","8446","7156","7412","7670","8526","6773","6142","5437",
"폭력범죄","중퇴","범죄자[명]","명","13597","14053","12335","11427","12089","11979","11237","10832","10772","9306",
"폭력범죄","졸업","범죄자[명]","명","119619","118712","108489","102418","102507","102483","97831","90939","91827","84926",
"폭력범죄","재중","범죄자[명]","명","2163","2235","1690","1566","1427","1350","1188","1269","1212","970",
"폭력범죄","중퇴","범죄자[명]","명","1632","1661","1671","1611","1698","1655","1412","1583","1631","1410",
"폭력범죄","졸업","범죄자[명]","명","11286","12164","12227","11694","12358","12267","11914","12178","12186","10919",
"폭력범죄","재중","범죄자[명]","명","8229","10202","8241","7686","7245","6830","6278","5577","5129","4594",
"폭력범죄","중퇴","범죄자[명]","명","5441","5912","6143","6236","6662","7169","6990","6720","6793","6363",
"폭력범죄","졸업","범죄자[명]","명","25487","27533","27299","26454","28219","29813","28120","27901","28172","26334",
"폭력범죄","대학원","범죄자[명]","명","4667","","","","","","","","","",
"폭력범죄","재중","범죄자[명]","명","","1044","926","897","925","907","853","565","538","534",
"폭력범죄","중퇴","범죄자[명]","명","","459","428","446","522","550","558","328","398","370",
"폭력범죄","졸업","범죄자[명]","명","","3518","3502","3514","3774","4033","3879","3183","3521","3317",
"폭력범죄","기타","범죄자[명]","명","14017","9710","5411","4920","4102","3876","3325","2930","3382","3428",
"폭력범죄","미상","범죄자[명]","명","120294","117068","117931","121406","132218","139617","135220","133436","130285","116517",
"상해","계","범죄자[명]","명","89138","84850","75206","66885","62059","65695","58851","52867","48854","43552",
"상해","불취학","범죄자[명]","명","834","968","795","723","763","766","549","553","462","402",
"상해","재중","범죄자[명]","명","10","6","2","4","3","8","6","5","5","5",
"상해","중퇴","범죄자[명]","명","1009","1071","955","846","867","901","775","631","685","539",
"상해","졸업","범죄자[명]","명","4992","4969","4565","3975","3737","3832","3229","2777","2432","2179",
"상해","재중","범죄자[명]","명","602","593","394","368","353","487","498","551","529","318",
"상해","중퇴","범죄자[명]","명","1825","1899","1785","1555","1441","1600","1372","1147","1084","829",
"상해","졸업","범죄자[명]","명","7163","6967","6498","5775","5243","5790","4969","4485","4161","3562",
"상해","재중","범죄자[명]","명","1350","1630","1170","1046","1221","1433","1555","1235","1018","823",
"상해","중퇴","범죄자[명]","명","3484","3324","2892","2701","2501","3005","2569","2316","2120","1783",
"상해","졸업","범죄자[명]","명","35345","33139","28987","25274","23262","24563","22540","19699","18238","16381",
"상해","재중","범죄자[명]","명","552","504","419","409","306","340","257","289","282","193",
"상해","중퇴","범죄자[명]","명","458","469","464","426","416","437","377","379","342","316",
"상해","졸업","범죄자[명]","명","3602","3657","3458","3186","3027","3151","2918","2637","2522","2170",
"상해","재중","범죄자[명]","명","2091","2322","2019","1836","1718","1574","1452","1199","1012","824",
"상해","중퇴","범죄자[명]","명","1581","1744","1680","1621","1609","1715","1562","1483","1353","1300",
"상해","졸업","범죄자[명]","명","7505","7814","7379","6669","6269","6631","6046","5538","5171","4671",
"상해","대학원","범죄자[명]","명","1428","","","","","","","","","",
"상해","재중","범죄자[명]","명","","280","244","231","234","203","173","108","85","95",
"상해","중퇴","범죄자[명]","명","","141","117","96","110","115","123","56","73","67",
"상해","졸업","범죄자[명]","명","","1079","988","966","870","890","777","583","590","534",
"상해","기타","범죄자[명]","명","3989","2576","1294","1198","837","841","696","550","597","564",
"상해","미상","범죄자[명]","명","11318","9698","9101","7980","7272","7413","6408","6646","6093","5997",
"폭행","계","범죄자[명]","명","161782","167975","166337","171166","192308","216857","210745","204801","202710","178448",
"폭행","불취학","범죄자[명]","명","788","909","990","965","1044","1131","1061","1024","983","857",
"폭행","재중","범죄자[명]","명","12","10","2","4","7","12","5","18","9","7",
"폭행","중퇴","범죄자[명]","명","991","1124","1127","1136","1268","1486","1345","1392","1517","1218",
"폭행","졸업","범죄자[명]","명","4946","5109","5113","5061","5542","6221","5631","5577","5466","5089",
"폭행","재중","범죄자[명]","명","371","1049","562","549","553","729","871","880","898","748",
"폭행","중퇴","범죄자[명]","명","1872","2165","2207","2046","2255","2672","2382","2347","2374","1999",
"폭행","졸업","범죄자[명]","명","7124","7469","7808","7520","8531","9586","9346","9400","9583","8389",
"폭행","재중","범죄자[명]","명","1107","2821","1665","1504","1902","2366","2632","2052","1886","1729",
"폭행","중퇴","범죄자[명]","명","3452","3514","3499","3470","4096","4675","4622","4535","4576","4063",
"폭행","졸업","범죄자[명]","명","36827","37596","36781","36500","40359","46435","45171","43367","44524","40382",
"폭행","재중","범죄자[명]","명","403","466","376","389","420","472","435","498","476","381",
"폭행","중퇴","범죄자[명]","명","461","439","482","475","609","653","591","699","763","607",
"폭행","졸업","범죄자[명]","명","3284","3628","3927","3958","4812","5350","5410","5774","5922","5241",
"폭행","재중","범죄자[명]","명","1706","2705","2048","2128","2237","2637","2528","2386","2268","2082",
"폭행","중퇴","범죄자[명]","명","1743","1847","2068","2160","2472","3210","3223","3216","3416","2989",
"폭행","졸업","범죄자[명]","명","8509","9349","9930","10087","12048","14169","13368","13815","14240","13093",
"폭행","대학원","범죄자[명]","명","1538","","","","","","","","","",
"폭행","재중","범죄자[명]","명","","314","270","287","344","399","378","259","280","283",
"폭행","중퇴","범죄자[명]","명","","144","162","165","223","257","265","175","209","163",
"폭행","졸업","범죄자[명]","명","","1196","1267","1316","1597","1987","1965","1631","1829","1691",
"폭행","기타","범죄자[명]","명","4198","3144","1848","1747","1724","1847","1639","1501","1750","1720",
"폭행","미상","범죄자[명]","명","82450","82977","84205","89699","100265","110563","107877","104255","99741","85717",
"체포·감금","계","범죄자[명]","명","969","1113","1086","1118","1226","1687","1911","1608","1654","1695",
"체포·감금","불취학","범죄자[명]","명","7","2","3","5","4","2","6","9","1","5",
"체포·감금","재중","범죄자[명]","명","","","","","","","-","-","-","-",
"체포·감금","중퇴","범죄자[명]","명","1","2","5","6","4","7","12","4","4","6",
"체포·감금","졸업","범죄자[명]","명","36","30","35","24","41","49","31","19","21","29",
"체포·감금","재중","범죄자[명]","명","2","3","","1","4","11","20","12","18","14",
"체포·감금","중퇴","범죄자[명]","명","16","29","15","17","20","37","29","14","17","18",
"체포·감금","졸업","범죄자[명]","명","46","43","56","56","52","85","89","75","69","69",
"체포·감금","재중","범죄자[명]","명","6","12","9","3","18","21","44","21","28","46",
"체포·감금","중퇴","범죄자[명]","명","33","40","26","28","41","78","80","79","72","59",
"체포·감금","졸업","범죄자[명]","명","239","278","281","276","280","432","500","410","429","412",
"체포·감금","재중","범죄자[명]","명","4","4","3","2","8","4","5","7","8","6",
"체포·감금","중퇴","범죄자[명]","명","4","3","2","5","14","13","13","11","4","13",
"체포·감금","졸업","범죄자[명]","명","24","38","34","28","38","63","42","48","53","49",
"체포·감금","재중","범죄자[명]","명","15","18","12","14","7","42","24","24","40","30",
"체포·감금","중퇴","범죄자[명]","명","14","17","13","14","20","42","45","41","19","33",
"체포·감금","졸업","범죄자[명]","명","63","87","91","71","79","138","169","109","99","122",
"체포·감금","대학원","범죄자[명]","명","26","","","","","","","","","",
"체포·감금","재중","범죄자[명]","명","","2","2","","7","4","4","3","4","1",
"체포·감금","중퇴","범죄자[명]","명","","3","1","2","3","4","5","1","1","1",
"체포·감금","졸업","범죄자[명]","명","","15","16","17","24","24","22","10","13","18",
"체포·감금","기타","범죄자[명]","명","39","9","8","15","24","12","18","9","18","11",
"체포·감금","미상","범죄자[명]","명","394","478","474","534","538","619","753","702","736","753",
"협박","계","범죄자[명]","명","3855","4732","4682","5160","9197","16825","16599","18337","22377","22507",
"협박","불취학","범죄자[명]","명","21","29","16","20","60","122","96","124","137","132",
"협박","재중","범죄자[명]","명","","1","","","1","2","-","-","-","1",
"협박","중퇴","범죄자[명]","명","25","45","38","35","101","189","201","188","247","221",
"협박","졸업","범죄자[명]","명","147","176","164","181","339","750","687","751","896","839",
"협박","재중","범죄자[명]","명","17","52","22","27","23","42","63","100","111","138",
"협박","중퇴","범죄자[명]","명","49","64","81","60","131","334","346","288","402","361",
"협박","졸업","범죄자[명]","명","191","244","258","250","512","1095","1088","1192","1357","1328",
"협박","재중","범죄자[명]","명","28","82","45","50","71","131","165","187","177","232",
"협박","중퇴","범죄자[명]","명","72","125","107","139","270","592","549","549","703","628",
"협박","졸업","범죄자[명]","명","880","1139","1115","1170","2385","5048","4913","5144","6345","6205",
"협박","재중","범죄자[명]","명","6","6","5","3","15","27","35","40","44","36",
"협박","중퇴","범죄자[명]","명","14","16","15","18","36","87","53","87","119","106",
"협박","졸업","범죄자[명]","명","107","112","131","138","318","595","623","703","856","841",
"협박","재중","범죄자[명]","명","23","44","35","44","96","206","183","179","203","192",
"협박","중퇴","범죄자[명]","명","53","70","84","74","165","342","366","384","472","489",
"협박","졸업","범죄자[명]","명","272","362","356","392","776","1644","1612","1765","2024","2140",
"협박","대학원","범죄자[명]","명","54","","","","","","","","","",
"협박","재중","범죄자[명]","명","","8","6","12","22","31","29","25","37","25",
"협박","중퇴","범죄자[명]","명","","6","5","9","15","21","22","20","38","38",
"협박","졸업","범죄자[명]","명","","54","76","75","137","219","201","233","299","312",
"협박","기타","범죄자[명]","명","116","92","41","57","98","225","177","148","217","265",
"협박","미상","범죄자[명]","명","1780","2005","2082","2406","3626","5123","5190","6230","7693","7978",
"약취·유인","계","범죄자[명]","명","340","270","260","252","252","305","285","260","351","296",
"약취·유인","불취학","범죄자[명]","명","4","3","3","3","1","1","2","-","-","1",
"약취·유인","재중","범죄자[명]","명","","","","","","","-","-","-","-",
"약취·유인","중퇴","범죄자[명]","명","2","6","2","4","3","2","2","5","3","5",
"약취·유인","졸업","범죄자[명]","명","14","8","9","10","9","12","6","6","14","6",
"약취·유인","재중","범죄자[명]","명","1","","1","1","4","","1","2","4","6",
"약취·유인","중퇴","범죄자[명]","명","10","15","4","9","10","8","5","6","7","-",
"약취·유인","졸업","범죄자[명]","명","18","19","11","14","16","12","16","21","12","14",
"약취·유인","재중","범죄자[명]","명","3","1","10","1","1","1","8","3","2","6",
"약취·유인","중퇴","범죄자[명]","명","16","13","12","8","11","9","11","10","20","4",
"약취·유인","졸업","범죄자[명]","명","91","80","52","61","64","99","66","58","61","56",
"약취·유인","재중","범죄자[명]","명","5","2","1","2","1","1","2","-","-","-",
"약취·유인","중퇴","범죄자[명]","명","1","2","4","2","2","2","2","1","-","3",
"약취·유인","졸업","범죄자[명]","명","11","6","7","11","4","15","9","11","12","11",
"약취·유인","재중","범죄자[명]","명","5","3","3","5","1","1","8","1","3","4",
"약취·유인","중퇴","범죄자[명]","명","6","9","5","8","2","6","5","7","5","5",
"약취·유인","졸업","범죄자[명]","명","27","17","24","24","15","27","35","29","43","28",
"약취·유인","대학원","범죄자[명]","명","3","","","","","","","","","",
"약취·유인","재중","범죄자[명]","명","","1","2","1","3","1","-","1","-","2",
"약취·유인","중퇴","범죄자[명]","명","","","2","","","","-","1","-","-",
"약취·유인","졸업","범죄자[명]","명","","1","6","3","4","6","9","5","12","5",
"약취·유인","기타","범죄자[명]","명","16","3","2","6","2","3","2","1","6","4",
"약취·유인","미상","범죄자[명]","명","107","81","100","79","99","99","96","92","147","136",
"폭력행위등","계","범죄자[명]","명","103423","106256","89858","80113","73002","40963","36647","31885","28625","25342",
"폭력행위등","불취학","범죄자[명]","명","474","537","479","460","469","147","90","92","69","61",
"폭력행위등","재중","범죄자[명]","명","28","21","2","12","17","16","12","6","8","10",
"폭력행위등","중퇴","범죄자[명]","명","601","688","669","614","623","194","116","87","81","71",
"폭력행위등","졸업","범죄자[명]","명","3083","3157","3036","2704","2660","885","639","542","484","359",
"폭력행위등","재중","범죄자[명]","명","4394","5820","2788","2510","1806","1673","1733","1820","1569","1321",
"폭력행위등","중퇴","범죄자[명]","명","2627","2872","2285","1936","1791","739","587","465","445","338",
"폭력행위등","졸업","범죄자[명]","명","5918","6050","6053","5297","4978","2285","1842","1709","1549","1391",
"폭력행위등","재중","범죄자[명]","명","6193","8732","4916","4055","3691","3051","3326","2572","2329","1910",
"폭력행위등","중퇴","범죄자[명]","명","5173","5484","4490","3836","3825","2190","1960","1817","1758","1277",
"폭력행위등","졸업","범죄자[명]","명","34881","34585","30196","27445","24745","12870","11848","9830","8703","8185",
"폭력행위등","재중","범죄자[명]","명","1054","1131","770","609","544","381","326","296","277","237",
"폭력행위등","중퇴","범죄자[명]","명","558","580","557","491","438","257","217","182","167","142",
"폭력행위등","졸업","범죄자[명]","명","3101","3409","3276","2940","2620","1443","1256","1094","890","746",
"폭력행위등","재중","범죄자[명]","명","3828","4407","3437","2970","2445","1619","1358","1075","909","776",
"폭력행위등","중퇴","범죄자[명]","명","1547","1621","1651","1625","1543","964","819","654","541","506",
"폭력행위등","졸업","범죄자[명]","명","6136","6670","6266","5635","5312","2991","2592","2223","1815","1597",
"폭력행위등","대학원","범죄자[명]","명","1086","","","","","","","","","",
"폭력행위등","재중","범죄자[명]","명","","346","313","268","201","158","132","79","51","45",
"폭력행위등","중퇴","범죄자[명]","명","","115","104","116","106","76","53","32","20","26",
"폭력행위등","졸업","범죄자[명]","명","","741","685","629","615","336","254","150","154","154",
"폭력행위등","기타","범죄자[명]","명","4207","2851","1641","1323","967","444","329","311","296","313",
"폭력행위등","미상","범죄자[명]","명","18534","16439","16244","14638","13606","8244","7158","6849","6510","5877",
"공갈","계","범죄자[명]","명","3786","5455","3189","3674","2930","3638","3573","3521","3552","3434",
"공갈","불취학","범죄자[명]","명","7","9","14","12","2","13","3","11","6","2",
"공갈","재중","범죄자[명]","명","1","4","2","","","","-","3","3","-",
"공갈","중퇴","범죄자[명]","명","21","27","18","24","21","20","15","8","8","7",
"공갈","졸업","범죄자[명]","명","49","108","51","111","54","90","56","62","55","29",
"공갈","재중","범죄자[명]","명","480","1013","368","243","177","241","265","293","277","250",
"공갈","중퇴","범죄자[명]","명","280","333","178","141","102","111","66","73","69","55",
"공갈","졸업","범죄자[명]","명","195","260","149","231","172","249","170","134","148","153",
"공갈","재중","범죄자[명]","명","444","1051","354","260","213","292","418","380","345","325",
"공갈","중퇴","범죄자[명]","명","344","476","269","240","182","234","263","276","298","239",
"공갈","졸업","범죄자[명]","명","629","972","634","965","681","862","800","696","698","674",
"공갈","재중","범죄자[명]","명","8","16","7","8","9","13","13","10","8","11",
"공갈","중퇴","범죄자[명]","명","9","14","10","19","19","23","13","18","13","15",
"공갈","졸업","범죄자[명]","명","64","68","45","84","59","65","71","65","85","68",
"공갈","재중","범죄자[명]","명","28","35","29","34","34","37","46","36","47","42",
"공갈","중퇴","범죄자[명]","명","37","44","40","63","49","84","62","48","55","54",
"공갈","졸업","범죄자[명]","명","119","166","156","215","182","191","209","159","180","208",
"공갈","대학원","범죄자[명]","명","26","","","","","","","","","",
"공갈","재중","범죄자[명]","명","","3","2","1","8","8","6","5","2","5",
"공갈","중퇴","범죄자[명]","명","","5","5","4","3","6","2","3","6","2",
"공갈","졸업","범죄자[명]","명","","14","32","33","23","25","26","20","32","21",
"공갈","기타","범죄자[명]","명","114","55","37","50","31","42","32","19","37","42",
"공갈","미상","범죄자[명]","명","931","782","789","936","909","1032","1037","1202","1180","1232",
"손괴","계","범죄자[명]","명","28749","29631","29295","29907","31749","34995","34900","35690","38438","38716",
"손괴","불취학","범죄자[명]","명","312","306","328","365","367","419","347","365","389","363",
"손괴","재중","범죄자[명]","명","3","15","1","","1","2","2","4","2","-",
"손괴","중퇴","범죄자[명]","명","338","372","401","365","406","444","455","444","495","472",
"손괴","졸업","범죄자[명]","명","1523","1575","1657","1610","1732","1757","1647","1710","1788","1729",
"손괴","재중","범죄자[명]","명","77","139","126","84","138","146","118","125","188","242",
"손괴","중퇴","범죄자[명]","명","574","682","665","603","672","736","730","705","717","658",
"손괴","졸업","범죄자[명]","명","2123","2290","2378","2272","2435","2618","2548","2494","2715","2720",
"손괴","재중","범죄자[명]","명","225","325","277","237","295","375","378","323","357","366",
"손괴","중퇴","범죄자[명]","명","1023","1077","1040","1005","1163","1196","1183","1250","1225","1253",
"손괴","졸업","범죄자[명]","명","10727","10923","10443","10727","10731","12174","11993","11735","12829","12631",
"손괴","재중","범죄자[명]","명","131","106","109","144","124","112","115","129","117","106",
"손괴","중퇴","범죄자[명]","명","127","138","137","175","164","183","146","206","223","208",
"손괴","졸업","범죄자[명]","명","1093","1246","1349","1349","1480","1585","1585","1846","1846","1793",
"손괴","재중","범죄자[명]","명","533","668","658","655","707","714","679","677","647","644",
"손괴","중퇴","범죄자[명]","명","460","560","602","671","802","806","908","887","932","987",
"손괴","졸업","범죄자[명]","명","2856","3068","3097","3361","3538","4022","4089","4263","4600","4475",
"손괴","대학원","범죄자[명]","명","506","","","","","","","","","",
"손괴","재중","범죄자[명]","명","","90","87","97","106","103","131","85","79","78",
"손괴","중퇴","범죄자[명]","명","","45","32","54","62","71","88","40","51","73",
"손괴","졸업","범죄자[명]","명","","418","432","475","504","546","625","551","592","582",
"손괴","기타","범죄자[명]","명","1338","980","540","524","419","462","432","391","461","509",
"손괴","미상","범죄자[명]","명","4780","4608","4936","5134","5903","6524","6701","7460","8185","8827",
"지능범죄","계","범죄자[명]","명","329399","280243","304025","286099","294379","287025","269117","292114","308782","307706",
"지능범죄","불취학","범죄자[명]","명","631","605","711","699","698","674","677","682","774","731",
"지능범죄","재중","범죄자[명]","명","10","7","2","14","10","11","10","5","9","17",
"지능범죄","중퇴","범죄자[명]","명","939","959","1065","994","1132","1125","1023","1096","1145","1075",
"지능범죄","졸업","범죄자[명]","명","5162","5337","5699","5517","5899","5401","4871","4988","5180","4880",
"지능범죄","재중","범죄자[명]","명","582","934","882","870","1049","849","830","946","1115","1467",
"지능범죄","중퇴","범죄자[명]","명","3297","3288","3772","3633","3618","3218","2771","2816","2847","2558",
"지능범죄","졸업","범죄자[명]","명","8923","9209","10305","10824","11445","10922","9798","10682","11358","11244",
"지능범죄","재중","범죄자[명]","명","3417","4902","4435","4216","4793","4769","3912","3649","3735","4447",
"지능범죄","중퇴","범죄자[명]","명","6925","6778","8022","7471","8057","7573","6931","7699","8415","8245",
"지능범죄","졸업","범죄자[명]","명","61624","58143","59057","60446","63083","62997","61128","65905","74121","72185",
"지능범죄","재중","범죄자[명]","명","403","411","424","332","410","480","401","615","681","758",
"지능범죄","중퇴","범죄자[명]","명","770","805","1006","976","1070","1137","1011","1388","1411","1489",
"지능범죄","졸업","범죄자[명]","명","5355","5654","6418","6529","7210","7056","7228","7956","8990","8273",
"지능범죄","재중","범죄자[명]","명","1724","1923","2042","2219","2909","2961","2970","3049","3222","3665",
"지능범죄","중퇴","범죄자[명]","명","3124","3684","4664","4770","5386","5879","5796","6436","7125","7181",
"지능범죄","졸업","범죄자[명]","명","15425","15660","17502","18028","18554","19441","19791","20676","22519","21921",
"지능범죄","대학원","범죄자[명]","명","3116","","","","","","","","","",
"지능범죄","재중","범죄자[명]","명","","258","272","334","458","442","469","329","372","423",
"지능범죄","중퇴","범죄자[명]","명","","327","406","409","442","479","454","279","391","362",
"지능범죄","졸업","범죄자[명]","명","","2537","2726","2789","2877","2974","3046","2738","3125","3001",
"지능범죄","기타","범죄자[명]","명","6214","4232","2446","2763","2736","2153","1687","1654","2105","2305",
"지능범죄","미상","범죄자[명]","명","201758","154590","172169","152266","152543","146484","134313","148526","150142","151479",
"직무유기","계","범죄자[명]","명","669","823","802","801","860","642","663","713","788","947",
"직무유기","불취학","범죄자[명]","명","","","","1","","","-","-","-","-",
"직무유기","재중","범죄자[명]","명","","","","","","","-","-","-","-",
"직무유기","중퇴","범죄자[명]","명","","","","","","","-","-","-","1",
"직무유기","졸업","범죄자[명]","명","","2","1","1","1","3","-","-","-","-",
"직무유기","재중","범죄자[명]","명","","","","","","","-","-","-","-",
"직무유기","중퇴","범죄자[명]","명","","1","1","","","","-","-","-","-",
"직무유기","졸업","범죄자[명]","명","2","3","2","1","1","1","-","-","-","-",
"직무유기","재중","범죄자[명]","명","","","","","","","-","-","-","-",
"직무유기","중퇴","범죄자[명]","명","","1","","","","","-","-","-","-",
"직무유기","졸업","범죄자[명]","명","51","43","43","26","34","27","15","19","21","12",
"직무유기","재중","범죄자[명]","명","","","1","","","","-","-","-","-",
"직무유기","중퇴","범죄자[명]","명","","","","","","","-","-","1","1",
"직무유기","졸업","범죄자[명]","명","17","23","9","14","16","12","17","6","6","2",
"직무유기","재중","범죄자[명]","명","1","","1","","","","-","2","-","-",
"직무유기","중퇴","범죄자[명]","명","3","2","6","6","3","5","1","3","4","2",
"직무유기","졸업","범죄자[명]","명","91","94","87","76","102","90","78","50","52","51",
"직무유기","대학원","범죄자[명]","명","20","","","","","","","","","",
"직무유기","재중","범죄자[명]","명","","","","1","","","-","-","-","-",
"직무유기","중퇴","범죄자[명]","명","","","","1","","","-","-","-","-",
"직무유기","졸업","범죄자[명]","명","","10","9","12","7","9","8","6","8","6",
"직무유기","기타","범죄자[명]","명","","9","4","","3","","-","-","1","-",
"직무유기","미상","범죄자[명]","명","484","635","638","662","693","495","544","627","695","872",
"직권남용","계","범죄자[명]","명","357","409","523","595","587","577","679","811","974","1021",
"직권남용","불취학","범죄자[명]","명","","","","","","","1","-","-","1",
"직권남용","재중","범죄자[명]","명","","","","","","","-","-","-","-",
"직권남용","중퇴","범죄자[명]","명","","2","","","","","-","-","-","-",
"직권남용","졸업","범죄자[명]","명","","","","","","2","-","1","-","-",
"직권남용","재중","범죄자[명]","명","","","","","","","-","-","-","-",
"직권남용","중퇴","범죄자[명]","명","","","","1","","","-","-","-","-",
"직권남용","졸업","범죄자[명]","명","","1","2","","1","","-","2","1","-",
"직권남용","재중","범죄자[명]","명","","","","","","","-","-","-","-",
"직권남용","중퇴","범죄자[명]","명","","","","","1","","-","-","-","-",
"직권남용","졸업","범죄자[명]","명","25","33","32","24","22","20","34","34","19","23",
"직권남용","재중","범죄자[명]","명","","","","","","","-","-","-","1",
"직권남용","중퇴","범죄자[명]","명","","","1","","","","-","1","-","-",
"직권남용","졸업","범죄자[명]","명","2","5","11","5","8","7","13","13","17","9",
"직권남용","재중","범죄자[명]","명","1","1","","1","1","1","1","-","1","2",
"직권남용","중퇴","범죄자[명]","명","2","1","3","5","3","5","5","5","3","3",
"직권남용","졸업","범죄자[명]","명","52","37","58","44","41","49","62","93","82","74",
"직권남용","대학원","범죄자[명]","명","8","","","","","","","","","",
"직권남용","재중","범죄자[명]","명","","","","","","","-","1","-","-",
"직권남용","중퇴","범죄자[명]","명","","1","1","","","","-","1","-","-",
"직권남용","졸업","범죄자[명]","명","","5","6","18","12","9","15","25","28","14",
"직권남용","기타","범죄자[명]","명","2","1","1","3","","2","4","-","-","-",
"직권남용","미상","범죄자[명]","명","265","322","408","494","498","482","544","635","823","894",
"증수뢰","계","범죄자[명]","명","1239","832","855","848","842","788","1128","1131","942","807",
"증수뢰","불취학","범죄자[명]","명","2","1","1","5","1","1","-","2","1","-",
"증수뢰","재중","범죄자[명]","명","","","","","","","-","-","-","-",
"증수뢰","중퇴","범죄자[명]","명","","","2","3","2","","3","1","2","1",
"증수뢰","졸업","범죄자[명]","명","11","11","11","6","12","15","26","19","11","4",
"증수뢰","재중","범죄자[명]","명","","","","","","","-","-","-","-",
"증수뢰","중퇴","범죄자[명]","명","5","3","2","2","5","3","8","6","4","3",
"증수뢰","졸업","범죄자[명]","명","22","16","22","17","18","23","15","25","14","8",
"증수뢰","재중","범죄자[명]","명","","1","","","","","-","-","-","-",
"증수뢰","중퇴","범죄자[명]","명","10","6","3","8","2","9","7","12","6","5",
"증수뢰","졸업","범죄자[명]","명","384","231","195","179","163","194","291","248","181","142",
"증수뢰","재중","범죄자[명]","명","2","1","","","","","1","-","-","-",
"증수뢰","중퇴","범죄자[명]","명","","","","3","","1","1","1","2","5",
"증수뢰","졸업","범죄자[명]","명","66","44","54","61","33","71","70","60","50","35",
"증수뢰","재중","범죄자[명]","명","6","4","","3","2","2","3","2","3","-",
"증수뢰","중퇴","범죄자[명]","명","17","9","12","8","2","13","14","13","12","13",
"증수뢰","졸업","범죄자[명]","명","352","242","266","289","262","201","313","340","321","215",
"증수뢰","대학원","범죄자[명]","명","70","","","","","","","","","",
"증수뢰","재중","범죄자[명]","명","","5","4","2","6","2","3","4","1","4",
"증수뢰","중퇴","범죄자[명]","명","","1","","","1","","2","-","1","1",
"증수뢰","졸업","범죄자[명]","명","","55","67","51","62","48","95","65","68","67",
"증수뢰","기타","범죄자[명]","명","52","20","","8","25","6","3","5","2","14",
"증수뢰","미상","범죄자[명]","명","240","182","216","203","246","199","273","328","263","290",
"통화","계","범죄자[명]","명","121","163","434","334","286","220","531","255","143","86",
"통화","불취학","범죄자[명]","명","","","","","","","1","2","-","-",
"통화","재중","범죄자[명]","명","","","","","","1","-","-","-","-",
"통화","중퇴","범죄자[명]","명","","1","","1","1","","6","-","-","2",
"통화","졸업","범죄자[명]","명","","7","4","2","4","5","1","2","3","3",
"통화","재중","범죄자[명]","명","6","5","3","2","6","15","5","2","-","-",
"통화","중퇴","범죄자[명]","명","6","5","3","","4","4","3","1","-","-",
"통화","졸업","범죄자[명]","명","5","12","11","2","3","3","8","8","8","2",
"통화","재중","범죄자[명]","명","12","7","16","9","11","6","7","1","9","5",
"통화","중퇴","범죄자[명]","명","11","11","7","5","11","11","6","12","4","1",
"통화","졸업","범죄자[명]","명","27","18","43","35","33","34","75","34","17","11",
"통화","재중","범죄자[명]","명","1","3","","1","","","1","1","1","-",
"통화","중퇴","범죄자[명]","명","1","1","","","2","1","-","-","-","-",
"통화","졸업","범죄자[명]","명","1","2","11","7","9","1","5","5","9","1",
"통화","재중","범죄자[명]","명","1","9","2","3","4","3","2","1","7","-",
"통화","중퇴","범죄자[명]","명","2","2","5","4","3","1","2","-","4","-",
"통화","졸업","범죄자[명]","명","8","6","6","7","7","5","6","3","-","2",
"통화","재중","범죄자[명]","명","","","","","","","1","-","-","-",
"통화","중퇴","범죄자[명]","명","","1","","","","","2","-","-","-",
"통화","졸업","범죄자[명]","명","","","2","1","","","1","-","-","-",
"통화","기타","범죄자[명]","명","2","9","1","1","4","","1","2","-","-",
"통화","미상","범죄자[명]","명","38","64","320","254","184","130","398","181","81","59",
"문서·인장","계","범죄자[명]","명","22105","19479","20406","19460","19022","18024","15918","15576","16253","15465",
"문서·인장","불취학","범죄자[명]","명","66","55","68","37","55","41","29","24","36","24",
"문서·인장","재중","범죄자[명]","명","2","1","","4","2","","2","2","-","2",
"문서·인장","중퇴","범죄자[명]","명","88","71","58","63","60","60","40","37","46","27",
"문서·인장","졸업","범죄자[명]","명","483","424","456","369","389","289","285","220","233","193",
"문서·인장","재중","범죄자[명]","명","56","106","89","99","91","78","66","72","67","71",
"문서·인장","중퇴","범죄자[명]","명","248","234","262","225","213","175","132","97","95","87",
"문서·인장","졸업","범죄자[명]","명","810","586","656","675","629","543","457","388","375","375",
"문서·인장","재중","범죄자[명]","명","1101","1777","1287","1066","1109","1258","1030","802","650","614",
"문서·인장","중퇴","범죄자[명]","명","520","579","572","459","482","506","391","411","386","385",
"문서·인장","졸업","범죄자[명]","명","4403","3396","3763","3639","3630","3296","2683","2542","2770","2494",
"문서·인장","재중","범죄자[명]","명","30","46","38","21","23","41","24","42","29","38",
"문서·인장","중퇴","범죄자[명]","명","33","47","39","79","54","61","37","32","29","35",
"문서·인장","졸업","범죄자[명]","명","520","502","495","433","478","456","391","361","442","358",
"문서·인장","재중","범죄자[명]","명","160","227","168","160","157","156","203","191","220","162",
"문서·인장","중퇴","범죄자[명]","명","191","228","303","345","310","341","300","247","261","230",
"문서·인장","졸업","범죄자[명]","명","1707","1450","1668","1549","1387","1414","1358","1268","1331","1225",
"문서·인장","대학원","범죄자[명]","명","376","","","","","","","","","",
"문서·인장","재중","범죄자[명]","명","","23","28","28","26","34","33","19","24","24",
"문서·인장","중퇴","범죄자[명]","명","","25","29","34","24","30","29","6","16","20",
"문서·인장","졸업","범죄자[명]","명","","263","331","277","259","264","226","212","251","240",
"문서·인장","기타","범죄자[명]","명","561","405","172","215","164","117","75","55","78","90",
"문서·인장","미상","범죄자[명]","명","10750","9034","9924","9683","9480","8864","8127","8548","8914","8771",
"유가증권인지","계","범죄자[명]","명","1025","633","548","552","399","373","330","295","208","117",
"유가증권인지","불취학","범죄자[명]","명","","","2","1","","","1","5","1","-",
"유가증권인지","재중","범죄자[명]","명","","","","","","","-","-","-","-",
"유가증권인지","중퇴","범죄자[명]","명","1","1","7","2","2","3","1","2","2","-",
"유가증권인지","졸업","범죄자[명]","명","17","11","12","12","9","9","6","6","1","2",
"유가증권인지","재중","범죄자[명]","명","","","","","","","1","-","-","-",
"유가증권인지","중퇴","범죄자[명]","명","10","3","1","6","4","2","1","5","1","-",
"유가증권인지","졸업","범죄자[명]","명","14","13","12","20","9","6","10","7","5","1",
"유가증권인지","재중","범죄자[명]","명","","","","","12","","1","7","-","-",
"유가증권인지","중퇴","범죄자[명]","명","12","5","2","2","7","3","5","5","-","1",
"유가증권인지","졸업","범죄자[명]","명","147","108","89","104","64","71","66","27","23","20",
"유가증권인지","재중","범죄자[명]","명","","","","","","","-","-","-","-",
"유가증권인지","중퇴","범죄자[명]","명","5","1","2","1","2","","1","-","1","1",
"유가증권인지","졸업","범죄자[명]","명","12","15","8","9","8","7","8","6","5","-",
"유가증권인지","재중","범죄자[명]","명","3","2","","","1","","1","-","-","1",
"유가증권인지","중퇴","범죄자[명]","명","5","6","4","8","6","6","2","1","3","-",
"유가증권인지","졸업","범죄자[명]","명","49","51","30","38","34","18","30","12","18","11",
"유가증권인지","대학원","범죄자[명]","명","13","","","","","","","","","",
"유가증권인지","재중","범죄자[명]","명","","","","","","","-","1","-","1",
"유가증권인지","중퇴","범죄자[명]","명","","","","","","","-","1","-","-",
"유가증권인지","졸업","범죄자[명]","명","","9","5","6","4","6","4","1","4","3",
"유가증권인지","기타","범죄자[명]","명","26","2","2","6","2","5","1","2","1","1",
"유가증권인지","미상","범죄자[명]","명","711","406","372","337","235","237","191","207","143","75",
"사기","계","범죄자[명]","명","264634","220887","239309","222173","228205","223210","208482","229854","246160","245009",
"사기","불취학","범죄자[명]","명","480","449","505","515","474","408","375","334","367","306",
"사기","재중","범죄자[명]","명","8","6","1","7","8","9","6","1","9","12",
"사기","중퇴","범죄자[명]","명","741","762","843","762","842","767","629","668","622","576",
"사기","졸업","범죄자[명]","명","4049","4169","4356","4241","4302","3803","3261","3340","3429","3079",
"사기","재중","범죄자[명]","명","347","553","560","605","749","599","582","668","849","1137",
"사기","중퇴","범죄자[명]","명","2754","2697","3096","3006","2950","2570","2149","2282","2296","2041",
"사기","졸업","범죄자[명]","명","7201","7496","8303","8829","9193","8676","7709","8614","9228","9032",
"사기","재중","범죄자[명]","명","1679","2276","2186","2401","2821","2660","2129","2148","2469","3188",
"사기","중퇴","범죄자[명]","명","5770","5496","6619","6302","6730","6183","5757","6485","7240","7075",
"사기","졸업","범죄자[명]","명","49473","47271","46754","48135","50430","50322","49199","54625","62523","60871",
"사기","재중","범죄자[명]","명","302","300","316","254","319","360","310","494","578","661",
"사기","중퇴","범죄자[명]","명","650","667","848","769","898","949","846","1220","1240","1310",
"사기","졸업","범죄자[명]","명","3928","4129","4604","4739","5282","5273","5376","6145","7134","6524",
"사기","재중","범죄자[명]","명","1201","1297","1438","1664","2251","2283","2230","2375","2581","3130",
"사기","중퇴","범죄자[명]","명","2572","2998","3787","3823","4438","4741","4777","5426","6063","6245",
"사기","졸업","범죄자[명]","명","10436","10929","11874","12373","12856","13986","13954","14976","16893","16588",
"사기","대학원","범죄자[명]","명","1993","","","","","","","","","",
"사기","재중","범죄자[명]","명","","176","171","222","344","331","344","247","290","342",
"사기","중퇴","범죄자[명]","명","","254","322","330","348","380","367","230","323","296",
"사기","졸업","범죄자[명]","명","","1710","1729","1756","1797","1960","2000","1788","2148","2047",
"사기","기타","범죄자[명]","명","4740","3191","1945","2141","2184","1719","1353","1347","1784","1859",
"사기","미상","범죄자[명]","명","166310","124061","139052","119299","118989","115231","105129","116441","118094","118690",
"횡령","계","범죄자[명]","명","31389","29507","32723","31975","35945","35583","33580","35270","35163","35930",
"횡령","불취학","범죄자[명]","명","75","86","117","127","160","215","262","303","363","395",
"횡령","재중","범죄자[명]","명","","","1","3","","1","2","2","-","3",
"횡령","중퇴","범죄자[명]","명","93","103","136","141","203","289","336","377","455","461",
"횡령","졸업","범죄자[명]","명","515","606","730","754","1091","1180","1201","1314","1409","1544",
"횡령","재중","범죄자[명]","명","173","270","230","164","203","157","176","204","199","259",
"횡령","중퇴","범죄자[명]","명","256","316","372","371","414","440","450","404","432","416",
"횡령","졸업","범죄자[명]","명","741","955","1148","1101","1446","1508","1461","1547","1636","1740",
"횡령","재중","범죄자[명]","명","624","834","946","740","839","843","745","691","607","638",
"횡령","중퇴","범죄자[명]","명","556","635","774","645","781","805","715","738","737","745",
"횡령","졸업","범죄자[명]","명","6035","6091","6950","6697","7692","8003","7642","7379","7677","7799",
"횡령","재중","범죄자[명]","명","67","60","69","56","67","78","62","76","72","56",
"횡령","중퇴","범죄자[명]","명","75","79","105","110","108","118","110","129","128","130",
"횡령","졸업","범죄자[명]","명","672","785","1014","966","1129","1028","1149","1163","1134","1175",
"횡령","재중","범죄자[명]","명","336","378","423","372","483","493","517","466","397","358",
"횡령","중퇴","범죄자[명]","명","292","382","472","485","552","712","625","693","702","620",
"횡령","졸업","범죄자[명]","명","2028","2043","2669","2639","2969","2866","3088","3056","3090","3050",
"횡령","대학원","범죄자[명]","명","493","","","","","","","","","",
"횡령","재중","범죄자[명]","명","","49","63","74","75","66","78","53","50","45",
"횡령","중퇴","범죄자[명]","명","","39","48","39","55","64","45","34","40","36",
"횡령","졸업","범죄자[명]","명","","345","427","447","553","508","527","448","483","480",
"횡령","기타","범죄자[명]","명","696","478","268","293","319","286","225","214","217","259",
"횡령","미상","범죄자[명]","명","17662","14973","15761","15751","16806","15923","14164","15979","15335","15721",
"배임","계","범죄자[명]","명","7860","7510","8425","9361","8233","7608","7806","8209","8151","8324",
"배임","불취학","범죄자[명]","명","8","14","18","13","8","9","8","12","6","5",
"배임","재중","범죄자[명]","명","","","","","","","-","-","-","-",
"배임","중퇴","범죄자[명]","명","16","19","19","22","22","6","8","11","18","7",
"배임","졸업","범죄자[명]","명","87","107","129","132","91","95","91","86","94","55",
"배임","재중","범죄자[명]","명","","","","","","","-","-","-","-",
"배임","중퇴","범죄자[명]","명","18","29","35","22","28","24","28","21","19","11",
"배임","졸업","범죄자[명]","명","128","127","149","179","145","162","138","91","91","86",
"배임","재중","범죄자[명]","명","1","7","","","1","2","-","-","-","2",
"배임","중퇴","범죄자[명]","명","46","45","45","50","43","56","50","36","42","33",
"배임","졸업","범죄자[명]","명","1079","952","1188","1607","1015","1030","1123","997","890","813",
"배임","재중","범죄자[명]","명","1","1","","","1","1","3","2","1","2",
"배임","중퇴","범죄자[명]","명","6","10","11","14","6","7","16","5","10","7",
"배임","졸업","범죄자[명]","명","137","149","212","295","247","201","199","197","193","169",
"배임","재중","범죄자[명]","명","15","5","10","16","10","23","13","12","13","12",
"배임","중퇴","범죄자[명]","명","40","56","72","86","69","55","70","48","73","68",
"배임","졸업","범죄자[명]","명","702","808","844","1013","896","812","902","878","732","705",
"배임","대학원","범죄자[명]","명","143","","","","","","","","","",
"배임","재중","범죄자[명]","명","","5","6","7","7","9","10","4","7","7",
"배임","중퇴","범죄자[명]","명","","6","6","5","14","5","9","7","11","9",
"배임","졸업","범죄자[명]","명","","140","150","221","183","170","170","193","135","144",
"배임","기타","범죄자[명]","명","135","117","53","96","35","18","25","29","22","82",
"배임","미상","범죄자[명]","명","5298","4913","5478","5583","5412","4923","4943","5580","5794","6107",
"풍속범죄","계","범죄자[명]","명","61383","50905","48014","41694","41083","45149","35781","32183","33779","34671",
"풍속범죄","불취학","범죄자[명]","명","393","379","361","299","349","276","284","231","262","179",
"풍속범죄","재중","범죄자[명]","명","3","7","","","2","1","1","3","2","5",
"풍속범죄","중퇴","범죄자[명]","명","458","419","402","349","431","393","341","323","343","341",
"풍속범죄","졸업","범죄자[명]","명","3216","3059","2732","2597","2644","2144","1997","1736","1718","1587",
"풍속범죄","재중","범죄자[명]","명","73","131","113","151","146","279","283","342","342","507",
"풍속범죄","중퇴","범죄자[명]","명","793","875","813","707","831","829","643","569","540","482",
"풍속범죄","졸업","범죄자[명]","명","4966","4413","4086","3674","3891","3626","3039","2909","2810","2473",
"풍속범죄","재중","범죄자[명]","명","389","535","471","474","580","823","886","908","878","1276",
"풍속범죄","중퇴","범죄자[명]","명","1517","1423","1224","1185","1149","1269","1050","978","929","890",
"풍속범죄","졸업","범죄자[명]","명","26247","20992","18642","16040","15870","17943","13340","11657","12308","12504",
"풍속범죄","재중","범죄자[명]","명","202","128","142","126","126","157","119","144","138","167",
"풍속범죄","중퇴","범죄자[명]","명","190","204","239","197","223","260","259","146","200","228",
"풍속범죄","졸업","범죄자[명]","명","2224","1999","2335","1993","1877","2704","1956","1692","1855","1713",
"풍속범죄","재중","범죄자[명]","명","2341","1756","2194","1288","1293","1660","1199","1075","1066","1339",
"풍속범죄","중퇴","범죄자[명]","명","799","831","993","842","892","1424","985","815","915","943",
"풍속범죄","졸업","범죄자[명]","명","4525","4148","4677","3960","3917","5459","4184","3637","3957","4095",
"풍속범죄","대학원","범죄자[명]","명","660","","","","","","","","","",
"풍속범죄","재중","범죄자[명]","명","","184","192","174","168","185","112","109","116","131",
"풍속범죄","중퇴","범죄자[명]","명","","54","71","58","60","72","54","37","49","44",
"풍속범죄","졸업","범죄자[명]","명","","400","446","414","355","479","390","303","308","332",
"풍속범죄","기타","범죄자[명]","명","3830","2164","1012","918","793","769","461","365","482","485",
"풍속범죄","미상","범죄자[명]","명","8557","6804","6869","6248","5486","4397","4198","4204","4561","4950",
"성풍속범죄","계","범죄자[명]","명","15209","16321","18688","13945","11917","11207","12046","12713","12473","13546",
"성풍속범죄","불취학","범죄자[명]","명","22","51","44","30","30","35","46","44","47","34",
"성풍속범죄","재중","범죄자[명]","명","","7","","","1","1","1","1","2","4",
"성풍속범죄","중퇴","범죄자[명]","명","24","58","62","46","57","62","73","76","68","70",
"성풍속범죄","졸업","범죄자[명]","명","168","277","319","274","229","217","241","198","222","232",
"성풍속범죄","재중","범죄자[명]","명","71","116","112","151","145","274","279","341","338","502",
"성풍속범죄","중퇴","범죄자[명]","명","96","153","190","169","192","149","115","128","121","127",
"성풍속범죄","졸업","범죄자[명]","명","333","548","548","506","470","396","431","399","397","350",
"성풍속범죄","재중","범죄자[명]","명","355","495","464","457","553","734","839","876","843","1231",
"성풍속범죄","중퇴","범죄자[명]","명","220","330","360","314","252","241","252","286","269","269",
"성풍속범죄","졸업","범죄자[명]","명","4293","4845","5371","3666","3250","3291","3282","3442","3324","3381",
"성풍속범죄","재중","범죄자[명]","명","154","92","123","93","93","89","91","132","113","139",
"성풍속범죄","중퇴","범죄자[명]","명","63","102","116","89","76","51","99","75","95","112",
"성풍속범죄","졸업","범죄자[명]","명","799","1016","1288","917","760","710","784","871","844","790",
"성풍속범죄","재중","범죄자[명]","명","2002","1569","2016","1049","1022","954","902","912","805","1025",
"성풍속범죄","중퇴","범죄자[명]","명","315","448","608","406","346","446","391","451","447","423",
"성풍속범죄","졸업","범죄자[명]","명","2020","2501","2946","2183","2048","1956","2066","2253","2111","2173",
"성풍속범죄","대학원","범죄자[명]","명","335","","","","","","","","","",
"성풍속범죄","재중","범죄자[명]","명","","152","176","140","140","117","93","100","92","114",
"성풍속범죄","중퇴","범죄자[명]","명","","32","50","36","31","31","30","17","28","21",
"성풍속범죄","졸업","범죄자[명]","명","","240","301","263","203","218","236","207","189","214",
"성풍속범죄","기타","범죄자[명]","명","384","267","189","157","181","148","143","116","139","133",
"성풍속범죄","미상","범죄자[명]","명","3555","3022","3405","2999","1838","1087","1652","1788","1979","2202",
"도박범죄","계","범죄자[명]","명","46174","34584","29326","27749","29166","33942","23735","19470","21306","21125",
"도박범죄","불취학","범죄자[명]","명","371","328","317","269","319","241","238","187","215","145",
"도박범죄","재중","범죄자[명]","명","3","","","","1","","-","2","-","1",
"도박범죄","중퇴","범죄자[명]","명","434","361","340","303","374","331","268","247","275","271",
"도박범죄","졸업","범죄자[명]","명","3048","2782","2413","2323","2415","1927","1756","1538","1496","1355",
"도박범죄","재중","범죄자[명]","명","2","15","1","","1","5","4","1","4","5",
"도박범죄","중퇴","범죄자[명]","명","697","722","623","538","639","680","528","441","419","355",
"도박범죄","졸업","범죄자[명]","명","4633","3865","3538","3168","3421","3230","2608","2510","2413","2123",
"도박범죄","재중","범죄자[명]","명","34","40","7","17","27","89","47","32","35","45",
"도박범죄","중퇴","범죄자[명]","명","1297","1093","864","871","897","1028","798","692","660","621",
"도박범죄","졸업","범죄자[명]","명","21954","16147","13271","12374","12620","14652","10058","8215","8984","9123",
"도박범죄","재중","범죄자[명]","명","48","36","19","33","33","68","28","12","25","28",
"도박범죄","중퇴","범죄자[명]","명","127","102","123","108","147","209","160","71","105","116",
"도박범죄","졸업","범죄자[명]","명","1425","983","1047","1076","1117","1994","1172","821","1011","923",
"도박범죄","재중","범죄자[명]","명","339","187","178","239","271","706","297","163","261","314",
"도박범죄","중퇴","범죄자[명]","명","484","383","385","436","546","978","594","364","468","520",
"도박범죄","졸업","범죄자[명]","명","2505","1647","1731","1777","1869","3503","2118","1384","1846","1922",
"도박범죄","대학원","범죄자[명]","명","325","","","","","","","","","",
"도박범죄","재중","범죄자[명]","명","","32","16","34","28","68","19","9","24","17",
"도박범죄","중퇴","범죄자[명]","명","","22","21","22","29","41","24","20","21","23",
"도박범죄","졸업","범죄자[명]","명","","160","145","151","152","261","154","96","119","118",
"도박범죄","기타","범죄자[명]","명","3446","1897","823","761","612","621","318","249","343","352",
"도박범죄","미상","범죄자[명]","명","5002","3782","3464","3249","3648","3310","2546","2416","2582","2748",
"특별경제범죄","계","범죄자[명]","명","91622","93427","83308","87648","90356","77669","72452","75348","79175","67904",
"특별경제범죄","불취학","범죄자[명]","명","305","445","422","480","492","465","365","380","336","270",
"특별경제범죄","재중","범죄자[명]","명","1","20","1","","","1","4","4","1","3",
"특별경제범죄","중퇴","범죄자[명]","명","490","566","557","644","656","586","536","540","563","449",
"특별경제범죄","졸업","범죄자[명]","명","2456","3041","2769","3274","3176","2731","2421","2275","2390","1881",
"특별경제범죄","재중","범죄자[명]","명","103","240","142","76","96","67","55","53","52","61",
"특별경제범죄","중퇴","범죄자[명]","명","1011","1189","1177","1266","1333","1199","1040","1006","1006","812",
"특별경제범죄","졸업","범죄자[명]","명","3945","4496","4274","4951","4907","4459","4084","4134","4408","3494",
"특별경제범죄","재중","범죄자[명]","명","392","557","351","308","490","305","214","199","264","227",
"특별경제범죄","중퇴","범죄자[명]","명","1823","2116","1919","2042","2266","1990","1764","1839","1886","1528",
"특별경제범죄","졸업","범죄자[명]","명","29231","30508","24007","26043","26360","23954","23664","24731","26598","21675",
"특별경제범죄","재중","범죄자[명]","명","234","207","130","122","152","112","98","130","185","105",
"특별경제범죄","중퇴","범죄자[명]","명","346","381","358","350","364","327","329","336","341","283",
"특별경제범죄","졸업","범죄자[명]","명","3247","3385","2996","3271","3460","3028","3114","3290","3900","3063",
"특별경제범죄","재중","범죄자[명]","명","1626","1508","1266","1272","1764","1108","1046","893","947","720",
"특별경제범죄","중퇴","범죄자[명]","명","1308","1547","1427","1687","1798","1631","1708","1881","2000","1596",
"특별경제범죄","졸업","범죄자[명]","명","6930","7518","7000","7986","8281","7726","7531","8259","8863","7627",
"특별경제범죄","대학원","범죄자[명]","명","1324","","","","","","","","","",
"특별경제범죄","재중","범죄자[명]","명","","241","167","196","252","149","141","113","133","120",
"특별경제범죄","중퇴","범죄자[명]","명","","130","115","141","138","130","104","84","92","66",
"특별경제범죄","졸업","범죄자[명]","명","","1155","958","1085","1156","1066","1159","1113","1116","1010",
"특별경제범죄","기타","범죄자[명]","명","2741","2104","894","1033","1181","1090","727","653","678","783",
"특별경제범죄","미상","범죄자[명]","명","34109","32073","32378","31421","32034","25545","22348","23435","23416","22131",
"마약범죄","계","범죄자[명]","명","5409","4731","5049","5264","6913","8443","8512","7677","9875","11630",
"마약범죄","불취학","범죄자[명]","명","149","130","122","134","191","233","270","258","240","306",
"마약범죄","재중","범죄자[명]","명","1","","","1","","","-","3","-","2",
"마약범죄","중퇴","범죄자[명]","명","64","75","80","69","126","151","149","127","157","189",
"마약범죄","졸업","범죄자[명]","명","308","259","345","285","521","574","574","493","644","766",
"마약범죄","재중","범죄자[명]","명","1","","1","3","5","1","1","-","-","4",
"마약범죄","중퇴","범죄자[명]","명","208","274","242","277","368","385","360","310","305","332",
"마약범죄","졸업","범죄자[명]","명","509","456","497","509","713","853","911","795","982","1038",
"마약범죄","재중","범죄자[명]","명","15","5","4","27","28","9","17","10","13","58",
"마약범죄","중퇴","범죄자[명]","명","451","341","302","355","480","534","489","427","551","525",
"마약범죄","졸업","범죄자[명]","명","1726","1603","1806","1862","2247","2706","2796","2501","3380","4005",
"마약범죄","재중","범죄자[명]","명","10","12","7","3","5","11","8","10","24","38",
"마약범죄","중퇴","범죄자[명]","명","27","19","35","44","36","64","46","67","86","64",
"마약범죄","졸업","범죄자[명]","명","100","110","143","146","207","248","212","244","318","362",
"마약범죄","재중","범죄자[명]","명","49","59","63","96","121","104","110","127","213","268",
"마약범죄","중퇴","범죄자[명]","명","63","105","95","146","160","215","279","265","343","344",
"마약범죄","졸업","범죄자[명]","명","332","317","443","458","511","644","717","753","997","1225",
"마약범죄","대학원","범죄자[명]","명","94","","","","","","","","","",
"마약범죄","재중","범죄자[명]","명","","6","13","19","18","19","24","18","24","33",
"마약범죄","중퇴","범죄자[명]","명","","11","5","11","9","15","16","14","21","13",
"마약범죄","졸업","범죄자[명]","명","","64","107","74","77","105","98","114","109","151",
"마약범죄","기타","범죄자[명]","명","272","177","96","73","111","160","126","71","78","149",
"마약범죄","미상","범죄자[명]","명","1030","708","643","672","979","1412","1309","1070","1390","1758",
"보건범죄","계","범죄자[명]","명","20445","19531","23046","22085","20721","21649","19130","16965","18024","21810",
"보건범죄","불취학","범죄자[명]","명","196","233","275","208","219","202","162","156","177","162",
"보건범죄","재중","범죄자[명]","명","","","","","","","-","1","2","-",
"보건범죄","중퇴","범죄자[명]","명","206","204","274","240","205","178","171","183","176","186",
"보건범죄","졸업","범죄자[명]","명","1272","1216","1637","1403","1181","1241","957","890","933","897",
"보건범죄","재중","범죄자[명]","명","2","3","","2","1","2","-","1","4","9",
"보건범죄","중퇴","범죄자[명]","명","216","228","316","266","212","229","204","156","186","208",
"보건범죄","졸업","범죄자[명]","명","1687","1521","1944","1670","1523","1542","1289","1239","1379","1341",
"보건범죄","재중","범죄자[명]","명","27","14","9","8","3","8","8","5","3","27",
"보건범죄","중퇴","범죄자[명]","명","411","380","414","391","329","330","301","263","312","311",
"보건범죄","졸업","범죄자[명]","명","8371","7078","8526","7912","6726","6843","5976","4847","5791","6967",
"보건범죄","재중","범죄자[명]","명","22","19","33","17","13","12","11","14","13","26",
"보건범죄","중퇴","범죄자[명]","명","66","51","74","72","64","43","46","51","64","78",
"보건범죄","졸업","범죄자[명]","명","781","768","1019","927","974","1118","1007","907","1021","1116",
"보건범죄","재중","범죄자[명]","명","162","128","131","139","116","124","111","116","136","254",
"보건범죄","중퇴","범죄자[명]","명","230","308","371","353","352","417","379","321","379","571",
"보건범죄","졸업","범죄자[명]","명","2604","3433","3729","3923","4142","4709","3918","3739","3383","4249",
"보건범죄","대학원","범죄자[명]","명","665","","","","","","","","","",
"보건범죄","재중","범죄자[명]","명","","51","60","47","53","52","53","29","33","63",
"보건범죄","중퇴","범죄자[명]","명","","20","27","39","29","36","26","26","33","38",
"보건범죄","졸업","범죄자[명]","명","","667","685","788","774","843","847","662","567","757",
"보건범죄","기타","범죄자[명]","명","846","487","267","294","273","204","139","140","165","295",
"보건범죄","미상","범죄자[명]","명","2681","2722","3255","3386","3532","3516","3525","3219","3267","4255",
"환경범죄","계","범죄자[명]","명","3113","3247","3588","3136","3176","3802","4378","4066","5088","4329",
"환경범죄","불취학","범죄자[명]","명","28","25","24","20","19","24","21","19","30","22",
"환경범죄","재중","범죄자[명]","명","","","","","","","-","-","-","-",
"환경범죄","중퇴","범죄자[명]","명","30","38","42","34","26","41","48","46","27","29",
"환경범죄","졸업","범죄자[명]","명","238","228","241","192","263","224","246","256","284","246",
"환경범죄","재중","범죄자[명]","명","2","","","","1","4","2","-","2","-",
"환경범죄","중퇴","범죄자[명]","명","51","46","57","43","64","48","64","53","89","62",
"환경범죄","졸업","범죄자[명]","명","285","248","323","279","250","311","389","341","425","315",
"환경범죄","재중","범죄자[명]","명","5","","","1","","5","2","1","2","2",
"환경범죄","중퇴","범죄자[명]","명","59","69","65","49","64","71","86","95","131","106",
"환경범죄","졸업","범죄자[명]","명","1152","1108","1207","1051","993","1285","1494","1255","1751","1535",
"환경범죄","재중","범죄자[명]","명","1","1","1","1","","1","2","-","7","1",
"환경범죄","중퇴","범죄자[명]","명","6","5","7","4","11","11","13","12","14","10",
"환경범죄","졸업","범죄자[명]","명","182","201","242","171","168","266","275","248","324","279",
"환경범죄","재중","범죄자[명]","명","7","7","7","13","15","15","12","10","18","11",
"환경범죄","중퇴","범죄자[명]","명","27","34","50","54","57","55","84","64","111","84",
"환경범죄","졸업","범죄자[명]","명","396","489","587","589","564","725","812","809","901","735",
"환경범죄","대학원","범죄자[명]","명","66","","","","","","","","","",
"환경범죄","재중","범죄자[명]","명","","4","5","2","11","6","2","7","5","3",
"환경범죄","중퇴","범죄자[명]","명","","6","4","4","3","7","10","4","14","3",
"환경범죄","졸업","범죄자[명]","명","","71","85","117","131","119","145","120","106","116",
"환경범죄","기타","범죄자[명]","명","116","118","81","38","45","41","22","39","21","29",
"환경범죄","미상","범죄자[명]","명","462","549","560","474","491","543","649","687","826","741",
"교통범죄","계","범죄자[명]","명","524350","512076","536756","533126","549374","555352","484552","413147","383717","356446",
"교통범죄","불취학","범죄자[명]","명","1240","1240","1508","1455","1664","1774","1512","1206","1174","1033",
"교통범죄","재중","범죄자[명]","명","26","22","14","13","13","10","20","17","7","14",
"교통범죄","중퇴","범죄자[명]","명","1761","1847","2059","2010","2265","2490","2215","1847","1744","1624",
"교통범죄","졸업","범죄자[명]","명","12469","13115","14209","13683","14743","15315","12807","10841","9719","8872",
"교통범죄","재중","범죄자[명]","명","1469","1735","1043","947","801","739","857","699","807","1015",
"교통범죄","중퇴","범죄자[명]","명","3091","3364","3695","3673","3778","3932","3499","2951","2618","2340",
"교통범죄","졸업","범죄자[명]","명","18198","18699","22001","21468","22456","22807","19998","17514","15337","13943",
"교통범죄","재중","범죄자[명]","명","6039","6502","4447","4062","3937","4233","4507","3373","3151","3639",
"교통범죄","중퇴","범죄자[명]","명","6752","6206","6447","6170","6563","7118","6474","5771","5580","5021",
"교통범죄","졸업","범죄자[명]","명","206582","182400","181895","174421","168936","170130","144942","117049","101072","92812",
"교통범죄","재중","범죄자[명]","명","1210","994","821","724","708","609","572","658","639","594",
"교통범죄","중퇴","범죄자[명]","명","985","1041","1211","1121","1035","1054","989","1005","944","919",
"교통범죄","졸업","범죄자[명]","명","17856","20023","25379","24519","23459","23484","21246","18717","15783","13944",
"교통범죄","재중","범죄자[명]","명","7236","7600","6858","6559","6670","6116","5454","4297","3931","4022",
"교통범죄","중퇴","범죄자[명]","명","3754","4258","5682","5738","6550","7285","7048","6127","5439","4930",
"교통범죄","졸업","범죄자[명]","명","57088","61808","73976","69090","69188","70062","62322","51967","43515","37965",
"교통범죄","대학원","범죄자[명]","명","6674","","","","","","","","","",
"교통범죄","재중","범죄자[명]","명","","1367","1398","1199","1230","1229","1120","738","659","623",
"교통범죄","중퇴","범죄자[명]","명","","319","333","311","315","350","401","238","237","253",
"교통범죄","졸업","범죄자[명]","명","","5501","6197","5798","5784","5931","5703","4439","3994","3571",
"교통범죄","기타","범죄자[명]","명","21309","17052","12142","11804","10530","8249","7370","5656","4490","4537",
"교통범죄","미상","범죄자[명]","명","150611","156983","165441","178361","198749","202435","175496","158037","162877","154775",
"노동범죄","계","범죄자[명]","명","2641","2378","2309","2131","2395","5860","4964","2073","865","613",
"노동범죄","불취학","범죄자[명]","명","11","12","8","9","11","25","21","8","2","4",
"노동범죄","재중","범죄자[명]","명","","","","","","","-","-","-","-",
"노동범죄","중퇴","범죄자[명]","명","19","23","15","10","18","53","45","18","2","3",
"노동범죄","졸업","범죄자[명]","명","78","146","135","90","128","330","320","107","31","9",
"노동범죄","재중","범죄자[명]","명","","2","","","3","","-","-","-","-",
"노동범죄","중퇴","범죄자[명]","명","55","45","35","32","23","73","55","30","16","14",
"노동범죄","졸업","범죄자[명]","명","176","226","168","158","197","442","369","179","56","38",
"노동범죄","재중","범죄자[명]","명","4","","1","","3","1","1","3","-","-",
"노동범죄","중퇴","범죄자[명]","명","90","96","69","58","77","135","114","51","37","16",
"노동범죄","졸업","범죄자[명]","명","1326","1053","1115","1005","1165","2870","2307","877","343","222",
"노동범죄","재중","범죄자[명]","명","4","2","1","","1","1","1","1","1","-",
"노동범죄","중퇴","범죄자[명]","명","23","5","14","11","7","30","17","14","7","4",
"노동범죄","졸업","범죄자[명]","명","118","104","137","106","142","400","329","150","51","33",
"노동범죄","재중","범죄자[명]","명","21","20","7","3","7","22","15","9","2","1",
"노동범죄","중퇴","범죄자[명]","명","32","32","40","39","40","101","86","34","25","18",
"노동범죄","졸업","범죄자[명]","명","175","213","213","183","222","634","595","286","88","77",
"노동범죄","대학원","범죄자[명]","명","36","","","","","","","","","",
"노동범죄","재중","범죄자[명]","명","","3","3","1","4","8","4","2","-","-",
"노동범죄","중퇴","범죄자[명]","명","","5","3","5","1","14","5","2","1","1",
"노동범죄","졸업","범죄자[명]","명","","17","22","17","28","54","53","17","12","9",
"노동범죄","기타","범죄자[명]","명","93","44","14","50","29","93","46","11","6","9",
"노동범죄","미상","범죄자[명]","명","380","330","309","354","289","574","581","274","185","155",
"안보범죄","계","범죄자[명]","명","160","126","152","90","174","151","251","187","545","678",
"안보범죄","불취학","범죄자[명]","명","","1","","1","1","1","-","-","-","1",
"안보범죄","재중","범죄자[명]","명","","","","","","","-","-","-","-",
"안보범죄","중퇴","범죄자[명]","명","1","1","","","1","","2","-","1","1",
"안보범죄","졸업","범죄자[명]","명","4","1","5","1","3","","2","1","3","4",
"안보범죄","재중","범죄자[명]","명","","2","","","","1","1","-","-","-",
"안보범죄","중퇴","범죄자[명]","명","5","2","5","2","3","2","2","1","10","1",
"안보범죄","졸업","범죄자[명]","명","3","2","2","1","3","1","7","4","18","28",
"안보범죄","재중","범죄자[명]","명","","","1","","","","4","-","-","2",
"안보범죄","중퇴","범죄자[명]","명","4","2","4","2","5","","11","2","21","32",
"안보범죄","졸업","범죄자[명]","명","27","37","15","20","71","40","99","76","290","385",
"안보범죄","재중","범죄자[명]","명","","","","","","","1","-","2","3",
"안보범죄","중퇴","범죄자[명]","명","3","2","1","1","","","-","1","6","2",
"안보범죄","졸업","범죄자[명]","명","9","7","4","9","5","3","8","13","17","30",
"안보범죄","재중","범죄자[명]","명","1","3","2","1","4","4","2","2","10","11",
"안보범죄","중퇴","범죄자[명]","명","6","7","5","5","13","1","9","6","27","28",
"안보범죄","졸업","범죄자[명]","명","35","33","66","14","25","19","52","18","38","47",
"안보범죄","대학원","범죄자[명]","명","10","","","","","","","","","",
"안보범죄","재중","범죄자[명]","명","","","2","1","2","","1","1","-","-",
"안보범죄","중퇴","범죄자[명]","명","","1","1","","","","1","1","1","-",
"안보범죄","졸업","범죄자[명]","명","","5","6","3","3","1","3","5","1","3",
"안보범죄","기타","범죄자[명]","명","4","1","2","3","1","4","2","3","11","4",
"안보범죄","미상","범죄자[명]","명","48","19","31","26","34","74","44","53","89","96",
"선거범죄","계","범죄자[명]","명","400","1855","409","2800","1121","1525","787","3280","1180","1545",
"선거범죄","불취학","범죄자[명]","명","2","7","","9","18","9","17","9","2","2",
"선거범죄","재중","범죄자[명]","명","","","","","","","-","1","-","-",
"선거범죄","중퇴","범죄자[명]","명","1","9","3","12","8","3","18","14","6","8",
"선거범죄","졸업","범죄자[명]","명","23","49","16","97","121","25","42","113","55","34",
"선거범죄","재중","범죄자[명]","명","","2","","","1","","-","4","-","-",
"선거범죄","중퇴","범죄자[명]","명","5","8","3","23","14","6","13","16","11","8",
"선거범죄","졸업","범죄자[명]","명","13","56","21","132","69","60","32","130","87","50",
"선거범죄","재중","범죄자[명]","명","","9","1","2","","1","2","8","1","11",
"선거범죄","중퇴","범죄자[명]","명","3","15","2","24","13","14","13","40","13","13",
"선거범죄","졸업","범죄자[명]","명","106","497","92","633","327","299","212","709","373","269",
"선거범죄","재중","범죄자[명]","명","","2","4","6","1","3","1","5","-","9",
"선거범죄","중퇴","범죄자[명]","명","2","5","2","9","3","4","3","8","-","5",
"선거범죄","졸업","범죄자[명]","명","22","65","18","130","57","58","39","157","54","47",
"선거범죄","재중","범죄자[명]","명","1","45","10","40","7","22","15","33","1","54",
"선거범죄","중퇴","범죄자[명]","명","4","22","9","46","6","13","23","48","9","16",
"선거범죄","졸업","범죄자[명]","명","98","372","98","567","169","326","140","654","158","249",
"선거범죄","대학원","범죄자[명]","명","28","","","","","","","","","",
"선거범죄","재중","범죄자[명]","명","","19","3","18","3","10","3","23","6","8",
"선거범죄","중퇴","범죄자[명]","명","","5","1","7","3","4","1","5","1","-",
"선거범죄","졸업","범죄자[명]","명","","157","28","207","50","139","47","257","44","98",
"선거범죄","기타","범죄자[명]","명","10","38","1","18","9","23","3","6","7","7",
"선거범죄","미상","범죄자[명]","명","82","473","97","820","242","506","163","1040","352","657",
"병역범죄","계","범죄자[명]","명","22752","18359","23200","18523","18241","15659","14574","13254","11809","3164",
"병역범죄","불취학","범죄자[명]","명","4","2","2","4","2","4","-","3","-","2",
"병역범죄","재중","범죄자[명]","명","","1","","","","","-","-","-","-",
"병역범죄","중퇴","범죄자[명]","명","8","13","10","4","7","5","3","3","12","2",
"병역범죄","졸업","범죄자[명]","명","42","52","60","37","33","37","29","30","22","10",
"병역범죄","재중","범죄자[명]","명","2","3","1","2","","","-","-","-","-",
"병역범죄","중퇴","범죄자[명]","명","49","83","102","98","141","87","84","34","57","10",
"병역범죄","졸업","범죄자[명]","명","756","933","1174","1225","1244","958","790","696","578","244",
"병역범죄","재중","범죄자[명]","명","9","9","2","4","2","2","2","2","-","-",
"병역범죄","중퇴","범죄자[명]","명","1203","1259","1545","1267","1395","1040","763","621","469","214",
"병역범죄","졸업","범죄자[명]","명","7441","8300","10345","8788","8831","7656","7266","6768","5998","1547",
"병역범죄","재중","범죄자[명]","명","88","92","113","88","58","52","63","62","48","13",
"병역범죄","중퇴","범죄자[명]","명","239","244","326","266","235","190","170","165","176","51",
"병역범죄","졸업","범죄자[명]","명","764","910","1143","876","703","677","710","609","568","101",
"병역범죄","재중","범죄자[명]","명","684","843","1042","726","710","647","642","554","536","101",
"병역범죄","중퇴","범죄자[명]","명","1156","1445","2087","1660","1621","1441","1387","1318","1161","278",
"병역범죄","졸업","범죄자[명]","명","1338","1727","2055","1547","1504","1497","1373","1306","1243","197",
"병역범죄","대학원","범죄자[명]","명","408","","","","","","","","","",
"병역범죄","재중","범죄자[명]","명","","137","171","108","117","89","89","47","57","17",
"병역범죄","중퇴","범죄자[명]","명","","124","176","126","107","107","82","53","41","13",
"병역범죄","졸업","범죄자[명]","명","","158","165","118","116","128","111","70","79","20",
"병역범죄","기타","범죄자[명]","명","544","357","356","319","235","156","152","98","65","20",
"병역범죄","미상","범죄자[명]","명","8017","1667","2325","1260","1180","886","858","815","699","324",
"기타범죄","계","범죄자[명]","명","224781","208432","213524","230854","241747","310870","272830","247023","256000","244539",
"기타범죄","불취학","범죄자[명]","명","1255","1456","1529","1684","1568","1739","1533","1408","1469","1141",
"기타범죄","재중","범죄자[명]","명","23","16","2","6","8","9","13","10","10","13",
"기타범죄","중퇴","범죄자[명]","명","1612","1726","1849","2114","2046","2341","2072","1949","1893","1745",
"기타범죄","졸업","범죄자[명]","명","9738","9881","10251","10472","10672","11807","10890","9308","9474","8225",
"기타범죄","재중","범죄자[명]","명","1025","1299","833","681","635","705","656","701","816","936",
"기타범죄","중퇴","범죄자[명]","명","3280","3421","3424","3583","3561","4250","3703","3046","3058","2889",
"기타범죄","졸업","범죄자[명]","명","13644","13530","13906","15411","15457","19230","17130","14883","15052","13144",
"기타범죄","재중","범죄자[명]","명","2671","3723","3525","3066","3237","3240","3177","2595","2395","2880",
"기타범죄","중퇴","범죄자[명]","명","6144","5812","5929","6016","6426","7822","6820","5753","6137","5679",
"기타범죄","졸업","범죄자[명]","명","80956","71227","70541","74223","75835","103104","87335","73446","74210","68765",
"기타범죄","재중","범죄자[명]","명","602","528","550","541","525","603","544","565","585","526",
"기타범죄","중퇴","범죄자[명]","명","838","790","838","908","959","1256","1052","1029","1043","955",
"기타범죄","졸업","범죄자[명]","명","8602","8050","8837","9522","10164","14251","12200","11083","11433","10501",
"기타범죄","재중","범죄자[명]","명","3308","3673","3507","4061","4211","5381","4458","3727","3689","3597",
"기타범죄","중퇴","범죄자[명]","명","3138","3351","3809","4419","4692","6700","5831","5185","5271","5039",
"기타범죄","졸업","범죄자[명]","명","21034","20654","22557","25107","26274","36510","31623","28415","29497","27840",
"기타범죄","대학원","범죄자[명]","명","4327","","","","","","","","","",
"기타범죄","재중","범죄자[명]","명","","627","584","618","692","909","754","516","490","485",
"기타범죄","중퇴","범죄자[명]","명","","309","294","334","412","558","514","269","348","328",
"기타범죄","졸업","범죄자[명]","명","","3548","3696","3990","4358","5359","4977","3987","4489","4275",
"기타범죄","기타","범죄자[명]","명","8955","5236","3147","3377","3328","4334","2625","1858","2274","2518",
"기타범죄","미상","범죄자[명]","명","53629","49575","53916","60721","66687","80762","74923","77290","82367","83058",
