"죄종별","연령별","항목","단위","2011 년","2012 년","2013 년","2014 년","2015 년","2016 년","2017 년","2018 년","2019 년","2020 년",
"계","계","범죄자[명]","명","1815233","1723815","1741302","1712435","1771390","1847605","1685461","1581922","1585638","1494421",
"계","미성년","범죄자[명]","명","86616","104532","88549","77280","79342","75757","72425","65784","65907","64152",
"계","14세미만","범죄자[명]","명","316","654","281","54","80","78","88","","","",
"계","14세","범죄자[명]","명","5454","12751","11158","9673","8521","7524","7691","8314","9028","9109",
"계","15세","범죄자[명]","명","17834","20645","16311","14010","14358","13752","12364","11563","11681","11924",
"계","16세","범죄자[명]","명","22791","25490","19926","16885","17584","17551","16308","13273","13503","13517",
"계","17세","범죄자[명]","명","20774","23454","20400","17447","18171","17552","17255","15348","14249","13653",
"계","18세","범죄자[명]","명","19447","21538","20473","19211","20628","19300","18719","17286","17446","15949",
"계","성년","범죄자[명]","명","1728590","1618724","1651378","1633101","1689960","1768887","1611388","1513619","1516477","1425704",
"계","19세","범죄자[명]","명","20441","19924","19835","20534","23945","22849","20720","19261","20259","19683",
"계","20세","범죄자[명]","명","16214","15877","16056","15710","19161","20590","19202","17814","18026","19208",
"계","21~25세","범죄자[명]","명","107114","107903","116405","113422","126957","138071","132024","121050","118801","113482",
"계","26~30세","범죄자[명]","명","190553","169358","167984","149979","149606","154947","140560","129466","131970","125947",
"계","31~35세","범죄자[명]","명","191804","177256","186107","180894","181726","186937","156474","133036","123442","110634",
"계","36~40세","범죄자[명]","명","215190","190062","188086","175951","173733","186020","167953","157168","156540","142209",
"계","41~45세","범죄자[명]","명","252987","232617","232003","224227","218020","217607","185225","164345","155689","139964",
"계","46~50세","범죄자[명]","명","260745","236111","233067","226968","233219","237797","212580","197856","192774","173001",
"계","51~55세","범죄자[명]","명","223253","218323","222444","226513","229356","231562","203101","189415","184847","176698",
"계","56~60세","범죄자[명]","명","125455","126281","134885","148001","163633","179230","176638","175113","180686","168218",
"계","61~65세","범죄자[명]","명","65158","64138","68546","75269","83771","95834","99201","105100","116263","117834",
"계","66~70세","범죄자[명]","명","34635","34394","36222","40378","45367","50996","50962","53132","58659","59119",
"계","71세이상","범죄자[명]","명","25041","26480","29738","35255","41466","46447","46748","50863","58521","59707",
"계","미상","범죄자[명]","명","27","559","1375","2054","2088","2961","1648","2519","3254","4565",
"강력범죄","계","범죄자[명]","명","25346","23789","25351","25065","25821","27071","28927","28302","28943","26971",
"강력범죄","미성년","범죄자[명]","명","3209","3231","3052","2610","2377","2410","2311","2267","2358","1898",
"강력범죄","14세미만","범죄자[명]","명","5","27","19","","3","3","1","","","",
"강력범죄","14세","범죄자[명]","명","136","327","334","330","265","295","258","303","305","245",
"강력범죄","15세","범죄자[명]","명","502","487","497","466","462","451","401","403","431","385",
"강력범죄","16세","범죄자[명]","명","852","743","653","541","501","577","521","452","463","359",
"강력범죄","17세","범죄자[명]","명","871","866","799","601","554","545","531","502","525","388",
"강력범죄","18세","범죄자[명]","명","843","781","750","672","592","539","599","607","634","521",
"강력범죄","성년","범죄자[명]","명","22137","20553","22277","22419","23421","24628","26606","26005","26550","25046",
"강력범죄","19세","범죄자[명]","명","776","662","640","631","582","581","600","588","693","515",
"강력범죄","20세","범죄자[명]","명","497","484","442","464","428","470","494","476","509","484",
"강력범죄","21~25세","범죄자[명]","명","2292","2245","2498","2627","2805","2932","3424","3444","3339","3101",
"강력범죄","26~30세","범죄자[명]","명","3027","2829","2734","2471","2453","2634","2955","2885","3150","3077",
"강력범죄","31~35세","범죄자[명]","명","2741","2545","2722","2601","2790","2731","2807","2483","2529","2381",
"강력범죄","36~40세","범죄자[명]","명","2713","2403","2472","2336","2396","2530","2749","2623","2720","2596",
"강력범죄","41~45세","범죄자[명]","명","2892","2680","2843","2883","2778","2720","2749","2566","2376","2262",
"강력범죄","46~50세","범죄자[명]","명","2723","2283","2542","2609","2760","2910","2970","2948","2842","2553",
"강력범죄","51~55세","범죄자[명]","명","2080","2024","2267","2362","2508","2624","2684","2655","2651","2565",
"강력범죄","56~60세","범죄자[명]","명","1075","1121","1420","1566","1751","1986","2277","2366","2381","2186",
"강력범죄","61~65세","범죄자[명]","명","659","555","764","798","962","1091","1294","1353","1452","1586",
"강력범죄","66~70세","범죄자[명]","명","367","364","466","520","554","619","772","737","876","816",
"강력범죄","71세이상","범죄자[명]","명","295","358","467","551","654","800","831","881","1032","924",
"강력범죄","미상","범죄자[명]","명","","5","22","36","23","33","10","30","35","27",
"살인기수","계","범죄자[명]","명","449","446","377","447","389","379","344","350","345","341",
"살인기수","미성년","범죄자[명]","명","7","12","6","18","7","4","10","5","9","2",
"살인기수","14세미만","범죄자[명]","명","","","","","","","-","","","",
"살인기수","14세","범죄자[명]","명","","1","","1","","1","-","-","-","-",
"살인기수","15세","범죄자[명]","명","","2","","6","1","1","-","-","-","1",
"살인기수","16세","범죄자[명]","명","2","2","","5","1","","-","3","3","1",
"살인기수","17세","범죄자[명]","명","2","3","4","2","4","","8","-","1","-",
"살인기수","18세","범죄자[명]","명","3","4","2","4","1","2","2","2","5","-",
"살인기수","성년","범죄자[명]","명","442","434","369","429","382","375","334","345","335","339",
"살인기수","19세","범죄자[명]","명","2","4","3","7","3","2","7","3","6","3",
"살인기수","20세","범죄자[명]","명","3","1","3","5","2","5","3","5","-","3",
"살인기수","21~25세","범죄자[명]","명","21","36","22","31","23","25","21","21","22","23",
"살인기수","26~30세","범죄자[명]","명","38","33","38","19","29","24","20","27","26","22",
"살인기수","31~35세","범죄자[명]","명","53","38","29","33","34","39","33","34","32","19",
"살인기수","36~40세","범죄자[명]","명","60","69","36","54","41","36","37","39","36","36",
"살인기수","41~45세","범죄자[명]","명","71","58","54","70","62","44","38","47","30","36",
"살인기수","46~50세","범죄자[명]","명","62","51","45","57","44","64","39","39","34","30",
"살인기수","51~55세","범죄자[명]","명","56","67","49","45","48","48","39","37","37","42",
"살인기수","56~60세","범죄자[명]","명","27","35","34","36","39","41","43","33","44","51",
"살인기수","61~65세","범죄자[명]","명","19","14","18","31","19","12","16","21","29","40",
"살인기수","66~70세","범죄자[명]","명","12","16","19","19","9","15","22","15","17","16",
"살인기수","71세이상","범죄자[명]","명","18","12","19","22","29","20","16","24","22","18",
"살인기수","미상","범죄자[명]","명","","","2","","","","-","-","1","-",
"살인미수등","계","범죄자[명]","명","836","610","620","575","586","616","561","516","525","454",
"살인미수등","미성년","범죄자[명]","명","5","11","15","15","11","15","7","4","10","7",
"살인미수등","14세미만","범죄자[명]","명","","","","","","","-","","","",
"살인미수등","14세","범죄자[명]","명","","","2","1","2","1","1","-","2","2",
"살인미수등","15세","범죄자[명]","명","1","2","2","5","1","1","1","-","1","1",
"살인미수등","16세","범죄자[명]","명","","2","3","2","1","1","-","1","1","1",
"살인미수등","17세","범죄자[명]","명","1","4","2","4","4","6","3","1","3","1",
"살인미수등","18세","범죄자[명]","명","3","3","6","3","3","6","2","2","3","2",
"살인미수등","성년","범죄자[명]","명","831","598","605","559","574","601","554","512","515","445",
"살인미수등","19세","범죄자[명]","명","9","3","6","2","2","3","5","3","6","4",
"살인미수등","20세","범죄자[명]","명","6","5","5","4","1","5","5","9","2","4",
"살인미수등","21~25세","범죄자[명]","명","46","19","29","21","37","29","41","37","24","46",
"살인미수등","26~30세","범죄자[명]","명","64","65","54","29","38","41","49","31","37","36",
"살인미수등","31~35세","범죄자[명]","명","80","50","52","48","43","58","42","32","41","34",
"살인미수등","36~40세","범죄자[명]","명","104","66","50","63","60","58","43","45","46","40",
"살인미수등","41~45세","범죄자[명]","명","134","102","90","96","72","74","61","44","50","41",
"살인미수등","46~50세","범죄자[명]","명","152","114","98","94","96","103","76","81","73","50",
"살인미수등","51~55세","범죄자[명]","명","115","74","92","89","98","82","84","72","72","52",
"살인미수등","56~60세","범죄자[명]","명","64","48","65","59","67","67","69","67","73","57",
"살인미수등","61~65세","범죄자[명]","명","32","20","27","24","24","35","38","49","45","41",
"살인미수등","66~70세","범죄자[명]","명","12","13","13","19","13","27","17","19","28","17",
"살인미수등","71세이상","범죄자[명]","명","13","19","24","11","23","19","24","23","18","23",
"살인미수등","미상","범죄자[명]","명","","1","","1","1","","-","-","-","2",
"강도","계","범죄자[명]","명","4890","3322","2593","2078","1999","1716","1456","1165","1336","1202",
"강도","미성년","범죄자[명]","명","1144","848","607","405","441","316","242","214","361","321",
"강도","14세미만","범죄자[명]","명","","1","1","","","","-","","","",
"강도","14세","범죄자[명]","명","36","61","61","37","15","16","9","27","38","36",
"강도","15세","범죄자[명]","명","185","113","97","87","70","42","33","34","69","84",
"강도","16세","범죄자[명]","명","284","220","139","94","122","99","69","49","84","79",
"강도","17세","범죄자[명]","명","328","261","170","98","133","94","69","56","77","68",
"강도","18세","범죄자[명]","명","311","192","139","89","101","65","62","48","93","54",
"강도","성년","범죄자[명]","명","3746","2472","1983","1663","1554","1384","1213","944","974","879",
"강도","19세","범죄자[명]","명","239","152","101","70","98","80","51","53","82","44",
"강도","20세","범죄자[명]","명","134","89","69","59","61","57","39","52","51","52",
"강도","21~25세","범죄자[명]","명","513","370","308","262","203","194","168","150","148","145",
"강도","26~30세","범죄자[명]","명","617","476","296","246","212","166","154","97","128","116",
"강도","31~35세","범죄자[명]","명","546","391","319","255","263","209","174","97","111","94",
"강도","36~40세","범죄자[명]","명","450","276","252","203","172","171","159","109","101","112",
"강도","41~45세","범죄자[명]","명","427","284","240","196","168","138","116","99","75","71",
"강도","46~50세","범죄자[명]","명","369","176","162","130","139","141","134","103","95","71",
"강도","51~55세","범죄자[명]","명","236","142","111","110","126","94","101","79","72","68",
"강도","56~60세","범죄자[명]","명","118","60","73","74","65","76","62","59","60","52",
"강도","61~65세","범죄자[명]","명","66","25","32","33","21","29","31","26","32","26",
"강도","66~70세","범죄자[명]","명","20","20","9","14","15","17","13","12","8","15",
"강도","71세이상","범죄자[명]","명","11","11","11","11","11","12","11","8","11","13",
"강도","미상","범죄자[명]","명","","2","3","10","4","16","1","7","1","2",
"강간·강제추행","계","범죄자[명]","명","17652","18012","","","","","","","","",
"강간·강제추행","미성년","범죄자[명]","명","1883","2164","","","","","","","","",
"강간·강제추행","14세미만","범죄자[명]","명","5","17","","","","","","","","",
"강간·강제추행","14세","범죄자[명]","명","80","215","","","","","","","","",
"강간·강제추행","15세","범죄자[명]","명","280","326","","","","","","","","",
"강간·강제추행","16세","범죄자[명]","명","507","485","","","","","","","","",
"강간·강제추행","17세","범죄자[명]","명","502","565","","","","","","","","",
"강간·강제추행","18세","범죄자[명]","명","509","556","","","","","","","","",
"강간·강제추행","성년","범죄자[명]","명","15769","15846","","","","","","","","",
"강간·강제추행","19세","범죄자[명]","명","511","480","","","","","","","","",
"강간·강제추행","20세","범죄자[명]","명","341","380","","","","","","","","",
"강간·강제추행","21~25세","범죄자[명]","명","1647","1773","","","","","","","","",
"강간·강제추행","26~30세","범죄자[명]","명","2240","2179","","","","","","","","",
"강간·강제추행","31~35세","범죄자[명]","명","1937","1991","","","","","","","","",
"강간·강제추행","36~40세","범죄자[명]","명","1947","1848","","","","","","","","",
"강간·강제추행","41~45세","범죄자[명]","명","2026","2027","","","","","","","","",
"강간·강제추행","46~50세","범죄자[명]","명","1877","1710","","","","","","","","",
"강간·강제추행","51~55세","범죄자[명]","명","1449","1527","","","","","","","","",
"강간·강제추행","56~60세","범죄자[명]","명","762","876","","","","","","","","",
"강간·강제추행","61~65세","범죄자[명]","명","494","462","","","","","","","","",
"강간·강제추행","66~70세","범죄자[명]","명","301","297","","","","","","","","",
"강간·강제추행","71세이상","범죄자[명]","명","237","296","","","","","","","","",
"강간·강제추행","미상","범죄자[명]","명","","2","","","","","","","","",
"강간","계","범죄자[명]","명","","","5856","5517","5621","5829","5943","5947","6138","6113",
"강간","미성년","범죄자[명]","명","","","866","824","738","742","745","752","638","565",
"강간","14세미만","범죄자[명]","명","","","1","","3","1","-","","","",
"강간","14세","범죄자[명]","명","","","51","80","62","64","57","58","51","42",
"강간","15세","범죄자[명]","명","","","159","135","138","140","110","129","115","88",
"강간","16세","범죄자[명]","명","","","178","156","153","192","158","157","122","95",
"강간","17세","범죄자[명]","명","","","248","228","199","174","195","187","167","128",
"강간","18세","범죄자[명]","명","","","229","225","183","171","225","221","183","212",
"강간","성년","범죄자[명]","명","","","4983","4677","4872","5082","5194","5189","5489","5540",
"강간","19세","범죄자[명]","명","","","204","214","183","180","174","186","226","184",
"강간","20세","범죄자[명]","명","","","152","157","141","141","145","134","167","170",
"강간","21~25세","범죄자[명]","명","","","740","823","859","922","1039","990","1022","1012",
"강간","26~30세","범죄자[명]","명","","","805","681","678","757","779","782","888","921",
"강간","31~35세","범죄자[명]","명","","","697","653","742","702","675","579","617","694",
"강간","36~40세","범죄자[명]","명","","","552","462","488","526","570","568","619","660",
"강간","41~45세","범죄자[명]","명","","","516","471","507","491","463","446","438","454",
"강간","46~50세","범죄자[명]","명","","","435","430","414","445","439","470","416","374",
"강간","51~55세","범죄자[명]","명","","","405","346","359","369","359","351","361","371",
"강간","56~60세","범죄자[명]","명","","","216","224","254","256","269","324","337","278",
"강간","61~65세","범죄자[명]","명","","","117","89","129","133","134","166","200","188",
"강간","66~70세","범죄자[명]","명","","","80","64","53","68","83","95","100","127",
"강간","71세이상","범죄자[명]","명","","","64","63","65","92","65","98","98","107",
"강간","미상","범죄자[명]","명","","","7","16","11","5","4","6","11","8",
"유사강간","계","범죄자[명]","명","","","136","389","535","598","694","848","895","934",
"유사강간","미성년","범죄자[명]","명","","","20","70","90","93","124","128","140","94",
"유사강간","14세미만","범죄자[명]","명","","","","","","","-","","","",
"유사강간","14세","범죄자[명]","명","","","5","11","12","20","20","17","14","11",
"유사강간","15세","범죄자[명]","명","","","3","14","15","16","29","20","25","20",
"유사강간","16세","범죄자[명]","명","","","3","16","25","9","27","32","24","18",
"유사강간","17세","범죄자[명]","명","","","5","19","17","20","25","25","36","15",
"유사강간","18세","범죄자[명]","명","","","4","10","21","28","23","34","41","30",
"유사강간","성년","범죄자[명]","명","","","116","319","445","504","570","719","754","839",
"유사강간","19세","범죄자[명]","명","","","7","12","20","15","23","29","30","29",
"유사강간","20세","범죄자[명]","명","","","2","14","19","11","22","19","35","31",
"유사강간","21~25세","범죄자[명]","명","","","19","51","56","89","107","145","144","164",
"유사강간","26~30세","범죄자[명]","명","","","9","38","50","71","65","110","103","136",
"유사강간","31~35세","범죄자[명]","명","","","10","36","62","44","54","69","96","75",
"유사강간","36~40세","범죄자[명]","명","","","15","31","35","44","59","60","54","76",
"유사강간","41~45세","범죄자[명]","명","","","15","39","54","52","55","69","75","67",
"유사강간","46~50세","범죄자[명]","명","","","12","26","50","56","59","58","62","64",
"유사강간","51~55세","범죄자[명]","명","","","12","27","43","43","40","58","50","63",
"유사강간","56~60세","범죄자[명]","명","","","7","17","23","40","37","44","44","61",
"유사강간","61~65세","범죄자[명]","명","","","4","11","15","16","26","24","31","41",
"유사강간","66~70세","범죄자[명]","명","","","2","11","7","15","13","14","12","19",
"유사강간","71세이상","범죄자[명]","명","","","2","6","11","8","10","20","18","13",
"유사강간","미상","범죄자[명]","명","","","","","","1","-","1","1","1",
"강제추행","계","범죄자[명]","명","","","12496","13400","14488","16016","18272","17631","17892","16382",
"강제추행","미성년","범죄자[명]","명","","","868","883","859","982","967","972","981","738",
"강제추행","14세미만","범죄자[명]","명","","","14","","","1","1","","","",
"강제추행","14세","범죄자[명]","명","","","133","136","131","150","138","154","159","116",
"강제추행","15세","범죄자[명]","명","","","144","157","178","201","186","180","168","154",
"강제추행","16세","범죄자[명]","명","","","177","165","162","203","203","170","179","134",
"강제추행","17세","범죄자[명]","명","","","184","155","155","191","187","197","207","153",
"강제추행","18세","범죄자[명]","명","","","216","270","233","236","252","271","268","181",
"강제추행","성년","범죄자[명]","명","","","11620","12509","13623","15025","17300","16643","16890","15630",
"강제추행","19세","범죄자[명]","명","","","225","268","233","262","316","287","296","220",
"강제추행","20세","범죄자[명]","명","","","158","180","171","230","261","229","221","208",
"강제추행","21~25세","범죄자[명]","명","","","1103","1222","1477","1559","1933","1966","1837","1619",
"강제추행","26~30세","범죄자[명]","명","","","1237","1278","1316","1471","1787","1751","1866","1752",
"강제추행","31~35세","범죄자[명]","명","","","1350","1351","1479","1537","1738","1542","1529","1375",
"강제추행","36~40세","범죄자[명]","명","","","1298","1306","1428","1562","1742","1671","1724","1562",
"강제추행","41~45세","범죄자[명]","명","","","1585","1693","1668","1724","1849","1682","1559","1479",
"강제추행","46~50세","범죄자[명]","명","","","1449","1567","1698","1844","2002","1961","1922","1773",
"강제추행","51~55세","범죄자[명]","명","","","1286","1430","1530","1708","1850","1814","1841","1750",
"강제추행","56~60세","범죄자[명]","명","","","849","969","1099","1325","1617","1591","1625","1497",
"강제추행","61~65세","범죄자[명]","명","","","489","523","652","767","970","959","1008","1130",
"강제추행","66~70세","범죄자[명]","명","","","292","344","414","442","578","537","655","570",
"강제추행","71세이상","범죄자[명]","명","","","299","378","458","594","657","653","807","695",
"강제추행","미상","범죄자[명]","명","","","8","8","6","9","5","16","21","14",
"기타 강간·강제추행등","계","범죄자[명]","명","","","1887","1193","686","521","371","458","495","349",
"기타 강간·강제추행등","미성년","범죄자[명]","명","","","529","239","135","111","98","83","120","72",
"기타 강간·강제추행등","14세미만","범죄자[명]","명","","","1","","","1","-","","","",
"기타 강간·강제추행등","14세","범죄자[명]","명","","","40","17","5","16","6","11","10","7",
"기타 강간·강제추행등","15세","범죄자[명]","명","","","61","26","35","17","13","13","26","21",
"기타 강간·강제추행등","16세","범죄자[명]","명","","","124","65","22","27","27","22","23","13",
"기타 강간·강제추행등","17세","범죄자[명]","명","","","164","71","32","28","29","20","25","7",
"기타 강간·강제추행등","18세","범죄자[명]","명","","","139","60","41","22","23","17","36","24",
"기타 강간·강제추행등","성년","범죄자[명]","명","","","1356","953","550","408","273","375","375","277",
"기타 강간·강제추행등","19세","범죄자[명]","명","","","73","43","20","21","12","11","25","16",
"기타 강간·강제추행등","20세","범죄자[명]","명","","","42","32","19","8","12","11","23","6",
"기타 강간·강제추행등","21~25세","범죄자[명]","명","","","216","143","84","61","50","61","55","36",
"기타 강간·강제추행등","26~30세","범죄자[명]","명","","","219","122","68","52","40","33","40","39",
"기타 강간·강제추행등","31~35세","범죄자[명]","명","","","173","124","63","37","21","48","32","28",
"기타 강간·강제추행등","36~40세","범죄자[명]","명","","","157","104","66","42","34","38","48","23",
"기타 강간·강제추행등","41~45세","범죄자[명]","명","","","130","104","46","37","21","40","27","18",
"기타 강간·강제추행등","46~50세","범죄자[명]","명","","","116","72","49","43","14","37","32","27",
"기타 강간·강제추행등","51~55세","범죄자[명]","명","","","103","86","50","46","22","32","28","25",
"기타 강간·강제추행등","56~60세","범죄자[명]","명","","","54","50","33","25","16","29","27","21",
"기타 강간·강제추행등","61~65세","범죄자[명]","명","","","35","25","23","13","10","22","19","19",
"기타 강간·강제추행등","66~70세","범죄자[명]","명","","","20","21","16","11","9","6","9","7",
"기타 강간·강제추행등","71세이상","범죄자[명]","명","","","18","27","13","12","12","7","10","12",
"기타 강간·강제추행등","미상","범죄자[명]","명","","","2","1","1","2","-","-","-","-",
"방화","계","범죄자[명]","명","1519","1399","1386","1466","1517","1396","1286","1387","1317","1196",
"방화","미성년","범죄자[명]","명","170","196","141","156","96","147","118","109","99","99",
"방화","14세미만","범죄자[명]","명","","9","2","","","","-","","","",
"방화","14세","범죄자[명]","명","20","50","42","47","38","27","27","36","31","31",
"방화","15세","범죄자[명]","명","36","44","31","36","24","33","29","27","27","16",
"방화","16세","범죄자[명]","명","59","34","29","38","15","46","37","18","27","18",
"방화","17세","범죄자[명]","명","38","33","22","24","10","32","15","16","9","16",
"방화","18세","범죄자[명]","명","17","26","15","11","9","9","10","12","5","18",
"방화","성년","범죄자[명]","명","1349","1203","1245","1310","1421","1249","1168","1278","1218","1097",
"방화","19세","범죄자[명]","명","15","23","21","15","23","18","12","16","22","15",
"방화","20세","범죄자[명]","명","13","9","11","13","14","13","7","17","10","10",
"방화","21~25세","범죄자[명]","명","65","47","61","74","66","53","65","74","87","56",
"방화","26~30세","범죄자[명]","명","68","76","76","58","62","52","61","54","62","55",
"방화","31~35세","범죄자[명]","명","125","75","92","101","104","105","70","82","71","62",
"방화","36~40세","범죄자[명]","명","152","144","112","113","106","91","105","93","92","87",
"방화","41~45세","범죄자[명]","명","234","209","213","214","201","160","146","139","122","96",
"방화","46~50세","범죄자[명]","명","263","232","225","233","270","214","207","199","208","164",
"방화","51~55세","범죄자[명]","명","224","214","209","229","254","234","189","212","190","194",
"방화","56~60세","범죄자[명]","명","104","102","122","137","171","156","164","219","171","169",
"방화","61~65세","범죄자[명]","명","48","34","42","62","79","86","69","86","88","101",
"방화","66~70세","범죄자[명]","명","22","18","31","28","27","24","37","39","47","45",
"방화","71세이상","범죄자[명]","명","16","20","30","33","44","43","36","48","48","43",
"방화","미상","범죄자[명]","명","","","","","","","-","-","-","-",
"절도범죄","계","범죄자[명]","명","111390","104434","102658","95645","103166","106415","105695","97334","101295","98425",
"절도범죄","미성년","범죄자[명]","명","32693","36634","32499","25999","25914","22507","19971","16873","17111","17027",
"절도범죄","14세미만","범죄자[명]","명","63","276","69","5","13","5","8","","","",
"절도범죄","14세","범죄자[명]","명","2796","6380","6392","5241","4761","3743","3780","3838","4172","4371",
"절도범죄","15세","범죄자[명]","명","8700","9114","8206","6554","6775","6016","5078","4307","4388","4550",
"절도범죄","16세","범죄자[명]","명","9644","9602","7950","6220","6378","5805","5126","3858","3878","3938",
"절도범죄","17세","범죄자[명]","명","6671","6696","5765","4508","4421","3976","3478","2851","2626","2452",
"절도범죄","18세","범죄자[명]","명","4819","4566","4117","3471","3566","2962","2501","2019","2047","1716",
"절도범죄","성년","범죄자[명]","명","78695","67779","70136","69613","77210","83833","85681","80381","84099","81328",
"절도범죄","19세","범죄자[명]","명","4063","3269","3171","2774","3021","2599","2190","1738","1790","1407",
"절도범죄","20세","범죄자[명]","명","2511","2112","2011","1832","2140","2173","1957","1611","1431","1268",
"절도범죄","21~25세","범죄자[명]","명","8785","8928","9234","8875","9624","10296","9904","8550","7855","6593",
"절도범죄","26~30세","범죄자[명]","명","8883","7747","7670","6943","7483","7738","7558","6879","6625","6391",
"절도범죄","31~35세","범죄자[명]","명","8056","6854","7312","7019","7587","7691","7051","6201","5797","5214",
"절도범죄","36~40세","범죄자[명]","명","8301","6267","6442","6104","6355","6961","7120","6552","6980","6331",
"절도범죄","41~45세","범죄자[명]","명","8750","7257","7522","7205","7446","7345","7200","6541","6514","5994",
"절도범죄","46~50세","범죄자[명]","명","9305","7226","7376","7189","7796","8209","8542","7850","7995","7453",
"절도범죄","51~55세","범죄자[명]","명","8156","7327","7488","7772","8480","8914","8821","8345","8188","8355",
"절도범죄","56~60세","범죄자[명]","명","5030","4619","5052","5597","6684","7951","8888","8708","9554","9317",
"절도범죄","61~65세","범죄자[명]","명","3109","2626","2945","3439","4090","5209","6002","6402","7410","7945",
"절도범죄","66~70세","범죄자[명]","명","1965","1799","1820","2147","2778","3571","4099","4273","5216","5504",
"절도범죄","71세이상","범죄자[명]","명","1781","1748","2093","2717","3726","5176","6349","6731","8744","9556",
"절도범죄","미상","범죄자[명]","명","2","21","23","33","42","75","43","80","85","70",
"폭력범죄","계","범죄자[명]","명","392042","400282","369913","358275","372723","380965","363511","348969","346561","313990",
"폭력범죄","미성년","범죄자[명]","명","23807","33055","22589","20001","20036","20403","21948","20617","19638","15729",
"폭력범죄","14세미만","범죄자[명]","명","63","202","91","11","22","14","10","","","",
"폭력범죄","14세","범죄자[명]","명","1681","4046","2760","2327","1821","1954","2148","2492","2475","2009",
"폭력범죄","15세","범죄자[명]","명","5306","6626","3772","3473","3170","3520","3456","3483","3475","2746",
"폭력범죄","16세","범죄자[명]","명","5892","7450","4197","3637","3697","4050","4259","3665","3598","2947",
"폭력범죄","17세","범죄자[명]","명","5338","7272","5213","4271","4766","4535","5181","4651","4050","3197",
"폭력범죄","18세","범죄자[명]","명","5527","7459","6556","6282","6560","6330","6894","6326","6040","4830",
"폭력범죄","성년","범죄자[명]","명","368231","367161","347067","337952","352322","360212","341262","327893","326411","297821",
"폭력범죄","19세","범죄자[명]","명","6911","7435","6623","7056","7766","7823","7434","7086","6694","5779",
"폭력범죄","20세","범죄자[명]","명","5193","5645","4896","4790","5640","6234","5943","5567","5469","4977",
"폭력범죄","21~25세","범죄자[명]","명","28877","31809","30319","30183","32490","34509","35216","31407","30327","27040",
"폭력범죄","26~30세","범죄자[명]","명","39995","38049","33443","29491","28899","28695","28246","26789","26932","24926",
"폭력범죄","31~35세","범죄자[명]","명","38681","39068","37976","36294","37026","36763","32664","28774","26441","22505",
"폭력범죄","36~40세","범죄자[명]","명","43786","41651","38261","35361","35911","37538","35866","35167","35247","31251",
"폭력범죄","41~45세","범죄자[명]","명","53130","51522","48359","45923","45643","44139","39262","35688","34605","30488",
"폭력범죄","46~50세","범죄자[명]","명","55748","53523","49544","46417","48839","48549","44724","42862","42120","37244",
"폭력범죄","51~55세","범죄자[명]","명","47019","47884","46442","46375","46993","46231","41641","40253","39082","36627",
"폭력범죄","56~60세","범죄자[명]","명","24912","26100","26487","28767","32025","34806","34370","35222","36152","33414",
"폭력범죄","61~65세","범죄자[명]","명","12342","12414","12530","13559","15173","17428","18167","19760","21766","22110",
"폭력범죄","66~70세","범죄자[명]","명","6758","6827","6494","7125","8024","8919","9081","9662","10534","10586",
"폭력범죄","71세이상","범죄자[명]","명","4879","5234","5693","6611","7893","8578","8648","9656","11042","10874",
"폭력범죄","미상","범죄자[명]","명","4","66","257","322","365","350","301","459","512","440",
"상해","계","범죄자[명]","명","89138","84850","75206","66885","62059","65695","58851","52867","48854","43552",
"상해","미성년","범죄자[명]","명","2695","3224","2580","2517","2566","3079","3149","2778","2493","1850",
"상해","14세미만","범죄자[명]","명","9","13","23","1","","6","3","","","",
"상해","14세","범죄자[명]","명","160","266","236","222","186","275","276","334","291","174",
"상해","15세","범죄자[명]","명","457","450","324","303","352","474","414","472","420","292",
"상해","16세","범죄자[명]","명","562","642","442","425","474","594","640","501","423","367",
"상해","17세","범죄자[명]","명","657","789","656","603","656","738","807","630","573","397",
"상해","18세","범죄자[명]","명","850","1064","899","963","898","992","1009","841","786","620",
"상해","성년","범죄자[명]","명","86443","81623","72607","64358","59478","62604","55686","50054","46337","41664",
"상해","19세","범죄자[명]","명","1125","1182","1020","1060","1049","1117","995","974","786","667",
"상해","20세","범죄자[명]","명","912","937","811","764","843","912","848","712","662","582",
"상해","21~25세","범죄자[명]","명","5565","5863","5314","4957","4666","5236","5031","4202","3988","3445",
"상해","26~30세","범죄자[명]","명","8366","7578","6185","5108","4550","4718","4324","3806","3573","3244",
"상해","31~35세","범죄자[명]","명","8700","8101","7558","6572","6055","6110","5118","4210","3723","3009",
"상해","36~40세","범죄자[명]","명","10351","9223","7977","6698","5934","6240","5677","5182","4933","4341",
"상해","41~45세","범죄자[명]","명","12609","11663","10187","8586","7576","7743","6543","5384","4919","4346",
"상해","46~50세","범죄자[명]","명","13587","12203","10628","9042","8293","8529","7603","6588","6120","5278",
"상해","51~55세","범죄자[명]","명","11893","11549","10375","9263","8278","8535","7122","6516","5686","5303",
"상해","56~60세","범죄자[명]","명","6460","6542","6109","5986","5792","6567","5888","5749","5207","4870",
"상해","61~65세","범죄자[명]","명","3304","3251","3111","2919","2953","3232","3148","3276","3259","3293",
"상해","66~70세","범죄자[명]","명","2015","1911","1725","1659","1624","1791","1675","1633","1634","1590",
"상해","71세이상","범죄자[명]","명","1556","1620","1607","1744","1865","1874","1714","1822","1847","1696",
"상해","미상","범죄자[명]","명","","3","19","10","15","12","16","35","24","38",
"폭행","계","범죄자[명]","명","161782","167975","166337","171166","192308","216857","210745","204801","202710","178448",
"폭행","미성년","범죄자[명]","명","3591","6185","5500","5390","6589","7753","8492","8112","7714","6042",
"폭행","14세미만","범죄자[명]","명","9","28","16","8","6","1","1","","","",
"폭행","14세","범죄자[명]","명","136","520","393","393","376","468","558","683","720","552",
"폭행","15세","범죄자[명]","명","427","812","609","571","728","1019","956","1028","1108","846",
"폭행","16세","범죄자[명]","명","639","1222","907","865","1058","1414","1452","1322","1266","1012",
"폭행","17세","범죄자[명]","명","987","1521","1355","1279","1651","1829","2124","1943","1654","1324",
"폭행","18세","범죄자[명]","명","1393","2082","2220","2274","2770","3022","3401","3136","2966","2308",
"폭행","성년","범죄자[명]","명","158189","161763","160691","165607","185522","208918","202121","196452","194749","172247",
"폭행","19세","범죄자[명]","명","2115","2411","2480","2901","3466","4120","3943","3770","3566","3062",
"폭행","20세","범죄자[명]","명","1670","1933","1836","1921","2572","3277","3381","3077","2946","2621",
"폭행","21~25세","범죄자[명]","명","9760","11305","11809","12930","15724","19109","20338","18364","17837","15336",
"폭행","26~30세","범죄자[명]","명","15087","15089","14083","13401","14479","16137","16382","15933","16270","14522",
"폭행","31~35세","범죄자[명]","명","16158","16912","17208","17505","19452","21302","19266","17175","15857","13032",
"폭행","36~40세","범죄자[명]","명","19146","18915","18187","17761","19157","22265","21511","21473","21487","18332",
"폭행","41~45세","범죄자[명]","명","23905","23789","23268","23338","24810","26125","23577","21990","21022","17838",
"폭행","46~50세","범죄자[명]","명","25647","25152","24047","23459","26129","28472","26504","25961","25246","21805",
"폭행","51~55세","범죄자[명]","명","22144","22746","22950","23900","25641","27204","25047","24093","23182","21102",
"폭행","56~60세","범죄자[명]","명","11797","12543","13108","14931","17625","20667","20940","21386","21778","19546",
"폭행","61~65세","범죄자[명]","명","5812","5813","6121","7001","8258","10309","10994","11927","13115","12849",
"폭행","66~70세","범죄자[명]","명","2982","3038","3074","3570","4340","5217","5342","5815","6242","6117",
"폭행","71세이상","범죄자[명]","명","1966","2117","2520","2989","3869","4714","4896","5488","6201","6085",
"폭행","미상","범죄자[명]","명","2","27","146","169","197","186","132","237","247","159",
"체포·감금","계","범죄자[명]","명","969","1113","1086","1118","1226","1687","1911","1608","1654","1695",
"체포·감금","미성년","범죄자[명]","명","21","40","27","10","40","82","133","133","122","120",
"체포·감금","14세미만","범죄자[명]","명","1","","","","","","-","","","",
"체포·감금","14세","범죄자[명]","명","2","3","","","4","6","8","6","9","8",
"체포·감금","15세","범죄자[명]","명","3","8","4","1","3","11","24","23","25","14",
"체포·감금","16세","범죄자[명]","명","3","8","9","3","5","18","25","17","18","19",
"체포·감금","17세","범죄자[명]","명","8","8","9","1","17","22","40","39","27","37",
"체포·감금","18세","범죄자[명]","명","4","13","5","5","11","25","36","48","43","42",
"체포·감금","성년","범죄자[명]","명","948","1071","1056","1101","1183","1593","1768","1464","1523","1572",
"체포·감금","19세","범죄자[명]","명","9","8","9","18","16","38","41","48","67","63",
"체포·감금","20세","범죄자[명]","명","5","10","8","13","22","55","28","33","62","54",
"체포·감금","21~25세","범죄자[명]","명","57","67","54","77","83","173","220","146","160","214",
"체포·감금","26~30세","범죄자[명]","명","73","103","103","97","100","147","165","160","152","132",
"체포·감금","31~35세","범죄자[명]","명","108","108","113","112","133","198","186","145","133","136",
"체포·감금","36~40세","범죄자[명]","명","105","118","139","115","136","172","192","162","151","183",
"체포·감금","41~45세","범죄자[명]","명","163","156","149","158","136","183","202","161","138","141",
"체포·감금","46~50세","범죄자[명]","명","148","160","168","135","167","200","257","167","174","167",
"체포·감금","51~55세","범죄자[명]","명","124","147","143","183","168","172","197","172","165","158",
"체포·감금","56~60세","범죄자[명]","명","74","99","87","97","119","121","147","136","161","163",
"체포·감금","61~65세","범죄자[명]","명","38","51","43","57","47","72","67","67","86","94",
"체포·감금","66~70세","범죄자[명]","명","30","23","23","18","30","34","43","40","43","30",
"체포·감금","71세이상","범죄자[명]","명","14","21","17","21","26","28","23","27","31","37",
"체포·감금","미상","범죄자[명]","명","","2","3","7","3","12","10","11","9","3",
"협박","계","범죄자[명]","명","3855","4732","4682","5160","9197","16825","16599","18337","22377","22507",
"협박","미성년","범죄자[명]","명","70","183","127","142","196","366","470","565","672","671",
"협박","14세미만","범죄자[명]","명","3","9","1","","","","3","","","",
"협박","14세","범죄자[명]","명","3","23","15","20","21","34","43","65","84","95",
"협박","15세","범죄자[명]","명","15","39","24","26","28","54","80","111","110","121",
"협박","16세","범죄자[명]","명","11","45","28","22","49","81","95","107","169","139",
"협박","17세","범죄자[명]","명","21","29","25","47","51","84","119","156","149","140",
"협박","18세","범죄자[명]","명","17","38","34","27","47","113","130","126","160","176",
"협박","성년","범죄자[명]","명","3785","4547","4537","4995","8974","16421","16110","17708","21661","21779",
"협박","19세","범죄자[명]","명","11","31","24","39","64","151","150","155","175","191",
"협박","20세","범죄자[명]","명","24","23","24","25","67","136","131","144","180","174",
"협박","21~25세","범죄자[명]","명","103","131","153","186","366","1013","870","1001","1155","1165",
"협박","26~30세","범죄자[명]","명","193","253","271","276","478","964","1053","1124","1403","1456",
"협박","31~35세","범죄자[명]","명","339","403","431","415","828","1542","1429","1413","1592","1607",
"협박","36~40세","범죄자[명]","명","468","546","507","580","928","1779","1803","1976","2325","2307",
"협박","41~45세","범죄자[명]","명","643","746","726","773","1275","2337","2101","2125","2518","2482",
"협박","46~50세","범죄자[명]","명","726","839","782","836","1662","2645","2633","2661","3230","3072",
"협박","51~55세","범죄자[명]","명","619","778","753","863","1449","2513","2236","2685","3147","3261",
"협박","56~60세","범죄자[명]","명","349","376","448","547","973","1710","1869","2167","2832","2792",
"협박","61~65세","범죄자[명]","명","155","211","239","228","482","869","1021","1195","1652","1712",
"협박","66~70세","범죄자[명]","명","89","127","95","132","217","412","455","548","764","838",
"협박","71세이상","범죄자[명]","명","66","83","84","95","185","350","359","514","688","722",
"협박","미상","범죄자[명]","명","","2","18","23","27","38","19","64","44","57",
"약취·유인","계","범죄자[명]","명","340","270","260","252","252","305","285","260","351","296",
"약취·유인","미성년","범죄자[명]","명","16","16","20","13","16","11","23","13","20","23",
"약취·유인","14세미만","범죄자[명]","명","","","","","","","-","","","",
"약취·유인","14세","범죄자[명]","명","","7","1","","","","1","2","3","4",
"약취·유인","15세","범죄자[명]","명","2","","1","1","5","1","-","-","-","8",
"약취·유인","16세","범죄자[명]","명","1","1","3","2","2","3","8","2","2","1",
"약취·유인","17세","범죄자[명]","명","4","3","7","","4","1","7","5","6","5",
"약취·유인","18세","범죄자[명]","명","9","5","8","10","5","6","7","4","9","5",
"약취·유인","성년","범죄자[명]","명","324","254","240","238","236","294","260","247","318","273",
"약취·유인","19세","범죄자[명]","명","10","5","2","9","11","8","12","7","5","6",
"약취·유인","20세","범죄자[명]","명","9","11","6","5","3","11","7","5","6","8",
"약취·유인","21~25세","범죄자[명]","명","33","32","12","16","28","36","22","23","30","39",
"약취·유인","26~30세","범죄자[명]","명","39","30","28","29","22","39","23","20","30","37",
"약취·유인","31~35세","범죄자[명]","명","41","26","36","34","32","30","27","37","42","27",
"약취·유인","36~40세","범죄자[명]","명","48","25","43","37","30","40","42","34","55","32",
"약취·유인","41~45세","범죄자[명]","명","54","37","36","23","30","41","28","23","41","25",
"약취·유인","46~50세","범죄자[명]","명","40","29","20","23","21","20","20","18","24","16",
"약취·유인","51~55세","범죄자[명]","명","13","23","24","18","16","22","20","20","16","19",
"약취·유인","56~60세","범죄자[명]","명","19","18","12","20","26","18","22","26","27","23",
"약취·유인","61~65세","범죄자[명]","명","10","12","8","13","8","11","17","20","8","22",
"약취·유인","66~70세","범죄자[명]","명","5","4","7","4","4","13","14","8","12","11",
"약취·유인","71세이상","범죄자[명]","명","3","2","6","7","5","5","6","6","22","8",
"약취·유인","미상","범죄자[명]","명","","","","1","","","2","-","13","-",
"폭력행위등","계","범죄자[명]","명","103423","106256","89858","80113","73002","40963","36647","31885","28625","25342",
"폭력행위등","미성년","범죄자[명]","명","15386","19839","12467","10472","9118","7316","7707","6993","6450","5025",
"폭력행위등","14세미만","범죄자[명]","명","29","110","46","2","7","","2","","","",
"폭력행위등","14세","범죄자[명]","명","1210","2680","1792","1516","1048","952","1008","1129","1060","836",
"폭력행위등","15세","범죄자[명]","명","3880","4390","2383","2256","1767","1568","1612","1445","1393","1057",
"폭력행위등","16세","범죄자[명]","명","4106","4657","2454","2005","1829","1569","1593","1302","1263","1008",
"폭력행위등","17세","범죄자[명]","명","3232","4250","2789","2085","2058","1512","1637","1431","1204","893",
"폭력행위등","18세","범죄자[명]","명","2929","3752","3003","2608","2409","1715","1855","1686","1530","1231",
"폭력행위등","성년","범죄자[명]","명","88035","86393","77343","69557","63817","33586","28874","24828","22067","20206",
"폭력행위등","19세","범죄자[명]","명","3288","3386","2686","2574","2682","1831","1739","1591","1519","1231",
"폭력행위등","20세","범죄자[명]","명","2333","2490","1943","1734","1730","1383","1144","1119","1106","1024",
"폭력행위등","21~25세","범죄자[명]","명","11863","12630","11177","9946","9301","6284","5804","4821","4244","3838",
"폭력행위등","26~30세","범죄자[명]","명","13466","12183","10227","8104","6794","4036","3588","2999","2533","2327",
"폭력행위등","31~35세","범죄자[명]","명","10091","10141","9225","8284","7269","4034","3280","2626","2004","1730",
"폭력행위등","36~40세","범죄자[명]","명","9739","9021","7942","6735","6149","3126","2802","2412","2142","1983",
"폭력행위등","41~45세","범죄자[명]","명","10634","10169","9292","8289","7354","3019","2551","2063","1733","1603",
"폭력행위등","46~50세","범죄자[명]","명","10590","10101","9105","8100","7572","3190","2540","2227","1985","1822",
"폭력행위등","51~55세","범죄자[명]","명","8216","8263","7924","7564","6870","2796","2218","1849","1675","1670",
"폭력행위등","56~60세","범죄자[명]","명","4163","4297","4336","4431","4312","2009","1662","1566","1485","1381",
"폭력행위등","61~65세","범죄자[명]","명","1944","1960","1837","1990","1922","1036","820","857","867","871",
"폭력행위등","66~70세","범죄자[명]","명","1016","1002","899","981","983","449","393","388","422","395",
"폭력행위등","71세이상","범죄자[명]","명","692","750","750","825","879","393","333","310","352","331",
"폭력행위등","미상","범죄자[명]","명","2","24","48","84","67","61","66","64","108","111",
"공갈","계","범죄자[명]","명","3786","5455","3189","3674","2930","3638","3573","3521","3552","3434",
"공갈","미성년","범죄자[명]","명","1576","2778","1101","754","630","817","1022","1086","1053","928",
"공갈","14세미만","범죄자[명]","명","","19","1","","1","","-","","","",
"공갈","14세","범죄자[명]","명","136","473","260","132","96","137","177","183","172","165",
"공갈","15세","범죄자[명]","명","466","836","306","224","166","239","250","274","254","211",
"공갈","16세","범죄자[명]","명","491","744","218","178","133","205","272","249","238","211",
"공갈","17세","범죄자[명]","명","312","469","191","112","145","143","213","219","221","198",
"공갈","18세","범죄자[명]","명","171","237","125","108","89","93","110","161","168","143",
"공갈","성년","범죄자[명]","명","2210","2677","2081","2907","2295","2806","2547","2425","2487","2477",
"공갈","19세","범죄자[명]","명","99","139","62","68","74","81","88","101","110","118",
"공갈","20세","범죄자[명]","명","57","43","31","51","54","84","59","90","100","88",
"공갈","21~25세","범죄자[명]","명","101","154","124","185","180","280","257","236","282","277",
"공갈","26~30세","범죄자[명]","명","198","214","175","206","169","190","212","157","197","264",
"공갈","31~35세","범죄자[명]","명","242","297","258","342","250","280","265","228","223","247",
"공갈","36~40세","범죄자[명]","명","253","304","240","316","241","312","304","264","240","296",
"공갈","41~45세","범죄자[명]","명","330","402","290","428","300","327","287","270","262","233",
"공갈","46~50세","범죄자[명]","명","337","437","296","402","304","383","312","305","295","250",
"공갈","51~55세","범죄자[명]","명","279","365","281","431","324","351","299","297","302","250",
"공갈","56~60세","범죄자[명]","명","155","178","166","269","216","287","220","246","235","205",
"공갈","61~65세","범죄자[명]","명","81","79","86","122","101","114","131","122","130","151",
"공갈","66~70세","범죄자[명]","명","48","40","44","58","43","62","65","61","64","57",
"공갈","71세이상","범죄자[명]","명","30","25","28","29","39","55","48","48","47","41",
"공갈","미상","범죄자[명]","명","","","7","13","5","15","4","10","12","29",
"손괴","계","범죄자[명]","명","28749","29631","29295","29907","31749","34995","34900","35690","38438","38716",
"손괴","미성년","범죄자[명]","명","452","790","767","703","881","979","952","937","1114","1070",
"손괴","14세미만","범죄자[명]","명","12","23","4","","8","7","1","","","",
"손괴","14세","범죄자[명]","명","34","74","63","44","90","82","77","90","136","175",
"손괴","15세","범죄자[명]","명","56","91","121","91","121","154","120","130","165","197",
"손괴","16세","범죄자[명]","명","79","131","136","137","147","166","174","165","219","190",
"손괴","17세","범죄자[명]","명","117","203","181","144","184","206","234","228","216","203",
"손괴","18세","범죄자[명]","명","154","268","262","287","331","364","346","324","378","305",
"손괴","성년","범죄자[명]","명","28297","28833","28512","29189","30817","33990","33896","34715","37269","37603",
"손괴","19세","범죄자[명]","명","254","273","340","387","404","477","466","440","466","441",
"손괴","20세","범죄자[명]","명","183","198","237","277","349","376","345","387","407","426",
"손괴","21~25세","범죄자[명]","명","1395","1627","1676","1886","2142","2378","2674","2614","2631","2726",
"손괴","26~30세","범죄자[명]","명","2573","2599","2371","2270","2307","2464","2499","2590","2774","2944",
"손괴","31~35세","범죄자[명]","명","3002","3080","3147","3030","3007","3267","3093","2940","2867","2717",
"손괴","36~40세","범죄자[명]","명","3676","3499","3226","3119","3336","3604","3535","3664","3914","3777",
"손괴","41~45세","범죄자[명]","명","4792","4560","4411","4328","4162","4364","3973","3672","3972","3820",
"손괴","46~50세","범죄자[명]","명","4673","4602","4498","4420","4691","5110","4855","4935","5046","4834",
"손괴","51~55세","범죄자[명]","명","3731","4013","3992","4153","4247","4638","4502","4621","4909","4864",
"손괴","56~60세","범죄자[명]","명","1895","2047","2221","2486","2962","3427","3622","3946","4427","4434",
"손괴","61~65세","범죄자[명]","명","998","1037","1085","1229","1402","1785","1969","2296","2649","3118",
"손괴","66~70세","범죄자[명]","명","573","682","627","703","783","941","1094","1169","1353","1548",
"손괴","71세이상","범죄자[명]","명","552","616","681","901","1025","1159","1269","1441","1854","1954",
"손괴","미상","범죄자[명]","명","","8","16","15","51","26","52","38","55","43",
"지능범죄","계","범죄자[명]","명","329399","280243","304025","286099","294379","287025","269117","292114","308782","307706",
"지능범죄","미성년","범죄자[명]","명","7771","10048","11120","10483","11711","11035","9358","9801","10652","11732",
"지능범죄","14세미만","범죄자[명]","명","12","15","11","9","5","11","9","","","",
"지능범죄","14세","범죄자[명]","명","153","425","453","546","670","517","487","572","751","891",
"지능범죄","15세","범죄자[명]","명","600","1083","1242","1186","1487","1290","1060","1286","1328","1653",
"지능범죄","16세","범죄자[명]","명","1587","2271","2466","2353","2752","2561","1920","1943","2238","2299",
"지능범죄","17세","범죄자[명]","명","2380","3032","3496","3212","3326","3362","2874","2830","2866","3148",
"지능범죄","18세","범죄자[명]","명","3039","3222","3452","3177","3471","3294","3008","3170","3469","3741",
"지능범죄","성년","범죄자[명]","명","321623","269966","292457","274811","281978","275099","259192","281575","297069","294065",
"지능범죄","19세","범죄자[명]","명","2549","2617","3143","3380","4138","3745","3496","3758","4413","5384",
"지능범죄","20세","범죄자[명]","명","2301","2153","3233","2856","3909","3886","3692","4289","4579","5956",
"지능범죄","21~25세","범죄자[명]","명","14769","11773","15950","15078","19175","19781","19612","22470","23966","26955",
"지능범죄","26~30세","범죄자[명]","명","25537","19814","22426","18408","19585","18313","17871","19511","22224","24837",
"지능범죄","31~35세","범죄자[명]","명","31945","26274","29508","26559","26483","24747","21635","21693","21580","20515",
"지능범죄","36~40세","범죄자[명]","명","40680","32906","33919","29740","29234","28134","26095","28081","29696","27776",
"지능범죄","41~45세","범죄자[명]","명","51392","42761","44145","40828","38533","35597","31424","32704","31959","29011",
"지능범죄","46~50세","범죄자[명]","명","53677","43835","45440","42629","42449","40567","38238","40335","41540","37759",
"지능범죄","51~55세","범죄자[명]","명","47446","42250","44073","42671","42329","40424","36463","38337","39780","38722",
"지능범죄","56~60세","범죄자[명]","명","27119","23983","26637","27569","29511","31059","31142","34947","37747","35583",
"지능범죄","61~65세","범죄자[명]","명","13041","11299","12731","13054","14076","15427","16144","19691","22351","23315",
"지능범죄","66~70세","범죄자[명]","명","6538","5887","6294","6662","6968","7473","7382","8491","9542","9972",
"지능범죄","71세이상","범죄자[명]","명","4629","4414","4958","5377","5588","5946","5998","7268","7692","8280",
"지능범죄","미상","범죄자[명]","명","5","229","448","805","690","891","567","738","1061","1909",
"직무유기","계","범죄자[명]","명","669","823","802","801","860","642","663","713","788","947",
"직무유기","미성년","범죄자[명]","명","1","","0","","","5","3","1","-","-",
"직무유기","14세미만","범죄자[명]","명","1","","","","","2","-","","","",
"직무유기","14세","범죄자[명]","명","","","","","","","-","-","-","-",
"직무유기","15세","범죄자[명]","명","","","","","","","-","-","-","-",
"직무유기","16세","범죄자[명]","명","","","","","","3","-","-","-","-",
"직무유기","17세","범죄자[명]","명","","","","","","","3","-","-","-",
"직무유기","18세","범죄자[명]","명","","","","","","","-","1","-","-",
"직무유기","성년","범죄자[명]","명","668","818","772","680","802","607","616","655","680","791",
"직무유기","19세","범죄자[명]","명","","","1","1","","","-","-","7","-",
"직무유기","20세","범죄자[명]","명","","","","1","1","","-","-","1","1",
"직무유기","21~25세","범죄자[명]","명","2","1","4","5","4","2","2","13","8","4",
"직무유기","26~30세","범죄자[명]","명","26","30","35","25","31","16","31","31","51","66",
"직무유기","31~35세","범죄자[명]","명","67","92","75","71","84","54","50","51","54","73",
"직무유기","36~40세","범죄자[명]","명","90","101","93","87","83","99","76","98","86","112",
"직무유기","41~45세","범죄자[명]","명","124","142","127","115","108","86","101","83","106","97",
"직무유기","46~50세","범죄자[명]","명","128","135","148","120","145","114","112","140","117","119",
"직무유기","51~55세","범죄자[명]","명","130","168","157","135","180","103","125","100","134","151",
"직무유기","56~60세","범죄자[명]","명","81","106","98","97","131","109","94","110","95","133",
"직무유기","61~65세","범죄자[명]","명","14","21","22","13","22","10","17","15","13","24",
"직무유기","66~70세","범죄자[명]","명","4","8","6","5","7","6","2","9","1","6",
"직무유기","71세이상","범죄자[명]","명","2","14","6","5","6","8","6","5","7","5",
"직무유기","미상","범죄자[명]","명","","5","30","121","58","30","44","57","108","156",
"직권남용","계","범죄자[명]","명","357","409","523","595","587","577","679","811","974","1021",
"직권남용","미성년","범죄자[명]","명","","","0","","1","","-","-","-","-",
"직권남용","14세미만","범죄자[명]","명","","","","","1","","-","","","",
"직권남용","14세","범죄자[명]","명","","","","","","","-","-","-","-",
"직권남용","15세","범죄자[명]","명","","","","","","","-","-","-","-",
"직권남용","16세","범죄자[명]","명","","","","","","","-","-","-","-",
"직권남용","17세","범죄자[명]","명","","","","","","","-","-","-","-",
"직권남용","18세","범죄자[명]","명","","","","","","","-","-","-","-",
"직권남용","성년","범죄자[명]","명","357","406","497","530","552","549","657","779","909","881",
"직권남용","19세","범죄자[명]","명","","1","","","","","-","-","-","-",
"직권남용","20세","범죄자[명]","명","","","","","","","-","-","-","-",
"직권남용","21~25세","범죄자[명]","명","6","2","4","5","4","11","13","20","7","14",
"직권남용","26~30세","범죄자[명]","명","19","27","23","28","39","39","42","53","79","82",
"직권남용","31~35세","범죄자[명]","명","30","35","57","75","68","79","53","64","71","92",
"직권남용","36~40세","범죄자[명]","명","49","52","56","53","63","66","72","85","116","87",
"직권남용","41~45세","범죄자[명]","명","62","90","99","109","83","85","80","96","85","102",
"직권남용","46~50세","범죄자[명]","명","60","67","102","100","114","101","131","139","149","170",
"직권남용","51~55세","범죄자[명]","명","87","69","104","82","86","79","121","138","166","151",
"직권남용","56~60세","범죄자[명]","명","31","48","37","69","76","68","101","136","171","125",
"직권남용","61~65세","범죄자[명]","명","10","8","11","8","12","17","28","34","49","40",
"직권남용","66~70세","범죄자[명]","명","3","5","2","1","3","3","10","8","8","14",
"직권남용","71세이상","범죄자[명]","명","","2","2","","4","1","6","6","8","4",
"직권남용","미상","범죄자[명]","명","","3","26","65","34","28","22","32","65","140",
"증수뢰","계","범죄자[명]","명","1239","832","855","848","842","788","1128","1131","942","807",
"증수뢰","미성년","범죄자[명]","명","","","0","","","","-","-","-","-",
"증수뢰","14세미만","범죄자[명]","명","","","","","","","-","","","",
"증수뢰","14세","범죄자[명]","명","","","","","","","-","-","-","-",
"증수뢰","15세","범죄자[명]","명","","","","","","","-","-","-","-",
"증수뢰","16세","범죄자[명]","명","","","","","","","-","-","-","-",
"증수뢰","17세","범죄자[명]","명","","","","","","","-","-","-","-",
"증수뢰","18세","범죄자[명]","명","","","","","","","-","-","-","-",
"증수뢰","성년","범죄자[명]","명","1239","832","855","842","842","787","1128","1130","940","796",
"증수뢰","19세","범죄자[명]","명","","","","","","","-","-","-","-",
"증수뢰","20세","범죄자[명]","명","","","","","","","-","-","-","1",
"증수뢰","21~25세","범죄자[명]","명","5","1","2","","1","4","1","15","3","4",
"증수뢰","26~30세","범죄자[명]","명","22","5","","6","15","5","6","14","15","3",
"증수뢰","31~35세","범죄자[명]","명","49","32","21","30","39","13","23","49","21","9",
"증수뢰","36~40세","범죄자[명]","명","126","60","69","71","75","56","69","82","89","57",
"증수뢰","41~45세","범죄자[명]","명","236","153","133","135","127","124","152","154","128","116",
"증수뢰","46~50세","범죄자[명]","명","267","154","173","177","169","165","222","197","171","152",
"증수뢰","51~55세","범죄자[명]","명","270","209","220","190","191","172","258","218","203","159",
"증수뢰","56~60세","범죄자[명]","명","143","137","148","156","128","157","236","219","175","169",
"증수뢰","61~65세","범죄자[명]","명","79","50","49","47","59","52","97","112","76","77",
"증수뢰","66~70세","범죄자[명]","명","26","18","34","18","21","31","43","39","37","33",
"증수뢰","71세이상","범죄자[명]","명","16","13","6","12","17","8","21","31","22","16",
"증수뢰","미상","범죄자[명]","명","","","","6","","1","-","1","2","11",
"통화","계","범죄자[명]","명","121","163","434","334","286","220","531","255","143","86",
"통화","미성년","범죄자[명]","명","36","28","26","14","32","35","20","12","21","5",
"통화","14세미만","범죄자[명]","명","","","","","","","1","","","",
"통화","14세","범죄자[명]","명","","4","1","2","4","12","2","2","-","-",
"통화","15세","범죄자[명]","명","7","2","6","2","4","7","6","-","1","1",
"통화","16세","범죄자[명]","명","8","2","9","3","3","9","1","-","6","1",
"통화","17세","범죄자[명]","명","15","6","3","5","9","4","10","10","9","2",
"통화","18세","범죄자[명]","명","6","14","7","2","12","3","-","-","5","1",
"통화","성년","범죄자[명]","명","85","135","408","320","254","185","509","243","122","80",
"통화","19세","범죄자[명]","명","5","21","4","2","7","2","2","3","7","1",
"통화","20세","범죄자[명]","명","3","6","5","","2","5","4","1","2","-",
"통화","21~25세","범죄자[명]","명","16","31","20","14","21","24","17","8","10","7",
"통화","26~30세","범죄자[명]","명","8","24","19","5","11","12","21","8","8","11",
"통화","31~35세","범죄자[명]","명","17","11","21","9","7","3","11","6","3","7",
"통화","36~40세","범죄자[명]","명","5","7","4","6","8","4","4","2","7","5",
"통화","41~45세","범죄자[명]","명","3","9","5","7","8","4","1","3","3","3",
"통화","46~50세","범죄자[명]","명","5","8","305","237","151","39","362","107","7","3",
"통화","51~55세","범죄자[명]","명","8","5","4","8","13","81","60","94","57","29",
"통화","56~60세","범죄자[명]","명","10","6","16","11","10","6","6","5","7","5",
"통화","61~65세","범죄자[명]","명","1","4","5","13","11","4","11","4","4","2",
"통화","66~70세","범죄자[명]","명","2","","","3","3","","7","-","3","2",
"통화","71세이상","범죄자[명]","명","2","3","","5","2","1","3","2","4","5",
"통화","미상","범죄자[명]","명","","","","","","","2","-","-","1",
"문서·인장","계","범죄자[명]","명","22105","19479","20406","19460","19022","18024","15918","15576","16253","15465",
"문서·인장","미성년","범죄자[명]","명","1687","2622","2166","1816","1865","2068","1748","1467","1307","1264",
"문서·인장","14세미만","범죄자[명]","명","","","","","","","-","","","",
"문서·인장","14세","범죄자[명]","명","7","46","38","58","41","23","19","32","20","30",
"문서·인장","15세","범죄자[명]","명","69","197","151","160","133","123","107","133","118","113",
"문서·인장","16세","범죄자[명]","명","210","467","457","402","410","356","301","253","186","227",
"문서·인장","17세","범죄자[명]","명","540","976","899","707","764","891","626","534","473","443",
"문서·인장","18세","범죄자[명]","명","861","936","621","489","517","675","695","515","510","451",
"문서·인장","성년","범죄자[명]","명","20417","16834","18183","17519","17089","15847","14082","14033","14819","14046",
"문서·인장","19세","범죄자[명]","명","252","205","113","101","156","125","106","127","103","105",
"문서·인장","20세","범죄자[명]","명","115","78","88","116","138","142","101","147","135","134",
"문서·인장","21~25세","범죄자[명]","명","707","582","728","787","803","752","654","651","627","596",
"문서·인장","26~30세","범죄자[명]","명","1358","989","1208","1089","1102","1035","847","774","886","817",
"문서·인장","31~35세","범죄자[명]","명","1802","1415","1768","1704","1477","1385","1134","974","1004","924",
"문서·인장","36~40세","범죄자[명]","명","2483","1905","2055","1849","1670","1587","1291","1209","1361","1240",
"문서·인장","41~45세","범죄자[명]","명","3054","2395","2711","2423","2214","1963","1660","1564","1558","1390",
"문서·인장","46~50세","범죄자[명]","명","3118","2641","2659","2501","2536","2249","1998","1920","1969","1802",
"문서·인장","51~55세","범죄자[명]","명","2968","2539","2654","2563","2583","2260","1976","2051","2041","2000",
"문서·인장","56~60세","범죄자[명]","명","1913","1639","1836","1985","1933","2028","1948","1918","2091","1972",
"문서·인장","61~65세","범죄자[명]","명","1180","1037","1032","1045","1061","1012","1058","1283","1396","1515",
"문서·인장","66~70세","범죄자[명]","명","719","655","666","682","692","628","616","647","774","744",
"문서·인장","71세이상","범죄자[명]","명","748","754","665","674","724","681","693","768","874","807",
"문서·인장","미상","범죄자[명]","명","1","23","57","125","68","109","88","76","127","155",
"유가증권인지","계","범죄자[명]","명","1025","633","548","552","399","373","330","295","208","117",
"유가증권인지","미성년","범죄자[명]","명","","1","0","2","16","","3","12","2","-",
"유가증권인지","14세미만","범죄자[명]","명","","","","","","","-","","","",
"유가증권인지","14세","범죄자[명]","명","","","","","","","-","-","-","-",
"유가증권인지","15세","범죄자[명]","명","","","","1","2","","1","5","-","-",
"유가증권인지","16세","범죄자[명]","명","","","","","5","","1","6","-","-",
"유가증권인지","17세","범죄자[명]","명","","","","","9","","-","1","-","-",
"유가증권인지","18세","범죄자[명]","명","","1","","1","","","1","-","2","-",
"유가증권인지","성년","범죄자[명]","명","1025","630","547","548","383","373","327","283","205","116",
"유가증권인지","19세","범죄자[명]","명","1","1","1","","1","","-","-","-","-",
"유가증권인지","20세","범죄자[명]","명","2","3","","","","3","1","1","-","-",
"유가증권인지","21~25세","범죄자[명]","명","9","10","1","2","5","3","1","5","2","-",
"유가증권인지","26~30세","범죄자[명]","명","25","18","9","4","10","6","2","7","4","-",
"유가증권인지","31~35세","범죄자[명]","명","34","22","12","15","17","9","10","10","7","4",
"유가증권인지","36~40세","범죄자[명]","명","77","48","26","29","25","20","25","23","11","11",
"유가증권인지","41~45세","범죄자[명]","명","174","88","81","66","45","43","32","33","16","12",
"유가증권인지","46~50세","범죄자[명]","명","206","122","101","117","47","66","54","36","26","7",
"유가증권인지","51~55세","범죄자[명]","명","238","135","148","126","92","80","61","49","53","26",
"유가증권인지","56~60세","범죄자[명]","명","139","81","81","90","67","69","70","46","45","17",
"유가증권인지","61~65세","범죄자[명]","명","75","52","48","49","36","45","45","40","25","24",
"유가증권인지","66~70세","범죄자[명]","명","36","34","25","27","21","14","16","15","9","5",
"유가증권인지","71세이상","범죄자[명]","명","9","16","14","23","17","15","10","18","7","10",
"유가증권인지","미상","범죄자[명]","명","","2","1","2","","","-","-","1","1",
"사기","계","범죄자[명]","명","264634","220887","239309","222173","228205","223210","208482","229854","246160","245009",
"사기","미성년","범죄자[명]","명","4910","5837","7227","7224","8237","7435","6168","6919","8049","9161",
"사기","14세미만","범죄자[명]","명","6","8","9","6","2","8","7","","","",
"사기","14세","범죄자[명]","명","97","254","292","384","522","398","353","424","607","708",
"사기","15세","범죄자[명]","명","375","618","816","833","1100","948","770","983","1019","1328",
"사기","16세","범죄자[명]","명","1096","1383","1570","1582","1974","1806","1248","1372","1758","1795",
"사기","17세","범죄자[명]","명","1494","1644","2099","2070","2111","2031","1824","1869","2039","2337",
"사기","18세","범죄자[명]","명","1842","1930","2441","2349","2528","2244","1966","2271","2626","2993",
"사기","성년","범죄자[명]","명","259720","214886","231803","214555","219516","215177","201977","222463","237523","234678",
"사기","19세","범죄자[명]","명","2019","2119","2762","3025","3631","3275","3066","3362","4021","5004",
"사기","20세","범죄자[명]","명","1977","1885","2943","2526","3495","3437","3309","3875","4165","5583",
"사기","21~25세","범죄자[명]","명","12948","10144","13893","13022","16773","17180","17196","20127","21675","24619",
"사기","26~30세","범죄자[명]","명","22107","17051","19036","15350","16399","15172","14945","16717","19236","21686",
"사기","31~35세","범죄자[명]","명","26912","21829","24232","21259","21309","19956","17534","17771","17926","17059",
"사기","36~40세","범죄자[명]","명","33214","26645","27242","23275","22999","22319","20785","22632","24068","22426",
"사기","41~45세","범죄자[명]","명","41477","34242","34953","31832","29961","27889","24615","25936","25651","22938",
"사기","46~50세","범죄자[명]","명","43315","34914","35661","33073","32708","31820","29471","31803","33168","29735",
"사기","51~55세","범죄자[명]","명","37859","33356","34520","33267","32278","31383","28043","29654","31349","30164",
"사기","56~60세","범죄자[명]","명","21052","18350","20231","20768","22097","23332","23312","26650","29090","27333",
"사기","61~65세","범죄자[명]","명","9666","8066","9239","9542","10106","11221","11667","14331","16578","16960",
"사기","66~70세","범죄자[명]","명","4455","3892","4209","4458","4582","4935","4849","5684","6401","6685",
"사기","71세이상","범죄자[명]","명","2719","2393","2882","3158","3178","3258","3185","3921","4195","4486",
"사기","미상","범죄자[명]","명","4","164","279","394","452","598","337","472","588","1170",
"횡령","계","범죄자[명]","명","31389","29507","32723","31975","35945","35583","33580","35270","35163","35930",
"횡령","미성년","범죄자[명]","명","1137","1552","1700","1426","1556","1485","1416","1389","1272","1299",
"횡령","14세미만","범죄자[명]","명","5","7","2","3","2","1","1","","","",
"횡령","14세","범죄자[명]","명","49","121","122","102","103","84","113","114","124","153",
"횡령","15세","범죄자[명]","명","149","266","269","190","247","212","176","165","190","211",
"횡령","16세","범죄자[명]","명","273","418","430","366","359","384","369","312","288","275",
"횡령","17세","범죄자[명]","명","331","402","494","429","433","434","411","416","345","364",
"횡령","18세","범죄자[명]","명","330","338","383","336","412","370","346","382","325","296",
"횡령","성년","범죄자[명]","명","30252","27929","30987","30491","34346","34029","32111","33809","33819","34449",
"횡령","19세","범죄자[명]","명","270","269","260","250","338","331","321","263","271","270",
"횡령","20세","범죄자[명]","명","199","180","194","209","266","293","269","260","267","236",
"횡령","21~25세","범죄자[명]","명","1038","975","1257","1197","1513","1749","1670","1570","1579","1626",
"횡령","26~30세","범죄자[명]","명","1828","1511","1897","1663","1786","1873","1843","1752","1753","1990",
"횡령","31~35세","범죄자[명]","명","2698","2447","2835","2858","3061","2885","2478","2399","2202","2037",
"횡령","36~40세","범죄자[명]","명","3905","3407","3605","3408","3658","3373","3105","3256","3387","3179",
"횡령","41~45세","범죄자[명]","명","5072","4540","4801","4685","4876","4437","3859","3822","3570","3525",
"횡령","46~50세","범죄자[명]","명","5168","4571","4877","4776","5240","4837","4618","4757","4574","4454",
"횡령","51~55세","범죄자[명]","명","4432","4315","4705","4633","5325","4908","4484","4588","4436","4646",
"횡령","56~60세","범죄자[명]","명","2678","2594","3067","3136","3842","4100","3959","4578","4657","4461",
"횡령","61~65세","범죄자[명]","명","1355","1443","1626","1615","2050","2275","2468","3007","3189","3662",
"횡령","66~70세","범죄자[명]","명","839","861","916","1013","1181","1428","1399","1627","1847","1954",
"횡령","71세이상","범죄자[명]","명","770","816","947","1048","1210","1540","1638","1930","2087","2409",
"횡령","미상","범죄자[명]","명","","26","36","58","43","69","53","72","72","182",
"배임","계","범죄자[명]","명","7860","7510","8425","9361","8233","7608","7806","8209","8151","8324",
"배임","미성년","범죄자[명]","명","","8","1","1","4","7","-","1","1","3",
"배임","14세미만","범죄자[명]","명","","","","","","","-","","","",
"배임","14세","범죄자[명]","명","","","","","","","-","-","-","-",
"배임","15세","범죄자[명]","명","","","","","1","","-","-","-","-",
"배임","16세","범죄자[명]","명","","1","","","1","3","-","-","-","1",
"배임","17세","범죄자[명]","명","","4","1","1","","2","-","-","-","2",
"배임","18세","범죄자[명]","명","","3","","","2","2","-","1","1","-",
"배임","성년","범죄자[명]","명","7860","7496","8405","9326","8194","7545","7785","8180","8052","8228",
"배임","19세","범죄자[명]","명","2","1","2","1","5","12","1","3","4","4",
"배임","20세","범죄자[명]","명","5","1","3","4","7","6","8","5","9","1",
"배임","21~25세","범죄자[명]","명","38","27","41","46","51","56","58","61","55","85",
"배임","26~30세","범죄자[명]","명","144","159","199","238","192","155","134","155","192","182",
"배임","31~35세","범죄자[명]","명","336","391","487","538","421","363","342","369","292","310",
"배임","36~40세","범죄자[명]","명","731","681","769","962","653","610","668","694","571","659",
"배임","41~45세","범죄자[명]","명","1190","1102","1235","1456","1111","966","924","1013","842","828",
"배임","46~50세","범죄자[명]","명","1410","1223","1414","1528","1339","1176","1270","1236","1359","1317",
"배임","51~55세","범죄자[명]","명","1454","1454","1561","1667","1581","1358","1335","1445","1341","1396",
"배임","56~60세","범죄자[명]","명","1072","1022","1123","1257","1227","1190","1416","1285","1416","1368",
"배임","61~65세","범죄자[명]","명","661","618","699","722","719","791","753","865","1021","1011",
"배임","66~70세","범죄자[명]","명","454","414","436","455","458","428","440","462","462","529",
"배임","71세이상","범죄자[명]","명","363","403","436","452","430","434","436","587","488","538",
"배임","미상","범죄자[명]","명","","6","19","34","35","56","21","28","98","93",
"풍속범죄","계","범죄자[명]","명","61383","50905","48014","41694","41083","45149","35781","32183","33779","34671",
"풍속범죄","미성년","범죄자[명]","명","601","795","837","839","953","1434","1486","1590","1644","2253",
"풍속범죄","14세미만","범죄자[명]","명","5","11","6","1","1","","4","","","",
"풍속범죄","14세","범죄자[명]","명","26","59","67","106","89","167","154","214","235","334",
"풍속범죄","15세","범죄자[명]","명","65","110","116","102","147","246","268","291","279","413",
"풍속범죄","16세","범죄자[명]","명","130","175","151","168","215","304","344","320","327","516",
"풍속범죄","17세","범죄자[명]","명","169","187","220","214","224","307","372","378","370","501",
"풍속범죄","18세","범죄자[명]","명","206","253","277","248","277","410","344","387","433","489",
"풍속범죄","성년","범죄자[명]","명","60781","50103","47162","40833","40103","43690","34281","30578","32093","32397",
"풍속범죄","19세","범죄자[명]","명","481","409","572","366","385","472","357","380","389","591",
"풍속범죄","20세","범죄자[명]","명","521","378","414","270","310","448","355","297","335","469",
"풍속범죄","21~25세","범죄자[명]","명","3653","3113","3855","2612","2771","4080","2828","2638","2899","3501",
"풍속범죄","26~30세","범죄자[명]","명","5839","4205","4783","3576","3447","5123","3425","3106","3409","3887",
"풍속범죄","31~35세","범죄자[명]","명","6308","4975","5415","4533","4061","5806","3773","2966","2990","2910",
"풍속범죄","36~40세","범죄자[명]","명","6962","5149","4804","4020","3441","4583","3330","2962","3256","3208",
"풍속범죄","41~45세","범죄자[명]","명","8162","6626","5692","4952","4193","4336","3083","2521","2642","2532",
"풍속범죄","46~50세","범죄자[명]","명","10048","8066","6442","5788","5434","4711","3775","3143","3074","2823",
"풍속범죄","51~55세","범죄자[명]","명","9645","8471","7296","6517","6719","5532","4432","3884","3557","3299",
"풍속범죄","56~60세","범죄자[명]","명","5215","4918","4434","4620","5076","4704","4686","4301","4199","3983",
"풍속범죄","61~65세","범죄자[명]","명","2417","2388","2080","2128","2467","2285","2424","2494","2950","2873",
"풍속범죄","66~70세","범죄자[명]","명","1060","961","948","943","1134","1009","1114","1152","1432","1401",
"풍속범죄","71세이상","범죄자[명]","명","470","444","427","508","665","601","699","734","961","920",
"풍속범죄","미상","범죄자[명]","명","1","7","15","22","27","25","14","15","42","21",
"성풍속범죄","계","범죄자[명]","명","15209","16321","18688","13945","11917","11207","12046","12713","12473","13546",
"성풍속범죄","미성년","범죄자[명]","명","572","734","820","801","892","1258","1401","1521","1572","2162",
"성풍속범죄","14세미만","범죄자[명]","명","5","11","6","1","1","","4","","","",
"성풍속범죄","14세","범죄자[명]","명","25","55","67","106","88","166","153","214","234","330",
"성풍속범죄","15세","범죄자[명]","명","63","99","116","102","144","238","263","288","274","410",
"성풍속범죄","16세","범죄자[명]","명","124","161","150","166","208","280","334","309","319","500",
"성풍속범죄","17세","범죄자[명]","명","161","172","216","202","210","268","345","357","357","480",
"성풍속범죄","18세","범죄자[명]","명","194","236","265","224","241","306","302","353","388","442",
"성풍속범죄","성년","범죄자[명]","명","14636","15580","17853","13129","10999","9941","10632","11181","10871","11370",
"성풍속범죄","19세","범죄자[명]","명","446","361","543","307","294","301","302","331","316","459",
"성풍속범죄","20세","범죄자[명]","명","440","307","361","207","229","259","279","249","254","357",
"성풍속범죄","21~25세","범죄자[명]","명","2754","2412","3259","1828","1793","1743","1790","1983","1908","2241",
"성풍속범죄","26~30세","범죄자[명]","명","3169","2742","3304","2097","1876","1688","1794","2059","1937","2179",
"성풍속범죄","31~35세","범죄자[명]","명","2392","2604","3121","2308","1960","1620","1714","1635","1470","1416",
"성풍속범죄","36~40세","범죄자[명]","명","1819","2085","2189","1783","1397","1160","1230","1379","1353","1271",
"성풍속범죄","41~45세","범죄자[명]","명","1338","1777","1893","1642","1127","978","980","934","1000","899",
"성풍속범죄","46~50세","범죄자[명]","명","1071","1406","1275","1180","866","727","848","876","890","781",
"성풍속범죄","51~55세","범죄자[명]","명","691","1013","1024","885","638","639","635","620","582","588",
"성풍속범죄","56~60세","범죄자[명]","명","293","471","497","514","415","434","507","534","485","518",
"성풍속범죄","61~65세","범죄자[명]","명","125","231","229","221","216","174","263","293","322","296",
"성풍속범죄","66~70세","범죄자[명]","명","60","110","98","104","111","127","143","131","162","172",
"성풍속범죄","71세이상","범죄자[명]","명","38","61","60","53","77","91","147","157","192","193",
"성풍속범죄","미상","범죄자[명]","명","1","7","15","15","26","8","13","11","30","14",
"도박범죄","계","범죄자[명]","명","46174","34584","29326","27749","29166","33942","23735","19470","21306","21125",
"도박범죄","미성년","범죄자[명]","명","29","61","17","38","61","176","85","69","72","91",
"도박범죄","14세미만","범죄자[명]","명","","","","","","","-","","","",
"도박범죄","14세","범죄자[명]","명","1","4","","","1","1","1","-","1","4",
"도박범죄","15세","범죄자[명]","명","2","11","","","3","8","5","3","5","3",
"도박범죄","16세","범죄자[명]","명","6","14","1","2","7","24","10","11","8","16",
"도박범죄","17세","범죄자[명]","명","8","15","4","12","14","39","27","21","13","21",
"도박범죄","18세","범죄자[명]","명","12","17","12","24","36","104","42","34","45","47",
"도박범죄","성년","범죄자[명]","명","46145","34523","29309","27704","29104","33749","23649","19397","21222","21027",
"도박범죄","19세","범죄자[명]","명","35","48","29","59","91","171","55","49","73","132",
"도박범죄","20세","범죄자[명]","명","81","71","53","63","81","189","76","48","81","112",
"도박범죄","21~25세","범죄자[명]","명","899","701","596","784","978","2337","1038","655","991","1260",
"도박범죄","26~30세","범죄자[명]","명","2670","1463","1479","1479","1571","3435","1631","1047","1472","1708",
"도박범죄","31~35세","범죄자[명]","명","3916","2371","2294","2225","2101","4186","2059","1331","1520","1494",
"도박범죄","36~40세","범죄자[명]","명","5143","3064","2615","2237","2044","3423","2100","1583","1903","1937",
"도박범죄","41~45세","범죄자[명]","명","6824","4849","3799","3310","3066","3358","2103","1587","1642","1633",
"도박범죄","46~50세","범죄자[명]","명","8977","6660","5167","4608","4568","3984","2927","2267","2184","2042",
"도박범죄","51~55세","범죄자[명]","명","8954","7458","6272","5632","6081","4893","3797","3264","2975","2711",
"도박범죄","56~60세","범죄자[명]","명","4922","4447","3937","4106","4661","4270","4179","3767","3714","3465",
"도박범죄","61~65세","범죄자[명]","명","2292","2157","1851","1907","2251","2111","2161","2201","2628","2577",
"도박범죄","66~70세","범죄자[명]","명","1000","851","850","839","1023","882","971","1021","1270","1229",
"도박범죄","71세이상","범죄자[명]","명","432","383","367","455","588","510","552","577","769","727",
"도박범죄","미상","범죄자[명]","명","","","","7","1","17","1","4","12","7",
"특별경제범죄","계","범죄자[명]","명","91622","93427","83308","87648","90356","77669","72452","75348","79175","67904",
"특별경제범죄","미성년","범죄자[명]","명","804","1229","1132","978","1686","839","642","588","730","555",
"특별경제범죄","14세미만","범죄자[명]","명","20","48","23","7","2","3","5","","","",
"특별경제범죄","14세","범죄자[명]","명","66","109","95","87","50","27","29","35","25","56",
"특별경제범죄","15세","범죄자[명]","명","131","186","164","103","164","84","67","66","68","44",
"특별경제범죄","16세","범죄자[명]","명","182","224","179","144","303","160","128","73","111","94",
"특별경제범죄","17세","범죄자[명]","명","182","304","273","225","362","218","131","166","171","138",
"특별경제범죄","18세","범죄자[명]","명","223","358","398","412","805","347","282","248","355","223",
"특별경제범죄","성년","범죄자[명]","명","90813","92111","82019","86483","88428","76551","71682","74524","78118","66976",
"특별경제범죄","19세","범죄자[명]","명","515","567","705","851","1450","845","729","619","718","508",
"특별경제범죄","20세","범죄자[명]","명","698","666","684","742","1243","808","802","669","664","587",
"특별경제범죄","21~25세","범죄자[명]","명","5436","5313","5085","5238","6884","4967","4757","4504","4414","3756",
"특별경제범죄","26~30세","범죄자[명]","명","9657","9389","7310","6614","7525","5563","5418","5402","5718","4999",
"특별경제범죄","31~35세","범죄자[명]","명","10703","10707","9411","9449","9536","7649","7057","6510","6339","5290",
"특별경제범죄","36~40세","범죄자[명]","명","12081","11658","10042","9724","9600","8253","7728","8510","8937","7079",
"특별경제범죄","41~45세","범죄자[명]","명","14017","13944","12191","12628","11910","10210","8951","9193","9344","7525",
"특별경제범죄","46~50세","범죄자[명]","명","14050","14021","12044","13035","12519","11274","10452","11371","11516","9453",
"특별경제범죄","51~55세","범죄자[명]","명","11746","12637","11639","12866","12253","11137","10018","10360","10748","9483",
"특별경제범죄","56~60세","범죄자[명]","명","6569","7134","6875","8029","8351","8248","8269","9110","9876","8529",
"특별경제범죄","61~65세","범죄자[명]","명","2859","3307","3232","3806","3779","4099","4272","4741","5674","5599",
"특별경제범죄","66~70세","범죄자[명]","명","1469","1613","1627","1967","1836","1941","1910","1942","2394","2372",
"특별경제범죄","71세이상","범죄자[명]","명","1013","1155","1174","1534","1542","1557","1319","1593","1776","1796",
"특별경제범죄","미상","범죄자[명]","명","5","87","157","187","242","279","128","236","327","373",
"마약범죄","계","범죄자[명]","명","5409","4731","5049","5264","6913","8443","8512","7677","9875","11630",
"마약범죄","미성년","범죄자[명]","명","20","10","23","46","61","43","38","56","71","132",
"마약범죄","14세미만","범죄자[명]","명","","","","","","","-","","","",
"마약범죄","14세","범죄자[명]","명","","","","2","2","1","-","1","3","2",
"마약범죄","15세","범죄자[명]","명","1","","3","4","1","3","3","3","3","7",
"마약범죄","16세","범죄자[명]","명","1","1","1","9","7","10","5","6","6","24",
"마약범죄","17세","범죄자[명]","명","7","2","6","19","22","13","13","19","17","33",
"마약범죄","18세","범죄자[명]","명","11","7","13","12","29","16","17","27","42","66",
"마약범죄","성년","범죄자[명]","명","5389","4721","5025","5216","6850","8399","8474","7616","9799","11496",
"마약범죄","19세","범죄자[명]","명","12","17","18","29","30","33","30","49","91","108",
"마약범죄","20세","범죄자[명]","명","17","24","24","36","39","48","50","65","119","129",
"마약범죄","21~25세","범죄자[명]","명","188","183","238","305","382","499","568","511","936","1311",
"마약범죄","26~30세","범죄자[명]","명","360","367","376","470","531","735","827","764","1304","1700",
"마약범죄","31~35세","범죄자[명]","명","671","599","583","664","775","918","941","800","1227","1420",
"마약범죄","36~40세","범죄자[명]","명","852","740","768","781","937","1199","1212","921","1192","1294",
"마약범죄","41~45세","범죄자[명]","명","1030","897","925","937","1202","1322","1089","967","987","1124",
"마약범죄","46~50세","범죄자[명]","명","896","714","784","758","933","1198","1149","1015","1136","1124",
"마약범죄","51~55세","범죄자[명]","명","527","549","570","554","747","854","880","790","888","824",
"마약범죄","56~60세","범죄자[명]","명","304","220","247","239","430","516","547","541","629","675",
"마약범죄","61~65세","범죄자[명]","명","155","122","143","130","255","292","302","362","371","482",
"마약범죄","66~70세","범죄자[명]","명","138","115","119","118","178","236","289","257","258","347",
"마약범죄","71세이상","범죄자[명]","명","239","174","230","195","411","549","590","574","661","958",
"마약범죄","미상","범죄자[명]","명","","","1","2","2","1","-","5","5","2",
"보건범죄","계","범죄자[명]","명","20445","19531","23046","22085","20721","21649","19130","16965","18024","21810",
"보건범죄","미성년","범죄자[명]","명","28","36","25","26","31","33","34","18","25","54",
"보건범죄","14세미만","범죄자[명]","명","","","","","","1","-","","","",
"보건범죄","14세","범죄자[명]","명","","1","1","1","1","1","-","-","-","5",
"보건범죄","15세","범죄자[명]","명","2","7","","1","1","","1","2","4","7",
"보건범죄","16세","범죄자[명]","명","2","8","5","2","2","1","5","4","2","10",
"보건범죄","17세","범죄자[명]","명","5","2","5","3","5","9","12","3","4","9",
"보건범죄","18세","범죄자[명]","명","19","18","14","19","22","21","16","9","15","23",
"보건범죄","성년","범죄자[명]","명","20417","19488","23014","22055","20673","21575","19085","16917","17968","21687",
"보건범죄","19세","범죄자[명]","명","60","45","50","44","30","30","42","39","32","86",
"보건범죄","20세","범죄자[명]","명","87","76","62","49","40","48","55","54","55","99",
"보건범죄","21~25세","범죄자[명]","명","756","555","563","558","510","584","569","511","680","974",
"보건범죄","26~30세","범죄자[명]","명","1329","1113","1119","1153","965","1156","1220","1161","1391","1823",
"보건범죄","31~35세","범죄자[명]","명","1800","1555","1922","1922","1904","1995","1786","1629","1850","2221",
"보건범죄","36~40세","범죄자[명]","명","2651","2306","2412","2278","2161","2348","2247","1982","2159","2571",
"보건범죄","41~45세","범죄자[명]","명","3316","3058","3408","3150","2961","2921","2474","2043","2096","2247",
"보건범죄","46~50세","범죄자[명]","명","3512","3347","3883","3533","3455","3283","2894","2422","2413","2815",
"보건범죄","51~55세","범죄자[명]","명","3207","3312","4134","3851","3476","3597","2796","2528","2354","2780",
"보건범죄","56~60세","범죄자[명]","명","1864","1990","2714","2675","2645","2739","2445","2190","2308","2721",
"보건범죄","61~65세","범죄자[명]","명","909","1058","1388","1431","1298","1498","1368","1316","1413","1830",
"보건범죄","66~70세","범죄자[명]","명","506","581","778","756","660","733","623","554","690","858",
"보건범죄","71세이상","범죄자[명]","명","420","492","581","655","568","643","566","488","527","662",
"보건범죄","미상","범죄자[명]","명","","7","7","4","17","41","11","30","31","69",
"환경범죄","계","범죄자[명]","명","3113","3247","3588","3136","3176","3802","4378","4066","5088","4329",
"환경범죄","미성년","범죄자[명]","명","4","3","1","4","5","14","5","2","5","1",
"환경범죄","14세미만","범죄자[명]","명","","","","","","","-","","","",
"환경범죄","14세","범죄자[명]","명","","","","","2","3","1","-","2","-",
"환경범죄","15세","범죄자[명]","명","1","","","1","","3","2","-","-","-",
"환경범죄","16세","범죄자[명]","명","3","","","","","1","-","-","2","-",
"환경범죄","17세","범죄자[명]","명","","1","","","","2","1","1","-","1",
"환경범죄","18세","범죄자[명]","명","","2","1","3","3","5","1","1","1","-",
"환경범죄","성년","범죄자[명]","명","3109","3242","3583","3126","3167","3776","4372","4057","5070","4317",
"환경범죄","19세","범죄자[명]","명","1","3","","3","6","7","4","-","7","-",
"환경범죄","20세","범죄자[명]","명","2","4","2","6","6","5","6","3","8","-",
"환경범죄","21~25세","범죄자[명]","명","19","26","26","20","28","38","43","47","77","13",
"환경범죄","26~30세","범죄자[명]","명","65","65","47","56","66","66","76","63","110","61",
"환경범죄","31~35세","범죄자[명]","명","123","119","152","119","115","172","193","142","184","151",
"환경범죄","36~40세","범죄자[명]","명","244","244","285","254","241","241","367","313","436","326",
"환경범죄","41~45세","범죄자[명]","명","497","500","517","448","373","475","488","423","579","388",
"환경범죄","46~50세","범죄자[명]","명","681","613","736","614","554","696","724","746","768","652",
"환경범죄","51~55세","범죄자[명]","명","674","716","781","694","682","767","867","769","971","899",
"환경범죄","56~60세","범죄자[명]","명","381","454","563","438","537","667","832","794","928","839",
"환경범죄","61~65세","범죄자[명]","명","255","278","270","280","325","350","449","424","570","557",
"환경범죄","66~70세","범죄자[명]","명","108","133","119","116","148","170","207","219","275","265",
"환경범죄","71세이상","범죄자[명]","명","59","87","85","78","86","122","116","114","157","166",
"환경범죄","미상","범죄자[명]","명","","2","4","6","4","12","1","7","13","11",
"교통범죄","계","범죄자[명]","명","524350","512076","536756","533126","549374","555352","484552","413147","383717","356446",
"교통범죄","미성년","범죄자[명]","명","11795","11977","9751","9247","9022","9307","9338","7391","7081","7779",
"교통범죄","14세미만","범죄자[명]","명","123","42","31","6","13","10","23","","","",
"교통범죄","14세","범죄자[명]","명","307","707","549","521","421","368","422","350","468","546",
"교통범죄","15세","범죄자[명]","명","1489","1881","1418","1236","1179","1192","1237","908","895","1048",
"교통범죄","16세","범죄자[명]","명","3142","3207","2553","2299","2059","2410","2383","1746","1597","1845",
"교통범죄","17세","범죄자[명]","명","3669","3142","2500","2397","2415","2491","2566","2063","1837","1915",
"교통범죄","18세","범죄자[명]","명","3065","2998","2700","2788","2935","2836","2707","2324","2284","2425",
"교통범죄","성년","범죄자[명]","명","512553","500039","526907","523635","540135","545644","475077","405659","376521","348544",
"교통범죄","19세","범죄자[명]","명","3289","2858","2643","2880","3583","3350","2932","2555","2785","2757",
"교통범죄","20세","범죄자[명]","명","2279","2381","2182","2268","2675","2919","2685","2206","2355","2602",
"교통범죄","21~25세","범죄자[명]","명","26419","28348","29500","29784","32346","34086","31804","26444","24290","23389",
"교통범죄","26~30세","범죄자[명]","명","62801","59340","60006","54755","52935","52999","47132","39560","37143","34293",
"교통범죄","31~35세","범죄자[명]","명","64073","61873","67618","66173","65364","63277","52398","40672","34613","29992",
"교통범죄","36~40세","범죄자[명]","명","68820","63141","65471","60695","58749","60021","52245","44044","39666","35030",
"교통범죄","41~45세","범죄자[명]","명","76361","73206","76468","73518","71184","68606","55606","43646","37243","33044",
"교통범죄","46~50세","범죄자[명]","명","74739","70434","72622","70818","73477","72951","61190","51038","44877","40028",
"교통범죄","51~55세","범죄자[명]","명","61633","62255","66368","67943","70258","69140","57078","48049","43187","41499",
"교통범죄","56~60세","범죄자[명]","명","35246","37603","40747","45106","51396","54088","50470","45990","44157","41030",
"교통범죄","61~65세","범죄자[명]","명","19809","20339","22369","24785","28350","31302","30716","30081","31654","31199",
"교통범죄","66~70세","범죄자[명]","명","10310","10625","11839","13651","16018","17795","16672","16735","17717","17210",
"교통범죄","71세이상","범죄자[명]","명","6774","7636","9074","11259","13800","15110","14149","14639","16834","16471",
"교통범죄","미상","범죄자[명]","명","2","60","98","244","217","401","137","97","115","123",
"노동범죄","계","범죄자[명]","명","2641","2378","2309","2131","2395","5860","4964","2073","865","613",
"노동범죄","미성년","범죄자[명]","명","7","4","4","1","12","6","3","5","1","-",
"노동범죄","14세미만","범죄자[명]","명","","","","","","","-","","","",
"노동범죄","14세","범죄자[명]","명","","","","","2","","-","-","-","-",
"노동범죄","15세","범죄자[명]","명","","1","","","1","1","-","-","1","-",
"노동범죄","16세","범죄자[명]","명","2","","","","7","","2","-","-","-",
"노동범죄","17세","범죄자[명]","명","1","1","3","","2","","1","1","-","-",
"노동범죄","18세","범죄자[명]","명","4","2","1","1","","5","-","4","-","-",
"노동범죄","성년","범죄자[명]","명","2634","2374","2296","2123","2381","5851","4959","2065","857","608",
"노동범죄","19세","범죄자[명]","명","6","2","5","2","2","3","1","2","1","-",
"노동범죄","20세","범죄자[명]","명","14","4","4","3","3","18","2","2","1","2",
"노동범죄","21~25세","범죄자[명]","명","101","85","57","49","32","124","117","40","24","8",
"노동범죄","26~30세","범죄자[명]","명","244","223","180","139","104","297","252","110","47","42",
"노동범죄","31~35세","범죄자[명]","명","333","299","298","255","308","656","532","205","78","52",
"노동범죄","36~40세","범죄자[명]","명","436","311","303","316","304","748","602","276","100","85",
"노동범죄","41~45세","범죄자[명]","명","463","370","427","374","388","873","712","249","129","75",
"노동범죄","46~50세","범죄자[명]","명","424","376","386","366","376","832","760","361","131","82",
"노동범죄","51~55세","범죄자[명]","명","328","349","322","319","394","938","764","318","130","105",
"노동범죄","56~60세","범죄자[명]","명","160","206","199","185","266","791","674","287","126","82",
"노동범죄","61~65세","범죄자[명]","명","90","114","74","87","146","427","409","161","53","45",
"노동범죄","66~70세","범죄자[명]","명","23","30","26","19","40","124","123","36","23","25",
"노동범죄","71세이상","범죄자[명]","명","12","5","15","9","18","20","11","18","14","5",
"노동범죄","미상","범죄자[명]","명","","","9","7","2","3","2","3","7","5",
"안보범죄","계","범죄자[명]","명","160","126","152","90","174","151","251","187","545","678",
"안보범죄","미성년","범죄자[명]","명","2","2","4","1","1","","7","2","-","7",
"안보범죄","14세미만","범죄자[명]","명","","","","","","","-","","","",
"안보범죄","14세","범죄자[명]","명","1","1","","","","","-","-","-","-",
"안보범죄","15세","범죄자[명]","명","","1","","","","","-","-","-","-",
"안보범죄","16세","범죄자[명]","명","","","1","","","","3","-","-","1",
"안보범죄","17세","범죄자[명]","명","1","","1","","1","","-","-","-","4",
"안보범죄","18세","범죄자[명]","명","","","2","1","","","4","2","-","2",
"안보범죄","성년","범죄자[명]","명","158","124","148","88","173","145","241","175","541","666",
"안보범죄","19세","범죄자[명]","명","4","","","","","","-","8","7","7",
"안보범죄","20세","범죄자[명]","명","","","","","","","2","3","15","15",
"안보범죄","21~25세","범죄자[명]","명","7","8","6","4","31","21","23","41","188","173",
"안보범죄","26~30세","범죄자[명]","명","9","7","4","6","43","12","52","37","130","193",
"안보범죄","31~35세","범죄자[명]","명","11","9","32","7","13","19","39","16","60","93",
"안보범죄","36~40세","범죄자[명]","명","32","23","19","7","20","8","30","14","55","80",
"안보범죄","41~45세","범죄자[명]","명","23","26","21","18","19","14","19","9","19","41",
"안보범죄","46~50세","범죄자[명]","명","24","26","23","22","15","15","17","13","24","25",
"안보범죄","51~55세","범죄자[명]","명","23","13","18","10","15","20","14","13","11","12",
"안보범죄","56~60세","범죄자[명]","명","18","7","11","6","7","20","21","6","22","11",
"안보범죄","61~65세","범죄자[명]","명","3","2","4","3","4","12","11","3","5","12",
"안보범죄","66~70세","범죄자[명]","명","2","1","2","2","3","4","4","1","1","2",
"안보범죄","71세이상","범죄자[명]","명","2","2","8","3","3","","9","11","4","2",
"안보범죄","미상","범죄자[명]","명","","","","1","","6","3","10","4","5",
"선거범죄","계","범죄자[명]","명","400","1855","409","2800","1121","1525","787","3280","1180","1545",
"선거범죄","미성년","범죄자[명]","명","","18","2","6","1","1","10","12","-","23",
"선거범죄","14세미만","범죄자[명]","명","","","","","","","-","","","",
"선거범죄","14세","범죄자[명]","명","","","","","","","-","-","-","-",
"선거범죄","15세","범죄자[명]","명","","","","","1","","-","1","-","1",
"선거범죄","16세","범죄자[명]","명","","3","","3","","","1","5","-","-",
"선거범죄","17세","범죄자[명]","명","","9","","","","1","1","2","-","4",
"선거범죄","18세","범죄자[명]","명","","6","2","3","","","8","4","-","18",
"선거범죄","성년","범죄자[명]","명","400","1837","405","2779","1119","1498","749","3257","1178","1507",
"선거범죄","19세","범죄자[명]","명","","5","5","10","","6","11","3","-","18",
"선거범죄","20세","범죄자[명]","명","","4","4","3","","4","4","5","-","9",
"선거범죄","21~25세","범죄자[명]","명","1","39","15","43","1","36","29","51","1","67",
"선거범죄","26~30세","범죄자[명]","명","3","66","21","48","5","46","36","65","1","43",
"선거범죄","31~35세","범죄자[명]","명","22","95","25","85","5","45","36","95","11","37",
"선거범죄","36~40세","범죄자[명]","명","33","160","39","153","15","68","40","167","15","63",
"선거범죄","41~45세","범죄자[명]","명","67","264","43","293","42","164","81","255","29","88",
"선거범죄","46~50세","범죄자[명]","명","79","390","62","460","90","270","84","480","81","198",
"선거범죄","51~55세","범죄자[명]","명","78","346","74","617","241","317","103","641","170","273",
"선거범죄","56~60세","범죄자[명]","명","54","251","47","524","315","295","139","730","318","321",
"선거범죄","61~65세","범죄자[명]","명","36","130","39","314","222","149","78","448","310","217",
"선거범죄","66~70세","범죄자[명]","명","15","47","17","159","90","58","53","211","146","110",
"선거범죄","71세이상","범죄자[명]","명","12","40","14","70","93","40","55","106","96","63",
"선거범죄","미상","범죄자[명]","명","","","2","15","1","26","28","11","2","15",
"병역범죄","계","범죄자[명]","명","22752","18359","23200","18523","18241","15659","14574","13254","11809","3164",
"병역범죄","미성년","범죄자[명]","명","","","0","","1","2","1","-","-","-",
"병역범죄","14세미만","범죄자[명]","명","","","","","","","-","","","",
"병역범죄","14세","범죄자[명]","명","","","","","","","-","-","-","-",
"병역범죄","15세","범죄자[명]","명","","","","","","","-","-","-","-",
"병역범죄","16세","범죄자[명]","명","","","","","","","-","-","-","-",
"병역범죄","17세","범죄자[명]","명","","","","","","","-","-","-","-",
"병역범죄","18세","범죄자[명]","명","","","","","1","2","1","-","-","-",
"병역범죄","성년","범죄자[명]","명","22752","18359","23200","18523","18240","15657","14570","13251","11809","3163",
"병역범죄","19세","범죄자[명]","명","1","133","216","185","180","146","121","87","89","50",
"병역범죄","20세","범죄자[명]","명","567","361","441","442","403","373","371","218","96","76",
"병역범죄","21~25세","범죄자[명]","명","5745","5671","7930","5681","5675","5366","5672","4997","4251","1052",
"병역범죄","26~30세","범죄자[명]","명","13119","9978","11759","9544","9156","7461","6639","6280","5922","1554",
"병역범죄","31~35세","범죄자[명]","명","2834","1850","2355","2309","2445","1901","1326","1172","995","293",
"병역범죄","36~40세","범죄자[명]","명","248","165","187","176","237","229","228","261","240","90",
"병역범죄","41~45세","범죄자[명]","명","24","30","30","33","28","26","28","27","27","17",
"병역범죄","46~50세","범죄자[명]","명","69","58","95","51","29","45","55","50","46","6",
"병역범죄","51~55세","범죄자[명]","명","84","74","123","62","47","74","69","91","72","9",
"병역범죄","56~60세","범죄자[명]","명","39","30","48","29","34","25","46","52","44","9",
"병역범죄","61~65세","범죄자[명]","명","13","7","11","6","4","7","14","12","23","6",
"병역범죄","66~70세","범죄자[명]","명","5","2","4","5","1","4","1","3","3","-",
"병역범죄","71세이상","범죄자[명]","명","4","","1","","1","","-","1","1","1",
"병역범죄","미상","범죄자[명]","명","","","","","","","3","3","-","1",
"기타범죄","계","범죄자[명]","명","224781","208432","213524","230854","241747","310870","272830","247023","256000","244539",
"기타범죄","미성년","범죄자[명]","명","5875","7490","7510","7039","7531","7723","7273","6562","6591","6962",
"기타범죄","14세미만","범죄자[명]","명","25","33","31","15","21","31","28","","","",
"기타범죄","14세","범죄자[명]","명","288","696","507","512","437","448","412","509","592","650",
"기타범죄","15세","범죄자[명]","명","1037","1149","893","884","970","946","791","813","809","1070",
"기타범죄","16세","범죄자[명]","명","1354","1806","1770","1509","1663","1672","1611","1201","1281","1484",
"기타범죄","17세","범죄자[명]","명","1480","1940","2119","1997","2073","2093","2094","1881","1783","1863",
"기타범죄","18세","범죄자[명]","명","1691","1866","2190","2122","2367","2533","2337","2158","2126","1895",
"기타범죄","성년","범죄자[명]","명","218898","200867","205682","223445","233760","302329","265157","239666","248394","236083",
"기타범죄","19세","범죄자[명]","명","1773","1902","2044","2323","2772","3209","2773","2349","2550","2473",
"기타범죄","20세","범죄자[명]","명","1527","1585","1657","1949","2325","3156","2784","2349","2390","2535",
"기타범죄","21~25세","범죄자[명]","명","10066","9807","11129","12365","14203","20752","17458","15395","15554","15549",
"기타범죄","26~30세","범죄자[명]","명","19685","16166","16106","16305","16409","24109","18853","16854","17864","18121",
"기타범죄","31~35세","범죄자[명]","명","23503","20434","20778","22905","23314","32567","24236","19678","18748","17560",
"기타범죄","36~40세","범죄자[명]","명","27351","22938","22662","24006","24132","33159","28094","25295","25841","24429",
"기타범죄","41~45세","범죄자[명]","명","32863","29476","29412","31037","31320","38859","32059","27513","27140","25128",
"기타범죄","46~50세","범죄자[명]","명","34770","31199","31088","32679","34493","42287","37006","33222","34211","30786",
"기타범죄","51~55세","범죄자[명]","명","30607","30116","30849","33900","34214","40993","36471","32382","33058","31246",
"기타범죄","56~60세","범죄자[명]","명","17469","17645","19404","22651","24605","31335","31832","29869","32245","29518",
"기타범죄","61~65세","범죄자[명]","명","9461","9499","9966","11449","12620","16258","17551","17852","20261","20058",
"기타범죄","66~70세","범죄자[명]","명","5371","5409","5669","6188","6935","8340","8632","8859","9552","9651",
"기타범죄","71세이상","범죄자[명]","명","4452","4691","4918","5688","6418","7305","7408","8049","8980","9029",
"기타범죄","미상","범죄자[명]","명","8","75","332","370","456","818","400","795","1015","1494",
