"죄종별","범행동기별","항목","단위","2011 년","2012 년","2013 년","2014 년","2015 년","2016 년","2017 년","2018 년","2019 년","2020 년",
"계","계","범죄자[명]","명","1815233","1723815","1741302","1712435","1771390","1847605","1685461","1581922","1585638","1494421",
"계","이욕","범죄자[명]","명","157196","140413","134375","125751","139683","149315","144996","135729","144146","137185",
"계","생활비","범죄자[명]","명","64436","53327","57347","52924","52670","54086","52684","50522","52017","49856",
"계","유흥비","범죄자[명]","명","10168","11215","10952","7421","6921","6134","5195","3915","3628","3755",
"계","도박비","범죄자[명]","명","1634","1156","1202","1295","1649","1998","2008","1883","2115","2172",
"계","허영사치심","범죄자[명]","명","997","1032","858","588","550","517","528","365","354","318",
"계","치부","범죄자[명]","명","2623","2320","1531","1216","942","862","950","1053","670","438",
"계","기타","범죄자[명]","명","77338","71363","62485","62307","76951","85718","83631","77991","85362","80646",
"계","사행심","범죄자[명]","명","26902","22190","20705","19462","18322","20396","16361","17034","18666","16916",
"계","보복","범죄자[명]","명","345","336","339","347","371","496","349","297","305","324",
"계","가정불화","범죄자[명]","명","5753","6069","7255","6977","19857","25730","22481","20314","22845","20135",
"계","호기심","범죄자[명]","명","19546","16230","17336","16053","16177","21623","17666","9384","10375","13367",
"계","유혹","범죄자[명]","명","11435","10869","10178","8564","8591","9675","8813","6805","6300","5840",
"계","우발적","범죄자[명]","명","292494","283428","274132","259987","256669","255616","246704","261774","270465","257580",
"계","현실불만","범죄자[명]","명","10262","10598","9804","9233","8460","8878","7720","5984","5958","5463",
"계","부주의","범죄자[명]","명","239372","231967","238301","237471","238191","244196","222748","196869","188815","168145",
"계","기타","범죄자[명]","명","518743","530004","533873","532573","527308","556882","482527","386117","363138","347240",
"계","미상","범죄자[명]","명","533185","471711","495004","496017","537761","554798","515096","541615","554625","522226",
"강력범죄","계","범죄자[명]","명","25346","23789","25351","25065","25821","27071","28927","28302","28943","26971",
"강력범죄","이욕","범죄자[명]","명","3238","2632","2250","1694","1680","1470","1254","1160","1390","1165",
"강력범죄","생활비","범죄자[명]","명","824","700","587","513","429","323","254","242","249","177",
"강력범죄","유흥비","범죄자[명]","명","678","464","378","254","225","179","90","67","122","91",
"강력범죄","도박비","범죄자[명]","명","58","28","32","12","22","21","15","13","11","8",
"강력범죄","허영사치심","범죄자[명]","명","11","12","12","4","15","10","2","-","1","-",
"강력범죄","치부","범죄자[명]","명","56","48","36","13","35","17","11","10","15","12",
"강력범죄","기타","범죄자[명]","명","1611","1380","1205","898","954","920","882","828","992","877",
"강력범죄","사행심","범죄자[명]","명","145","77","87","55","54","47","43","63","88","107",
"강력범죄","보복","범죄자[명]","명","11","6","27","20","9","19","19","15","24","20",
"강력범죄","가정불화","범죄자[명]","명","291","237","245","236","282","271","252","210","206","192",
"강력범죄","호기심","범죄자[명]","명","1266","1104","1494","1738","1660","1677","1645","1021","1117","928",
"강력범죄","유혹","범죄자[명]","명","930","1012","1120","905","779","840","811","762","735","649",
"강력범죄","우발적","범죄자[명]","명","7708","7459","8571","7964","8019","8343","9374","10224","9801","9228",
"강력범죄","현실불만","범죄자[명]","명","350","278","282","298","281","301","262","219","174","158",
"강력범죄","부주의","범죄자[명]","명","380","321","418","509","533","685","740","631","738","631",
"강력범죄","기타","범죄자[명]","명","5779","6063","6810","8015","8495","8794","9092","7504","7812","7199",
"강력범죄","미상","범죄자[명]","명","5248","4600","4047","3631","4029","4624","5435","6493","6858","6694",
"살인기수","계","범죄자[명]","명","449","446","377","447","389","379","344","350","345","341",
"살인기수","이욕","범죄자[명]","명","42","36","24","18","16","15","14","6","6","5",
"살인기수","생활비","범죄자[명]","명","5","1","3","1","","1","4","1","1","2",
"살인기수","유흥비","범죄자[명]","명","2","6","","1","","","-","1","-","-",
"살인기수","도박비","범죄자[명]","명","3","","","","1","","1","-","-","-",
"살인기수","허영사치심","범죄자[명]","명","","2","","","","","-","-","-","-",
"살인기수","치부","범죄자[명]","명","4","5","2","2","5","3","1","1","2","2",
"살인기수","기타","범죄자[명]","명","28","22","19","14","10","11","8","3","3","1",
"살인기수","사행심","범죄자[명]","명","","","","","","1","-","-","1","1",
"살인기수","보복","범죄자[명]","명","1","","5","2","","1","-","2","6","6",
"살인기수","가정불화","범죄자[명]","명","59","51","37","37","32","41","35","33","24","23",
"살인기수","호기심","범죄자[명]","명","","","","","","","-","-","-","-",
"살인기수","유혹","범죄자[명]","명","1","","","2","1","","-","1","-","3",
"살인기수","우발적","범죄자[명]","명","150","147","140","133","123","120","117","115","101","116",
"살인기수","현실불만","범죄자[명]","명","18","15","10","16","16","18","13","21","22","11",
"살인기수","부주의","범죄자[명]","명","3","2","1","3","2","4","4","-","2","3",
"살인기수","기타","범죄자[명]","명","96","118","92","134","120","110","83","94","89","82",
"살인기수","미상","범죄자[명]","명","79","77","68","102","79","69","78","78","94","91",
"살인미수등","계","범죄자[명]","명","836","610","620","575","586","616","561","516","525","454",
"살인미수등","이욕","범죄자[명]","명","51","35","37","7","12","8","8","10","3","6",
"살인미수등","생활비","범죄자[명]","명","1","","","","5","","2","1","-","1",
"살인미수등","유흥비","범죄자[명]","명","1","","2","","","","-","-","-","-",
"살인미수등","도박비","범죄자[명]","명","","","","","","","-","-","-","-",
"살인미수등","허영사치심","범죄자[명]","명","","","","1","","","-","-","-","-",
"살인미수등","치부","범죄자[명]","명","6","2","1","1","1","1","-","1","1","1",
"살인미수등","기타","범죄자[명]","명","43","33","34","5","6","7","6","8","2","4",
"살인미수등","사행심","범죄자[명]","명","3","","","","","","-","-","-","-",
"살인미수등","보복","범죄자[명]","명","1","","2","5","4","7","8","2","9","4",
"살인미수등","가정불화","범죄자[명]","명","60","44","46","43","57","40","41","36","43","35",
"살인미수등","호기심","범죄자[명]","명","","","","","","","-","-","-","-",
"살인미수등","유혹","범죄자[명]","명","","1","","","1","","-","1","-","-",
"살인미수등","우발적","범죄자[명]","명","359","255","265","213","224","257","240","258","215","189",
"살인미수등","현실불만","범죄자[명]","명","66","38","36","38","40","42","31","29","28","33",
"살인미수등","부주의","범죄자[명]","명","4","3","4","7","6","5","-","1","3","6",
"살인미수등","기타","범죄자[명]","명","190","183","178","192","180","189","174","117","139","99",
"살인미수등","미상","범죄자[명]","명","102","51","52","70","62","68","59","62","85","82",
"강도","계","범죄자[명]","명","4890","3322","2593","2078","1999","1716","1456","1165","1336","1202",
"강도","이욕","범죄자[명]","명","2036","1457","1192","979","939","746","583","470","614","507",
"강도","생활비","범죄자[명]","명","733","631","503","454","387","296","218","217","207","152",
"강도","유흥비","범죄자[명]","명","632","439","353","236","209","167","73","64","118","83",
"강도","도박비","범죄자[명]","명","50","24","29","10","18","17","11","12","9","8",
"강도","허영사치심","범죄자[명]","명","3","9","6","1","10","","-","-","1","-",
"강도","치부","범죄자[명]","명","15","7","10","1","","","1","-","5","4",
"강도","기타","범죄자[명]","명","603","347","291","277","315","266","280","177","274","260",
"강도","사행심","범죄자[명]","명","115","53","57","28","29","26","20","22","28","27",
"강도","보복","범죄자[명]","명","1","1","3","4","1","3","2","3","-","1",
"강도","가정불화","범죄자[명]","명","11","15","6","1","6","1","2","2","3","3",
"강도","호기심","범죄자[명]","명","10","16","7","3","11","5","5","5","12","8",
"강도","유혹","범죄자[명]","명","36","37","26","24","17","26","17","13","5","7",
"강도","우발적","범죄자[명]","명","917","642","484","349","349","290","264","241","199","230",
"강도","현실불만","범죄자[명]","명","50","27","21","16","16","20","16","11","5","3",
"강도","부주의","범죄자[명]","명","43","16","21","15","17","13","9","4","10","8",
"강도","기타","범죄자[명]","명","1173","805","552","482","459","427","400","205","240","196",
"강도","미상","범죄자[명]","명","498","253","224","177","155","159","138","189","220","212",
"강간·강제추행","계","범죄자[명]","명","17652","18012","","","","","","","","",
"강간·강제추행","이욕","범죄자[명]","명","1038","1028","","","","","","","","",
"강간·강제추행","생활비","범죄자[명]","명","74","62","","","","","","","","",
"강간·강제추행","유흥비","범죄자[명]","명","43","19","","","","","","","","",
"강간·강제추행","도박비","범죄자[명]","명","5","4","","","","","","","","",
"강간·강제추행","허영사치심","범죄자[명]","명","8","1","","","","","","","","",
"강간·강제추행","치부","범죄자[명]","명","28","33","","","","","","","","",
"강간·강제추행","기타","범죄자[명]","명","880","909","","","","","","","","",
"강간·강제추행","사행심","범죄자[명]","명","25","22","","","","","","","","",
"강간·강제추행","보복","범죄자[명]","명","7","4","","","","","","","","",
"강간·강제추행","가정불화","범죄자[명]","명","25","30","","","","","","","","",
"강간·강제추행","호기심","범죄자[명]","명","1211","1026","","","","","","","","",
"강간·강제추행","유혹","범죄자[명]","명","890","974","","","","","","","","",
"강간·강제추행","우발적","범죄자[명]","명","5706","5868","","","","","","","","",
"강간·강제추행","현실불만","범죄자[명]","명","79","74","","","","","","","","",
"강간·강제추행","부주의","범죄자[명]","명","292","260","","","","","","","","",
"강간·강제추행","기타","범죄자[명]","명","3975","4614","","","","","","","","",
"강간·강제추행","미상","범죄자[명]","명","4404","4112","","","","","","","","",
"강간","계","범죄자[명]","명","","","5856","5517","5621","5829","5943","5947","6138","6113",
"강간","이욕","범죄자[명]","명","","","335","240","232","266","230","212","233","227",
"강간","생활비","범죄자[명]","명","","","25","21","20","12","13","8","14","8",
"강간","유흥비","범죄자[명]","명","","","4","7","7","11","9","1","2","6",
"강간","도박비","범죄자[명]","명","","","2","","1","1","1","1","1","-",
"강간","허영사치심","범죄자[명]","명","","","1","2","2","5","-","-","-","-",
"강간","치부","범죄자[명]","명","","","11","4","7","6","1","4","-","3",
"강간","기타","범죄자[명]","명","","","292","206","195","231","206","198","216","210",
"강간","사행심","범죄자[명]","명","","","8","10","10","5","4","10","11","23",
"강간","보복","범죄자[명]","명","","","10","3","2","1","3","2","-","2",
"강간","가정불화","범죄자[명]","명","","","20","21","33","40","51","35","38","34",
"강간","호기심","범죄자[명]","명","","","286","312","244","256","269","180","194","190",
"강간","유혹","범죄자[명]","명","","","383","307","242","267","289","237","216","189",
"강간","우발적","범죄자[명]","명","","","1717","1499","1432","1410","1490","1562","1556","1517",
"강간","현실불만","범죄자[명]","명","","","27","22","27","35","28","15","15","15",
"강간","부주의","범죄자[명]","명","","","65","59","54","66","61","58","45","59",
"강간","기타","범죄자[명]","명","","","1593","1750","1859","1800","1716","1427","1573","1601",
"강간","미상","범죄자[명]","명","","","1412","1294","1486","1683","1802","2209","2257","2256",
"유사강간","계","범죄자[명]","명","","","136","389","535","598","694","848","895","934",
"유사강간","이욕","범죄자[명]","명","","","6","18","16","23","19","31","35","36",
"유사강간","생활비","범죄자[명]","명","","","","1","","2","-","1","2","1",
"유사강간","유흥비","범죄자[명]","명","","","","","2","","-","-","2","-",
"유사강간","도박비","범죄자[명]","명","","","","","","1","-","-","-","-",
"유사강간","허영사치심","범죄자[명]","명","","","","","","","-","-","-","-",
"유사강간","치부","범죄자[명]","명","","","","1","2","","1","-","1","-",
"유사강간","기타","범죄자[명]","명","","","6","16","12","20","18","30","30","35",
"유사강간","사행심","범죄자[명]","명","","","","","1","","-","4","2","8",
"유사강간","보복","범죄자[명]","명","","","","","","","-","1","-","-",
"유사강간","가정불화","범죄자[명]","명","","","1","1","6","6","7","4","6","4",
"유사강간","호기심","범죄자[명]","명","","","20","43","60","53","65","40","57","40",
"유사강간","유혹","범죄자[명]","명","","","6","15","24","26","23","38","34","40",
"유사강간","우발적","범죄자[명]","명","","","42","110","163","187","219","305","292","299",
"유사강간","현실불만","범죄자[명]","명","","","3","2","1","","2","-","1","2",
"유사강간","부주의","범죄자[명]","명","","","4","5","4","9","9","10","13","10",
"유사강간","기타","범죄자[명]","명","","","42","141","153","188","226","228","230","259",
"유사강간","미상","범죄자[명]","명","","","12","54","107","106","124","187","225","236",
"강제추행","계","범죄자[명]","명","","","12496","13400","14488","16016","18272","17631","17892","16382",
"강제추행","이욕","범죄자[명]","명","","","403","323","373","345","350","375","437","348",
"강제추행","생활비","범죄자[명]","명","","","3","6","3","1","12","8","8","10",
"강제추행","유흥비","범죄자[명]","명","","","3","","3","","3","-","-","-",
"강제추행","도박비","범죄자[명]","명","","","","","","","-","-","-","-",
"강제추행","허영사치심","범죄자[명]","명","","","1","","2","5","2","-","-","-",
"강제추행","치부","범죄자[명]","명","","","9","4","18","5","7","4","5","2",
"강제추행","기타","범죄자[명]","명","","","387","313","347","334","326","363","424","336",
"강제추행","사행심","범죄자[명]","명","","","15","14","11","15","19","25","44","44",
"강제추행","보복","범죄자[명]","명","","","4","","","1","2","1","1","-",
"강제추행","가정불화","범죄자[명]","명","","","18","13","16","28","21","28","26","29",
"강제추행","호기심","범죄자[명]","명","","","978","1200","1254","1275","1213","750","796","643",
"강제추행","유혹","범죄자[명]","명","","","564","485","462","492","464","456","455","394",
"강제추행","우발적","범죄자[명]","명","","","4765","4724","4941","5423","6465","6946","6730","6259",
"강제추행","현실불만","범죄자[명]","명","","","33","55","45","63","52","34","17","12",
"강제추행","부주의","범죄자[명]","명","","","242","366","400","526","619","506","614","492",
"강제추행","기타","범죄자[명]","명","","","3468","4537","5083","5495","6010","5007","5098","4596",
"강제추행","미상","범죄자[명]","명","","","2006","1683","1903","2353","3057","3503","3674","3565",
"기타 강간·강제추행등","계","범죄자[명]","명","","","1887","1193","686","521","371","458","495","349",
"기타 강간·강제추행등","이욕","범죄자[명]","명","","","180","89","49","44","28","32","41","19",
"기타 강간·강제추행등","생활비","범죄자[명]","명","","","40","22","7","9","3","4","14","1",
"기타 강간·강제추행등","유흥비","범죄자[명]","명","","","16","10","3","1","5","1","-","1",
"기타 강간·강제추행등","도박비","범죄자[명]","명","","","1","2","1","1","-","-","-","-",
"기타 강간·강제추행등","허영사치심","범죄자[명]","명","","","1","","","","-","-","-","-",
"기타 강간·강제추행등","치부","범죄자[명]","명","","","2","","1","1","-","-","1","-",
"기타 강간·강제추행등","기타","범죄자[명]","명","","","120","55","37","32","20","27","26","17",
"기타 강간·강제추행등","사행심","범죄자[명]","명","","","6","2","3","","-","2","-","4",
"기타 강간·강제추행등","보복","범죄자[명]","명","","","1","","","","-","-","-","-",
"기타 강간·강제추행등","가정불화","범죄자[명]","명","","","5","","2","5","5","3","2","2",
"기타 강간·강제추행등","호기심","범죄자[명]","명","","","139","99","51","34","20","23","33","15",
"기타 강간·강제추행등","유혹","범죄자[명]","명","","","139","69","32","26","16","14","25","16",
"기타 강간·강제추행등","우발적","범죄자[명]","명","","","614","341","199","156","112","164","162","99",
"기타 강간·강제추행등","현실불만","범죄자[명]","명","","","9","13","13","3","7","-","1","1",
"기타 강간·강제추행등","부주의","범죄자[명]","명","","","37","13","9","2","8","11","11","7",
"기타 강간·강제추행등","기타","범죄자[명]","명","","","577","421","218","199","141","124","142","119",
"기타 강간·강제추행등","미상","범죄자[명]","명","","","180","146","110","52","34","85","78","67",
"방화","계","범죄자[명]","명","1519","1399","1386","1466","1517","1396","1286","1387","1317","1196",
"방화","이욕","범죄자[명]","명","71","76","73","20","43","23","22","24","21","17",
"방화","생활비","범죄자[명]","명","11","6","13","8","7","2","2","2","3","2",
"방화","유흥비","범죄자[명]","명","","","","","1","","-","-","-","1",
"방화","도박비","범죄자[명]","명","","","","","1","1","2","-","1","-",
"방화","허영사치심","범죄자[명]","명","","","3","","1","","-","-","-","-",
"방화","치부","범죄자[명]","명","3","1","1","","1","1","-","-","-","-",
"방화","기타","범죄자[명]","명","57","69","56","12","32","19","18","22","17","14",
"방화","사행심","범죄자[명]","명","2","2","1","1","","","-","-","2","-",
"방화","보복","범죄자[명]","명","1","1","2","6","2","6","4","4","8","7",
"방화","가정불화","범죄자[명]","명","136","97","112","120","130","110","90","69","64","62",
"방화","호기심","범죄자[명]","명","45","62","64","81","40","54","73","23","25","32",
"방화","유혹","범죄자[명]","명","3","","2","3","","3","2","2","-","-",
"방화","우발적","범죄자[명]","명","576","547","544","595","588","500","467","633","546","519",
"방화","현실불만","범죄자[명]","명","137","124","143","136","123","120","113","109","85","81",
"방화","부주의","범죄자[명]","명","38","40","44","41","41","60","30","41","40","46",
"방화","기타","범죄자[명]","명","345","343","308","358","423","386","342","302","301","247",
"방화","미상","범죄자[명]","명","165","107","93","105","127","134","143","180","225","185",
"절도범죄","계","범죄자[명]","명","111390","104434","102658","95645","103166","106415","105695","97334","101295","98425",
"절도범죄","이욕","범죄자[명]","명","31921","29688","29445","26909","30625","30853","30220","24897","25109","24558",
"절도범죄","생활비","범죄자[명]","명","13897","12085","12985","10167","10512","9924","9561","8269","8180","7394",
"절도범죄","유흥비","범죄자[명]","명","4577","5564","5689","3356","2980","2365","1901","1189","1047","1026",
"절도범죄","도박비","범죄자[명]","명","229","146","186","206","247","234","218","156","177","127",
"절도범죄","허영사치심","범죄자[명]","명","350","488","332","229","187","161","139","85","75","66",
"절도범죄","치부","범죄자[명]","명","337","253","157","104","67","40","46","36","39","43",
"절도범죄","기타","범죄자[명]","명","12531","11152","10096","12847","16632","18129","18355","15162","15591","15902",
"절도범죄","사행심","범죄자[명]","명","2065","2023","1906","1650","1724","1600","1729","1729","1802","1854",
"절도범죄","보복","범죄자[명]","명","19","12","10","4","3","7","2","1","5","2",
"절도범죄","가정불화","범죄자[명]","명","84","74","90","77","67","71","69","29","26","35",
"절도범죄","호기심","범죄자[명]","명","6923","5583","5299","4813","4882","4680","4274","1438","1474","2799",
"절도범죄","유혹","범죄자[명]","명","3246","3251","3168","2524","2304","2170","2112","1254","1171","1070",
"절도범죄","우발적","범죄자[명]","명","30259","29104","29030","26840","28057","29117","29487","29707","31717","31334",
"절도범죄","현실불만","범죄자[명]","명","472","304","356","272","275","295","278","184","194","180",
"절도범죄","부주의","범죄자[명]","명","2912","2342","2512","2581","2465","3162","3422","3125","3351","3319",
"절도범죄","기타","범죄자[명]","명","23289","24599","23511","22556","24416","25513","24155","17838","18243","19012",
"절도범죄","미상","범죄자[명]","명","10200","7454","7331","7419","8348","8947","9947","17132","18203","14262",
"폭력범죄","계","범죄자[명]","명","392042","400282","369913","358275","372723","380965","363511","348969","346561","313990",
"폭력범죄","이욕","범죄자[명]","명","11086","12391","7514","4131","3241","3236","2937","2456","2370","2517",
"폭력범죄","생활비","범죄자[명]","명","1107","1160","775","693","532","569","533","452","468","451",
"폭력범죄","유흥비","범죄자[명]","명","1062","1617","846","572","390","347","303","204","223","210",
"폭력범죄","도박비","범죄자[명]","명","36","27","20","42","25","36","47","14","26","17",
"폭력범죄","허영사치심","범죄자[명]","명","78","125","52","27","16","14","30","13","7","7",
"폭력범죄","치부","범죄자[명]","명","105","107","70","50","60","21","43","24","50","41",
"폭력범죄","기타","범죄자[명]","명","8698","9355","5751","2747","2218","2249","1981","1749","1596","1791",
"폭력범죄","사행심","범죄자[명]","명","357","504","343","232","171","231","248","228","272","315",
"폭력범죄","보복","범죄자[명]","명","139","197","195","220","258","390","255","222","223","221",
"폭력범죄","가정불화","범죄자[명]","명","4382","4809","5819","5557","18260","23648","20337","18378","20583","17763",
"폭력범죄","호기심","범죄자[명]","명","377","484","391","358","450","542","507","258","267","434",
"폭력범죄","유혹","범죄자[명]","명","237","318","185","141","120","114","152","148","95","79",
"폭력범죄","우발적","범죄자[명]","명","181439","176834","163260","152406","143857","137411","132459","139455","142863","130940",
"폭력범죄","현실불만","범죄자[명]","명","6044","6221","5342","4631","4178","4155","3685","2764","2606","2293",
"폭력범죄","부주의","범죄자[명]","명","5007","4652","4429","4694","4358","4678","4343","3349","3263","2976",
"폭력범죄","기타","범죄자[명]","명","75255","87465","78140","76476","77308","78130","72377","53630","49315","47914",
"폭력범죄","미상","범죄자[명]","명","107719","106407","104295","109429","120522","128430","126211","128081","124704","108538",
"상해","계","범죄자[명]","명","89138","84850","75206","66885","62059","65695","58851","52867","48854","43552",
"상해","이욕","범죄자[명]","명","1878","1770","1172","274","192","211","144","136","141","159",
"상해","생활비","범죄자[명]","명","16","26","32","12","18","16","10","11","33","21",
"상해","유흥비","범죄자[명]","명","11","6","2","3","5","13","8","4","2","2",
"상해","도박비","범죄자[명]","명","5","2","","","1","3","2","2","1","3",
"상해","허영사치심","범죄자[명]","명","8","4","3","1","1","1","-","3","-","-",
"상해","치부","범죄자[명]","명","13","6","11","12","18","3","10","6","6","6",
"상해","기타","범죄자[명]","명","1825","1726","1124","246","149","175","114","110","99","127",
"상해","사행심","범죄자[명]","명","27","42","48","26","14","23","24","24","14","16",
"상해","보복","범죄자[명]","명","25","18","9","10","29","52","55","32","31","43",
"상해","가정불화","범죄자[명]","명","1615","1666","1795","1545","3058","3951","3479","3041","2871","2375",
"상해","호기심","범죄자[명]","명","23","27","27","16","31","30","37","16","25","15",
"상해","유혹","범죄자[명]","명","9","17","22","14","12","9","16","7","7","4",
"상해","우발적","범죄자[명]","명","54777","50503","44536","39529","35153","36355","32751","32169","30468","27064",
"상해","현실불만","범죄자[명]","명","1490","1407","1154","917","810","903","723","504","484","398",
"상해","부주의","범죄자[명]","명","1269","1035","985","981","851","886","707","514","452","402",
"상해","기타","범죄자[명]","명","20302","22212","19870","18325","17011","18123","16090","10966","9303","8594",
"상해","미상","범죄자[명]","명","7723","6153","5588","5248","4898","5152","4825","5458","5058","4482",
"폭행","계","범죄자[명]","명","161782","167975","166337","171166","192308","216857","210745","204801","202710","178448",
"폭행","이욕","범죄자[명]","명","1965","2034","1600","374","225","327","250","258","208","289",
"폭행","생활비","범죄자[명]","명","28","43","45","29","21","103","31","29","18","29",
"폭행","유흥비","범죄자[명]","명","17","15","10","7","10","12","12","6","10","12",
"폭행","도박비","범죄자[명]","명","3","1","","","2","2","-","-","1","1",
"폭행","허영사치심","범죄자[명]","명","6","4","2","1","3","2","5","1","3","1",
"폭행","치부","범죄자[명]","명","5","5","4","7","9","6","11","5","12","8",
"폭행","기타","범죄자[명]","명","1906","1966","1539","330","180","202","191","217","164","238",
"폭행","사행심","범죄자[명]","명","37","51","37","25","27","38","34","36","43","49",
"폭행","보복","범죄자[명]","명","61","117","126","145","72","116","83","75","76","55",
"폭행","가정불화","범죄자[명]","명","1474","1724","2290","2347","10726","15349","12989","11642","12927","11057",
"폭행","호기심","범죄자[명]","명","33","45","34","35","39","120","88","58","41","60",
"폭행","유혹","범죄자[명]","명","27","24","22","21","16","25","27","18","11","11",
"폭행","우발적","범죄자[명]","명","55171","55814","56018","55239","55795","60254","60564","66700","69549","62885",
"폭행","현실불만","범죄자[명]","명","1677","1840","1560","1421","1439","1551","1479","1056","1037","868",
"폭행","부주의","범죄자[명]","명","1501","1383","1360","1573","1435","1716","1514","1124","1040","945",
"폭행","기타","범죄자[명]","명","21324","24953","23998","25015","27469","32459","30587","23598","21915","20902",
"폭행","미상","범죄자[명]","명","78512","79990","79292","84971","95065","104902","103130","100236","95863","81327",
"체포·감금","계","범죄자[명]","명","969","1113","1086","1118","1226","1687","1911","1608","1654","1695",
"체포·감금","이욕","범죄자[명]","명","48","65","33","28","38","74","63","53","58","65",
"체포·감금","생활비","범죄자[명]","명","2","7","4","3","9","18","8","13","8","5",
"체포·감금","유흥비","범죄자[명]","명","","1","1","2","","12","-","12","-","4",
"체포·감금","도박비","범죄자[명]","명","","","","","1","2","-","-","-","2",
"체포·감금","허영사치심","범죄자[명]","명","","","","","","1","-","-","-","-",
"체포·감금","치부","범죄자[명]","명","","1","1","","2","1","3","1","1","-",
"체포·감금","기타","범죄자[명]","명","46","56","27","23","26","40","52","27","49","54",
"체포·감금","사행심","범죄자[명]","명","2","2","3","2","4","5","17","3","4","9",
"체포·감금","보복","범죄자[명]","명","","","1","","4","5","2","4","2","3",
"체포·감금","가정불화","범죄자[명]","명","20","17","28","27","43","91","127","71","78","62",
"체포·감금","호기심","범죄자[명]","명","2","1","","","3","2","2","1","1","3",
"체포·감금","유혹","범죄자[명]","명","8","3","2","6","3","5","4","3","2","3",
"체포·감금","우발적","범죄자[명]","명","241","283","285","247","319","401","467","446","470","446",
"체포·감금","현실불만","범죄자[명]","명","15","17","20","21","12","37","23","17","16","17",
"체포·감금","부주의","범죄자[명]","명","25","10","23","18","21","19","22","22","7","26",
"체포·감금","기타","범죄자[명]","명","239","265","245","259","281","481","504","307","313","336",
"체포·감금","미상","범죄자[명]","명","369","450","446","510","498","567","680","681","703","725",
"협박","계","범죄자[명]","명","3855","4732","4682","5160","9197","16825","16599","18337","22377","22507",
"협박","이욕","범죄자[명]","명","116","166","127","69","72","97","116","109","111","95",
"협박","생활비","범죄자[명]","명","8","14","13","5","12","10","7","9","17","18",
"협박","유흥비","범죄자[명]","명","2","3","2","","3","4","3","4","4","4",
"협박","도박비","범죄자[명]","명","","","1","","","","5","1","1","1",
"협박","허영사치심","범죄자[명]","명","1","","","1","","1","-","-","1","-",
"협박","치부","범죄자[명]","명","3","","6","3","2","5","5","1","3","2",
"협박","기타","범죄자[명]","명","102","149","105","60","55","77","96","94","85","70",
"협박","사행심","범죄자[명]","명","2","10","4","","4","7","4","4","6","14",
"협박","보복","범죄자[명]","명","11","11","8","11","76","90","90","89","95","71",
"협박","가정불화","범죄자[명]","명","61","115","89","109","731","1754","1600","1690","2154","1943",
"협박","호기심","범죄자[명]","명","9","16","18","16","25","35","22","21","29","30",
"협박","유혹","범죄자[명]","명","4","16","3","5","5","10","14","15","7","13",
"협박","우발적","범죄자[명]","명","1010","1255","1337","1364","2768","5558","5508","6832","8506","8737",
"협박","현실불만","범죄자[명]","명","95","123","86","89","152","285","279","212","254","217",
"협박","부주의","범죄자[명]","명","47","35","51","58","108","442","507","385","487","402",
"협박","기타","범죄자[명]","명","812","1047","984","1150","1906","4081","3851","3129","3495","3659",
"협박","미상","범죄자[명]","명","1688","1938","1975","2289","3350","4466","4608","5851","7233","7326",
"약취·유인","계","범죄자[명]","명","340","270","260","252","252","305","285","260","351","296",
"약취·유인","이욕","범죄자[명]","명","61","50","30","49","34","41","34","34","31","11",
"약취·유인","생활비","범죄자[명]","명","25","22","4","12","5","7","9","6","6","-",
"약취·유인","유흥비","범죄자[명]","명","2","7","4","5","5","","4","4","-","-",
"약취·유인","도박비","범죄자[명]","명","","","2","1","","","-","1","-","-",
"약취·유인","허영사치심","범죄자[명]","명","","","","","","","-","-","-","-",
"약취·유인","치부","범죄자[명]","명","","","1","1","","","-","-","-","-",
"약취·유인","기타","범죄자[명]","명","34","21","19","30","24","34","21","23","25","11",
"약취·유인","사행심","범죄자[명]","명","","","1","","8","","1","2","2","11",
"약취·유인","보복","범죄자[명]","명","","","","","","","-","-","-","-",
"약취·유인","가정불화","범죄자[명]","명","8","3","6","20","8","14","21","12","21","12",
"약취·유인","호기심","범죄자[명]","명","3","8","4","7","3","2","3","3","4","7",
"약취·유인","유혹","범죄자[명]","명","17","15","5","5","14","14","9","6","9","6",
"약취·유인","우발적","범죄자[명]","명","43","30","47","37","32","41","46","44","45","43",
"약취·유인","현실불만","범죄자[명]","명","5","6","2","2","","","-","-","4","2",
"약취·유인","부주의","범죄자[명]","명","5","","5","2","9","3","7","1","4","4",
"약취·유인","기타","범죄자[명]","명","99","84","69","57","55","101","75","75","88","77",
"약취·유인","미상","범죄자[명]","명","99","74","91","73","89","89","89","83","143","123",
"폭력행위등","계","범죄자[명]","명","103423","106256","89858","80113","73002","40963","36647","31885","28625","25342",
"폭력행위등","이욕","범죄자[명]","명","5134","5851","3174","2191","1648","1240","1035","867","800","815",
"폭력행위등","생활비","범죄자[명]","명","730","711","453","416","258","195","193","187","143","135",
"폭력행위등","유흥비","범죄자[명]","명","792","1125","616","397","229","172","112","97","118","102",
"폭력행위등","도박비","범죄자[명]","명","16","12","11","25","15","12","23","2","9","-",
"폭력행위등","허영사치심","범죄자[명]","명","48","65","32","16","9","3","16","-","2","2",
"폭력행위등","치부","범죄자[명]","명","67","75","36","15","14","2","7","8","24","20",
"폭력행위등","기타","범죄자[명]","명","3481","3863","2026","1322","1123","856","684","573","504","556",
"폭력행위등","사행심","범죄자[명]","명","208","266","187","98","66","76","113","74","81","105",
"폭력행위등","보복","범죄자[명]","명","36","42","39","41","67","112","12","4","1","20",
"폭력행위등","가정불화","범죄자[명]","명","875","937","1174","1068","2318","401","235","186","167","123",
"폭력행위등","호기심","범죄자[명]","명","225","275","212","205","208","204","198","95","84","164",
"폭력행위등","유혹","범죄자[명]","명","123","181","96","55","44","20","50","67","28","21",
"폭력행위등","우발적","범죄자[명]","명","54270","52784","45785","40628","34716","19123","17367","15349","14136","12337",
"폭력행위등","현실불만","범죄자[명]","명","1834","1879","1672","1273","1055","511","332","332","205","198",
"폭력행위등","부주의","범죄자[명]","명","1394","1319","1127","1056","972","476","443","341","303","221",
"폭력행위등","기타","범죄자[명]","명","24449","29067","23760","21935","20803","11805","10580","7021","6087","5740",
"폭력행위등","미상","범죄자[명]","명","14875","13655","12632","11563","11105","6995","6282","7549","6733","5598",
"공갈","계","범죄자[명]","명","3786","5455","3189","3674","2930","3638","3573","3521","3552","3434",
"공갈","이욕","범죄자[명]","명","1033","1640","777","915","751","953","980","714","760","762",
"공갈","생활비","범죄자[명]","명","280","317","208","203","171","204","258","186","227","210",
"공갈","유흥비","범죄자[명]","명","232","456","209","152","136","132","160","75","84","86",
"공갈","도박비","범죄자[명]","명","11","12","6","16","6","16","16","6","13","10",
"공갈","허영사치심","범죄자[명]","명","13","51","13","7","2","6","7","8","1","4",
"공갈","치부","범죄자[명]","명","14","17","7","8","6","2","6","1","4","1",
"공갈","기타","범죄자[명]","명","483","787","334","529","430","593","533","438","431","451",
"공갈","사행심","범죄자[명]","명","67","116","47","63","39","66","43","57","93","68",
"공갈","보복","범죄자[명]","명","","1","4","5","1","","2","2","1","2",
"공갈","가정불화","범죄자[명]","명","11","1","4","6","6","6","19","5","7","6",
"공갈","호기심","범죄자[명]","명","48","51","41","21","33","22","39","7","19","23",
"공갈","유혹","범죄자[명]","명","33","51","27","28","13","20","24","22","20","13",
"공갈","우발적","범죄자[명]","명","603","969","536","559","354","480","478","387","390","483",
"공갈","현실불만","범죄자[명]","명","37","76","41","60","12","38","30","20","14","20",
"공갈","부주의","범죄자[명]","명","39","53","50","92","54","40","57","33","28","35",
"공갈","기타","범죄자[명]","명","1082","1769","939","1069","817","1038","941","724","688","719",
"공갈","미상","범죄자[명]","명","833","728","723","856","850","975","960","1550","1532","1303",
"손괴","계","범죄자[명]","명","28749","29631","29295","29907","31749","34995","34900","35690","38438","38716",
"손괴","이욕","범죄자[명]","명","851","815","601","231","281","293","315","285","261","321",
"손괴","생활비","범죄자[명]","명","18","20","16","13","38","16","17","11","16","33",
"손괴","유흥비","범죄자[명]","명","6","4","2","6","2","2","4","2","5","-",
"손괴","도박비","범죄자[명]","명","1","","","","","1","1","2","1","-",
"손괴","허영사치심","범죄자[명]","명","2","1","2","1","1","","2","1","-","-",
"손괴","치부","범죄자[명]","명","3","3","4","4","9","2","1","2","-","4",
"손괴","기타","범죄자[명]","명","821","787","577","207","231","272","290","267","239","284",
"손괴","사행심","범죄자[명]","명","14","17","16","18","9","16","12","28","29","43",
"손괴","보복","범죄자[명]","명","6","8","8","8","9","15","11","16","17","27",
"손괴","가정불화","범죄자[명]","명","318","346","433","435","1370","2082","1867","1731","2358","2185",
"손괴","호기심","범죄자[명]","명","34","61","55","58","108","127","118","57","64","132",
"손괴","유혹","범죄자[명]","명","16","11","8","7","13","11","8","10","11","8",
"손괴","우발적","범죄자[명]","명","15324","15196","14716","14803","14720","15199","15278","17528","19299","18945",
"손괴","현실불만","범죄자[명]","명","891","873","807","848","698","830","819","623","592","573",
"손괴","부주의","범죄자[명]","명","727","817","828","914","908","1096","1086","929","942","941",
"손괴","기타","범죄자[명]","명","6948","8068","8275","8666","8966","10042","9749","7810","7426","7887",
"손괴","미상","범죄자[명]","명","3620","3419","3548","3919","4667","5284","5637","6673","7439","7654",
"지능범죄","계","범죄자[명]","명","329399","280243","304025","286099","294379","287025","269117","292114","308782","307706",
"지능범죄","이욕","범죄자[명]","명","39033","34206","39340","42576","50067","51185","52625","56411","63060","64987",
"지능범죄","생활비","범죄자[명]","명","16732","14518","17656","17648","18947","18497","19581","22147","24422","26472",
"지능범죄","유흥비","범죄자[명]","명","2850","2532","2943","2457","2552","2308","2291","2020","1885","2041",
"지능범죄","도박비","범죄자[명]","명","502","489","615","651","940","1276","1347","1494","1599","1799",
"지능범죄","허영사치심","범죄자[명]","명","325","272","318","190","235","199","194","161","157","144",
"지능범죄","치부","범죄자[명]","명","817","850","612","408","353","267","393","373","305","221",
"지능범죄","기타","범죄자[명]","명","17807","15545","17196","21222","27040","28638","28819","30216","34692","34310",
"지능범죄","사행심","범죄자[명]","명","2641","3059","3058","2893","2895","3072","2966","4480","4979","4731",
"지능범죄","보복","범죄자[명]","명","46","20","13","25","16","1","5","2","3","-",
"지능범죄","가정불화","범죄자[명]","명","103","73","93","99","83","76","46","44","38","42",
"지능범죄","호기심","범죄자[명]","명","985","1342","1236","1209","1244","1544","1292","730","596","918",
"지능범죄","유혹","범죄자[명]","명","1088","1115","1340","1059","1093","1068","951","872","822","920",
"지능범죄","우발적","범죄자[명]","명","4909","4997","5595","5135","7883","9118","8949","11011","11895","12469",
"지능범죄","현실불만","범죄자[명]","명","270","245","256","238","224","243","187","164","168","149",
"지능범죄","부주의","범죄자[명]","명","6422","5680","5358","5972","5605","6024","6240","8110","9516","7893",
"지능범죄","기타","범죄자[명]","명","76417","78939","80951","80516","77817","72777","65398","63285","68702","67291",
"지능범죄","미상","범죄자[명]","명","197485","150567","166785","146377","147452","141917","130458","147005","149003","148306",
"직무유기","계","범죄자[명]","명","669","823","802","801","860","642","663","713","788","947",
"직무유기","이욕","범죄자[명]","명","21","9","8","3","5","4","1","3","3","1",
"직무유기","생활비","범죄자[명]","명","","","","","1","","-","2","-","-",
"직무유기","유흥비","범죄자[명]","명","","1","","","","","-","-","-","-",
"직무유기","도박비","범죄자[명]","명","","","","","","","-","-","-","-",
"직무유기","허영사치심","범죄자[명]","명","","","","","","","-","-","-","-",
"직무유기","치부","범죄자[명]","명","","","","","","","-","-","-","-",
"직무유기","기타","범죄자[명]","명","21","8","8","3","4","4","1","1","3","1",
"직무유기","사행심","범죄자[명]","명","","","2","","","","-","-","-","-",
"직무유기","보복","범죄자[명]","명","2","","","","","","-","-","-","-",
"직무유기","가정불화","범죄자[명]","명","1","","","","","","-","-","-","-",
"직무유기","호기심","범죄자[명]","명","","","","1","","","-","-","-","-",
"직무유기","유혹","범죄자[명]","명","","","","","","","1","-","-","-",
"직무유기","우발적","범죄자[명]","명","","","1","2","1","1","1","1","3","2",
"직무유기","현실불만","범죄자[명]","명","1","","","","","","-","-","-","-",
"직무유기","부주의","범죄자[명]","명","17","18","22","21","22","19","19","18","19","25",
"직무유기","기타","범죄자[명]","명","153","165","131","116","135","131","94","62","68","49",
"직무유기","미상","범죄자[명]","명","474","631","638","658","697","487","547","629","695","870",
"직권남용","계","범죄자[명]","명","357","409","523","595","587","577","679","811","974","1021",
"직권남용","이욕","범죄자[명]","명","6","11","14","4","10","3","5","4","7","12",
"직권남용","생활비","범죄자[명]","명","1","1","","","2","","-","3","-","-",
"직권남용","유흥비","범죄자[명]","명","","","","","","","-","-","-","-",
"직권남용","도박비","범죄자[명]","명","","","","","","","-","-","-","-",
"직권남용","허영사치심","범죄자[명]","명","","","","","","","-","-","-","-",
"직권남용","치부","범죄자[명]","명","","","","","","","-","-","-","-",
"직권남용","기타","범죄자[명]","명","5","10","14","4","8","3","5","1","7","12",
"직권남용","사행심","범죄자[명]","명","","","2","","","","-","1","-","-",
"직권남용","보복","범죄자[명]","명","","","","","","","-","-","-","-",
"직권남용","가정불화","범죄자[명]","명","","","","","1","1","-","-","1","-",
"직권남용","호기심","범죄자[명]","명","","","","","","","1","1","-","-",
"직권남용","유혹","범죄자[명]","명","","","2","","1","1","-","-","-","1",
"직권남용","우발적","범죄자[명]","명","5","1","7","6","2","5","2","13","7","4",
"직권남용","현실불만","범죄자[명]","명","","","","","","","-","-","1","-",
"직권남용","부주의","범죄자[명]","명","14","12","6","13","4","6","16","18","25","16",
"직권남용","기타","범죄자[명]","명","75","68","86","79","74","82","119","139","115","96",
"직권남용","미상","범죄자[명]","명","257","317","406","493","495","479","536","635","818","892",
"증수뢰","계","범죄자[명]","명","1239","832","855","848","842","788","1128","1131","942","807",
"증수뢰","이욕","범죄자[명]","명","309","203","166","175","104","160","333","204","217","225",
"증수뢰","생활비","범죄자[명]","명","58","25","34","34","11","13","22","14","11","10",
"증수뢰","유흥비","범죄자[명]","명","4","1","3","4","2","1","1","3","3","2",
"증수뢰","도박비","범죄자[명]","명","","1","","","","2","-","1","-","1",
"증수뢰","허영사치심","범죄자[명]","명","3","2","1","2","","","-","-","1","-",
"증수뢰","치부","범죄자[명]","명","12","5","11","2","","3","11","3","28","2",
"증수뢰","기타","범죄자[명]","명","232","169","117","133","91","141","299","183","174","210",
"증수뢰","사행심","범죄자[명]","명","9","1","13","30","8","40","11","11","26","6",
"증수뢰","보복","범죄자[명]","명","1","","1","","","","-","-","-","-",
"증수뢰","가정불화","범죄자[명]","명","","","1","","1","","-","1","-","-",
"증수뢰","호기심","범죄자[명]","명","","","","","","2","5","3","-","-",
"증수뢰","유혹","범죄자[명]","명","13","10","21","12","21","31","40","6","8","5",
"증수뢰","우발적","범죄자[명]","명","8","4","10","16","3","6","24","45","8","6",
"증수뢰","현실불만","범죄자[명]","명","","","","","","","-","-","-","-",
"증수뢰","부주의","범죄자[명]","명","24","21","13","48","10","15","42","120","23","28",
"증수뢰","기타","범죄자[명]","명","658","422","452","374","467","362","425","422","404","253",
"증수뢰","미상","범죄자[명]","명","217","171","178","193","228","172","248","319","256","284",
"통화","계","범죄자[명]","명","121","163","434","334","286","220","531","255","143","86",
"통화","이욕","범죄자[명]","명","30","46","59","37","55","43","79","46","28","14",
"통화","생활비","범죄자[명]","명","8","15","37","29","21","12","16","16","13","5",
"통화","유흥비","범죄자[명]","명","8","11","4","","5","7","4","2","3","1",
"통화","도박비","범죄자[명]","명","3","","","","","","-","-","-","-",
"통화","허영사치심","범죄자[명]","명","1","1","","","","","-","-","-","-",
"통화","치부","범죄자[명]","명","","1","","","","","5","-","-","-",
"통화","기타","범죄자[명]","명","10","18","18","8","29","24","54","28","12","8",
"통화","사행심","범죄자[명]","명","2","","4","1","1","13","-","2","2","-",
"통화","보복","범죄자[명]","명","","","","","","","-","-","-","-",
"통화","가정불화","범죄자[명]","명","","","1","","","","-","-","-","-",
"통화","호기심","범죄자[명]","명","7","6","7","3","11","4","2","2","3","2",
"통화","유혹","범죄자[명]","명","10","2","","2","","","2","-","-","-",
"통화","우발적","범죄자[명]","명","3","5","3","3","6","2","5","1","1","-",
"통화","현실불만","범죄자[명]","명","","","","","","","-","-","-","-",
"통화","부주의","범죄자[명]","명","","2","6","2","3","3","-","-","4","1",
"통화","기타","범죄자[명]","명","35","44","48","41","28","28","52","24","18","10",
"통화","미상","범죄자[명]","명","34","58","306","245","182","127","391","180","87","59",
"문서·인장","계","범죄자[명]","명","22105","19479","20406","19460","19022","18024","15918","15576","16253","15465",
"문서·인장","이욕","범죄자[명]","명","2117","1654","1853","1813","1691","1822","1584","1298","1416","1337",
"문서·인장","생활비","범죄자[명]","명","667","454","709","527","509","480","409","314","297","332",
"문서·인장","유흥비","범죄자[명]","명","39","33","29","20","27","24","21","11","10","15",
"문서·인장","도박비","범죄자[명]","명","10","8","6","4","11","8","9","8","7","11",
"문서·인장","허영사치심","범죄자[명]","명","5","10","4","4","14","7","11","6","2","10",
"문서·인장","치부","범죄자[명]","명","41","37","32","10","15","9","10","10","14","6",
"문서·인장","기타","범죄자[명]","명","1355","1112","1073","1248","1115","1294","1124","949","1086","963",
"문서·인장","사행심","범죄자[명]","명","219","165","145","141","132","149","122","260","146","134",
"문서·인장","보복","범죄자[명]","명","2","","2","4","","","-","-","-","-",
"문서·인장","가정불화","범죄자[명]","명","21","16","19","11","19","16","8","8","14","14",
"문서·인장","호기심","범죄자[명]","명","423","684","549","508","480","596","537","179","195","264",
"문서·인장","유혹","범죄자[명]","명","142","159","214","107","95","109","88","63","49","70",
"문서·인장","우발적","범죄자[명]","명","470","489","492","457","479","431","380","384","380","432",
"문서·인장","현실불만","범죄자[명]","명","40","28","15","21","19","16","14","7","14","5",
"문서·인장","부주의","범죄자[명]","명","985","728","795","749","646","684","626","707","778","612",
"문서·인장","기타","범죄자[명]","명","7225","6732","6792","6440","6283","5594","4619","3738","4012","3773",
"문서·인장","미상","범죄자[명]","명","10461","8824","9530","9209","9178","8607","7940","8932","9249","8824",
"유가증권인지","계","범죄자[명]","명","1025","633","548","552","399","373","330","295","208","117",
"유가증권인지","이욕","범죄자[명]","명","94","62","59","84","53","43","52","26","34","15",
"유가증권인지","생활비","범죄자[명]","명","34","23","20","30","7","15","21","4","13","1",
"유가증권인지","유흥비","범죄자[명]","명","3","1","1","1","","","1","1","-","-",
"유가증권인지","도박비","범죄자[명]","명","","","2","","","","3","-","-","-",
"유가증권인지","허영사치심","범죄자[명]","명","","","7","","","","-","-","-","-",
"유가증권인지","치부","범죄자[명]","명","2","2","","","","","-","-","-","-",
"유가증권인지","기타","범죄자[명]","명","55","36","29","53","46","28","27","21","21","14",
"유가증권인지","사행심","범죄자[명]","명","5","3","8","3","4","5","1","-","1","-",
"유가증권인지","보복","범죄자[명]","명","","","","","","","-","-","-","-",
"유가증권인지","가정불화","범죄자[명]","명","1","","","","","1","-","-","-","-",
"유가증권인지","호기심","범죄자[명]","명","","","","","","","-","1","1","-",
"유가증권인지","유혹","범죄자[명]","명","3","","1","","","1","-","-","2","-",
"유가증권인지","우발적","범죄자[명]","명","6","3","3","2","5","5","3","1","2","-",
"유가증권인지","현실불만","범죄자[명]","명","","","","3","","","-","-","-","-",
"유가증권인지","부주의","범죄자[명]","명","15","11","7","8","7","3","4","2","2","2",
"유가증권인지","기타","범죄자[명]","명","202","153","107","126","97","81","81","54","28","26",
"유가증권인지","미상","범죄자[명]","명","699","401","363","326","233","234","189","211","138","74",
"사기","계","범죄자[명]","명","264634","220887","239309","222173","228205","223210","208482","229854","246160","245009",
"사기","이욕","범죄자[명]","명","32189","28327","32199","35328","41790","42581","43558","48581","54950","56910",
"사기","생활비","범죄자[명]","명","14481","12518","14809","15413","16528","16280","17337","20164","22544","24476",
"사기","유흥비","범죄자[명]","명","2624","2307","2645","2284","2348","2120","2136","1892","1756","1921",
"사기","도박비","범죄자[명]","명","426","418","551","587","852","1173","1244","1402","1505","1705",
"사기","허영사치심","범죄자[명]","명","282","225","275","163","200","165","169","139","142","122",
"사기","치부","범죄자[명]","명","612","689","479","324","298","226","309","309","244","171",
"사기","기타","범죄자[명]","명","13764","12170","13440","16557","21564","22617","22363","24675","28759","28515",
"사기","사행심","범죄자[명]","명","2096","2520","2423","2152","2322","2470","2436","3677","4217","4049",
"사기","보복","범죄자[명]","명","33","17","9","19","9","1","2","2","2","-",
"사기","가정불화","범죄자[명]","명","64","47","62","75","48","49","29","27","15","22",
"사기","호기심","범죄자[명]","명","255","292","308","357","336","454","254","291","156","311",
"사기","유혹","범죄자[명]","명","672","664","791","703","676","622","601","590","566","651",
"사기","우발적","범죄자[명]","명","2948","3195","3201","3184","4653","5290","4817","5968","6372","6496",
"사기","현실불만","범죄자[명]","명","205","193","218","183","188","195","163","136","141","129",
"사기","부주의","범죄자[명]","명","4679","4075","3642","4273","4034","4227","4434","5909","7422","6002",
"사기","기타","범죄자[명]","명","58584","60689","61635","61247","59120","55702","50032","49978","55488","54421",
"사기","미상","범죄자[명]","명","162909","120868","134821","114652","115029","111619","102156","114695","116831","116018",
"횡령","계","범죄자[명]","명","31389","29507","32723","31975","35945","35583","33580","35270","35163","35930",
"횡령","이욕","범죄자[명]","명","3612","3393","4322","4275","5623","5822","6005","5451","5614","5796",
"횡령","생활비","범죄자[명]","명","1379","1370","1866","1437","1721","1571","1584","1454","1430","1556",
"횡령","유흥비","범죄자[명]","명","158","174","257","146","164","154","119","106","106","96",
"횡령","도박비","범죄자[명]","명","59","58","54","59","73","87","88","76","84","78",
"횡령","허영사치심","범죄자[명]","명","24","34","31","18","20","24","14","14","12","12",
"횡령","치부","범죄자[명]","명","104","86","71","53","30","24","48","47","18","39",
"횡령","기타","범죄자[명]","명","1888","1671","2043","2562","3615","3962","4152","3754","3964","4015",
"횡령","사행심","범죄자[명]","명","280","341","414","464","359","374","374","484","543","483",
"횡령","보복","범죄자[명]","명","6","3","1","2","7","","2","-","1","-",
"횡령","가정불화","범죄자[명]","명","11","10","9","12","13","7","9","8","8","6",
"횡령","호기심","범죄자[명]","명","300","358","372","337","417","487","490","250","241","341",
"횡령","유혹","범죄자[명]","명","221","264","277","208","276","285","200","201","189","187",
"횡령","우발적","범죄자[명]","명","1431","1273","1839","1435","2692","3346","3659","4536","5074","5465",
"횡령","현실불만","범죄자[명]","명","19","23","22","30","17","29","10","20","10","15",
"횡령","부주의","범죄자[명]","명","558","668","706","705","720","904","946","1123","1074","1032",
"횡령","기타","범죄자[명]","명","7706","8697","9599","9375","9708","9008","8262","7327","7226","7380",
"횡령","미상","범죄자[명]","명","17245","14477","15162","15132","16113","15321","13623","15870","15183","15225",
"배임","계","범죄자[명]","명","7860","7510","8425","9361","8233","7608","7806","8209","8151","8324",
"배임","이욕","범죄자[명]","명","655","501","660","857","736","707","1008","798","791","677",
"배임","생활비","범죄자[명]","명","104","112","181","178","147","126","192","176","114","92",
"배임","유흥비","범죄자[명]","명","14","4","4","2","6","2","9","5","7","6",
"배임","도박비","범죄자[명]","명","4","4","2","1","4","6","3","7","3","4",
"배임","허영사치심","범죄자[명]","명","10","","","3","1","3","-","2","-","-",
"배임","치부","범죄자[명]","명","46","30","19","19","10","5","10","4","1","3",
"배임","기타","범죄자[명]","명","477","351","454","654","568","565","794","604","666","572",
"배임","사행심","범죄자[명]","명","30","29","47","102","69","21","22","45","44","59",
"배임","보복","범죄자[명]","명","2","","","","","","1","-","-","-",
"배임","가정불화","범죄자[명]","명","5","","1","1","1","2","-","-","-","-",
"배임","호기심","범죄자[명]","명","","2","","3","","1","3","3","-","-",
"배임","유혹","범죄자[명]","명","27","16","34","27","24","19","19","12","8","6",
"배임","우발적","범죄자[명]","명","38","27","39","30","42","32","58","62","48","64",
"배임","현실불만","범죄자[명]","명","5","1","1","1","","3","-","1","2","-",
"배임","부주의","범죄자[명]","명","130","145","161","153","159","163","153","213","169","175",
"배임","기타","범죄자[명]","명","1779","1969","2101","2718","1905","1789","1714","1541","1343","1283",
"배임","미상","범죄자[명]","명","5189","4820","5381","5469","5297","4871","4828","5534","5746","6060",
"풍속범죄","계","범죄자[명]","명","61383","50905","48014","41694","41083","45149","35781","32183","33779","34671",
"풍속범죄","이욕","범죄자[명]","명","8994","6972","6085","5063","5992","7447","5298","4671","5089","5051",
"풍속범죄","생활비","범죄자[명]","명","1833","1759","1521","865","951","946","653","884","989","648",
"풍속범죄","유흥비","범죄자[명]","명","449","396","367","276","341","472","288","208","143","195",
"풍속범죄","도박비","범죄자[명]","명","711","405","286","301","346","349","281","118","227","172",
"풍속범죄","허영사치심","범죄자[명]","명","65","38","26","33","15","24","19","19","30","34",
"풍속범죄","치부","범죄자[명]","명","152","123","75","142","40","15","24","14","7","8",
"풍속범죄","기타","범죄자[명]","명","5784","4251","3810","3446","4299","5641","4033","3428","3693","3994",
"풍속범죄","사행심","범죄자[명]","명","17651","13069","11595","11024","10196","12040","8618","7466","7587","6960",
"풍속범죄","보복","범죄자[명]","명","13","6","5","","5","4","3","1","1","6",
"풍속범죄","가정불화","범죄자[명]","명","111","122","95","111","30","25","21","19","24","37",
"풍속범죄","호기심","범죄자[명]","명","3048","2488","3690","2960","3253","4532","3828","2778","3099","3651",
"풍속범죄","유혹","범죄자[명]","명","548","703","653","617","495","604","643","594","504","518",
"풍속범죄","우발적","범죄자[명]","명","3227","3167","3377","3109","3624","3596","3962","4343","4835","4772",
"풍속범죄","현실불만","범죄자[명]","명","45","69","49","74","62","70","85","65","63","70",
"풍속범죄","부주의","범죄자[명]","명","2000","2003","1803","1211","1171","937","759","734","772","741",
"풍속범죄","기타","범죄자[명]","명","19827","17879","16239","13429","12934","13261","9706","8252","8240","9097",
"풍속범죄","미상","범죄자[명]","명","5919","4427","4423","4096","3321","2633","2858","3260","3565","3768",
"성풍속범죄","계","범죄자[명]","명","15209","16321","18688","13945","11917","11207","12046","12713","12473","13546",
"성풍속범죄","이욕","범죄자[명]","명","1516","2038","2168","964","873","938","779","1334","1032","746",
"성풍속범죄","생활비","범죄자[명]","명","257","754","637","206","208","234","246","460","408","208",
"성풍속범죄","유흥비","범죄자[명]","명","51","29","26","10","9","9","16","21","4","16",
"성풍속범죄","도박비","범죄자[명]","명","6","1","","","","","-","2","1","7",
"성풍속범죄","허영사치심","범죄자[명]","명","6","6","5","1","","5","2","4","1","5",
"성풍속범죄","치부","범죄자[명]","명","18","12","8","4","14","4","4","4","4","3",
"성풍속범죄","기타","범죄자[명]","명","1178","1236","1492","743","642","686","511","843","614","507",
"성풍속범죄","사행심","범죄자[명]","명","150","100","151","46","52","41","53","57","93","73",
"성풍속범죄","보복","범죄자[명]","명","1","2","5","","5","4","3","1","1","6",
"성풍속범죄","가정불화","범죄자[명]","명","102","114","89","104","28","22","19","18","23","27",
"성풍속범죄","호기심","범죄자[명]","명","1910","1898","3213","2403","2733","2831","2839","2351","2288","2968",
"성풍속범죄","유혹","범죄자[명]","명","245","312","401","365","282","293","447","378","310","378",
"성풍속범죄","우발적","범죄자[명]","명","897","1051","1485","1434","1703","1980","2480","2971","3094","3209",
"성풍속범죄","현실불만","범죄자[명]","명","35","60","42","65","59","59","73","55","50","67",
"성풍속범죄","부주의","범죄자[명]","명","1124","1266","1146","629","481","470","447","385","342","366",
"성풍속범죄","기타","범죄자[명]","명","6137","6712","7040","5269","4123","3685","3585","3370","3300","3671",
"성풍속범죄","미상","범죄자[명]","명","3092","2768","2948","2666","1578","884","1321","1793","1940","2035",
"도박범죄","계","범죄자[명]","명","46174","34584","29326","27749","29166","33942","23735","19470","21306","21125",
"도박범죄","이욕","범죄자[명]","명","7478","4934","3917","4099","5119","6509","4519","3337","4057","4305",
"도박범죄","생활비","범죄자[명]","명","1576","1005","884","659","743","712","407","424","581","440",
"도박범죄","유흥비","범죄자[명]","명","398","367","341","266","332","463","272","187","139","179",
"도박범죄","도박비","범죄자[명]","명","705","404","286","301","346","349","281","116","226","165",
"도박범죄","허영사치심","범죄자[명]","명","59","32","21","32","15","19","17","15","29","29",
"도박범죄","치부","범죄자[명]","명","134","111","67","138","26","11","20","10","3","5",
"도박범죄","기타","범죄자[명]","명","4606","3015","2318","2703","3657","4955","3522","2585","3079","3487",
"도박범죄","사행심","범죄자[명]","명","17501","12969","11444","10978","10144","11999","8565","7409","7494","6887",
"도박범죄","보복","범죄자[명]","명","12","4","","","","","-","-","-","-",
"도박범죄","가정불화","범죄자[명]","명","9","8","6","7","2","3","2","1","1","10",
"도박범죄","호기심","범죄자[명]","명","1138","590","477","557","520","1701","989","427","811","683",
"도박범죄","유혹","범죄자[명]","명","303","391","252","252","213","311","196","216","194","140",
"도박범죄","우발적","범죄자[명]","명","2330","2116","1892","1675","1921","1616","1482","1372","1741","1563",
"도박범죄","현실불만","범죄자[명]","명","10","9","7","9","3","11","12","10","13","3",
"도박범죄","부주의","범죄자[명]","명","876","737","657","582","690","467","312","349","430","375",
"도박범죄","기타","범죄자[명]","명","13690","11167","9199","8160","8811","9576","6121","4882","4940","5426",
"도박범죄","미상","범죄자[명]","명","2827","1659","1475","1430","1743","1749","1537","1467","1625","1733",
"특별경제범죄","계","범죄자[명]","명","91622","93427","83308","87648","90356","77669","72452","75348","79175","67904",
"특별경제범죄","이욕","범죄자[명]","명","12444","11603","8815","10121","10966","10293","11326","12467","13358","10654",
"특별경제범죄","생활비","범죄자[명]","명","6275","5313","4151","4708","4567","4058","4348","5055","4693","3811",
"특별경제범죄","유흥비","범죄자[명]","명","90","91","185","105","131","114","74","71","62","47",
"특별경제범죄","도박비","범죄자[명]","명","15","17","16","14","13","14","26","15","8","10",
"특별경제범죄","허영사치심","범죄자[명]","명","19","28","17","12","10","14","35","23","9","6",
"특별경제범죄","치부","범죄자[명]","명","284","293","114","107","58","76","77","31","41","8",
"특별경제범죄","기타","범죄자[명]","명","5761","5861","4332","5175","6187","6017","6766","7272","8545","6772",
"특별경제범죄","사행심","범죄자[명]","명","385","507","507","444","476","669","501","634","834","553",
"특별경제범죄","보복","범죄자[명]","명","37","31","26","14","22","24","13","15","16","12",
"특별경제범죄","가정불화","범죄자[명]","명","68","75","87","98","66","57","53","41","41","40",
"특별경제범죄","호기심","범죄자[명]","명","863","720","546","460","585","312","308","113","102","114",
"특별경제범죄","유혹","범죄자[명]","명","139","194","219","283","284","198","189","224","219","144",
"특별경제범죄","우발적","범죄자[명]","명","7260","9002","9392","10194","11032","11257","10745","11936","12635","11326",
"특별경제범죄","현실불만","범죄자[명]","명","800","1206","870","965","850","854","779","582","668","534",
"특별경제범죄","부주의","범죄자[명]","명","6608","6816","4982","5566","5460","4204","4339","4626","5969","4075",
"특별경제범죄","기타","범죄자[명]","명","30850","33508","27836","30917","31094","26345","23549","22796","23701","20043",
"특별경제범죄","미상","범죄자[명]","명","32168","29765","30028","28586","29521","23456","20650","21914","21632","20409",
"마약범죄","계","범죄자[명]","명","5409","4731","5049","5264","6913","8443","8512","7677","9875","11630",
"마약범죄","이욕","범죄자[명]","명","513","317","385","188","332","448","519","424","659","673",
"마약범죄","생활비","범죄자[명]","명","82","57","78","64","79","108","134","122","206","252",
"마약범죄","유흥비","범죄자[명]","명","15","5","8","9","18","8","16","9","16","14",
"마약범죄","도박비","범죄자[명]","명","1","","2","1","","2","3","1","8","2",
"마약범죄","허영사치심","범죄자[명]","명","9","1","2","2","1","2","2","2","2","4",
"마약범죄","치부","범죄자[명]","명","","2","5","1","1","","2","3","-","1",
"마약범죄","기타","범죄자[명]","명","406","252","290","111","233","328","362","287","427","400",
"마약범죄","사행심","범죄자[명]","명","31","19","13","17","26","38","48","67","77","87",
"마약범죄","보복","범죄자[명]","명","7","3","2","","","","-","-","2","-",
"마약범죄","가정불화","범죄자[명]","명","18","6","9","9","10","12","16","12","23","19",
"마약범죄","호기심","범죄자[명]","명","412","399","395","528","670","884","914","612","1081","1207",
"마약범죄","유혹","범죄자[명]","명","865","758","875","903","1036","1228","1409","1209","1319","1217",
"마약범죄","우발적","범죄자[명]","명","228","223","238","364","447","559","677","686","880","1067",
"마약범죄","현실불만","범죄자[명]","명","52","39","86","34","96","106","129","108","141","155",
"마약범죄","부주의","범죄자[명]","명","246","336","403","192","441","603","591","717","716","970",
"마약범죄","기타","범죄자[명]","명","2188","2195","2228","2529","3137","3638","3326","3043","4012","5193",
"마약범죄","미상","범죄자[명]","명","849","436","415","500","718","927","883","799","965","1042",
"보건범죄","계","범죄자[명]","명","20445","19531","23046","22085","20721","21649","19130","16965","18024","21810",
"보건범죄","이욕","범죄자[명]","명","5354","4055","5500","5054","5500","4943","4613","3878","4714","4629",
"보건범죄","생활비","범죄자[명]","명","3905","2723","3583","3107","2685","2385","2244","1786","2330","2107",
"보건범죄","유흥비","범죄자[명]","명","14","10","7","15","7","7","8","-","9","3",
"보건범죄","도박비","범죄자[명]","명","3","6","3","1","3","4","2","1","-","2",
"보건범죄","허영사치심","범죄자[명]","명","3","4","","","","2","1","1","-","2",
"보건범죄","치부","범죄자[명]","명","47","63","89","54","45","36","29","32","24","23",
"보건범죄","기타","범죄자[명]","명","1382","1249","1818","1877","2760","2509","2329","2058","2351","2492",
"보건범죄","사행심","범죄자[명]","명","103","140","251","111","117","135","152","148","175","170",
"보건범죄","보복","범죄자[명]","명","3","1","1","1","","","-","-","1","-",
"보건범죄","가정불화","범죄자[명]","명","4","6","6","6","9","5","7","-","3","3",
"보건범죄","호기심","범죄자[명]","명","6","5","8","19","25","19","64","8","23","13",
"보건범죄","유혹","범죄자[명]","명","34","56","43","42","26","33","47","27","22","33",
"보건범죄","우발적","범죄자[명]","명","341","225","323","296","298","412","429","767","672","724",
"보건범죄","현실불만","범죄자[명]","명","11","6","12","9","13","29","17","9","18","47",
"보건범죄","부주의","범죄자[명]","명","2154","2160","2947","2488","2227","2414","2320","2155","2167","3046",
"보건범죄","기타","범죄자[명]","명","10268","10661","11522","11505","9587","10832","8437","7058","7328","9358",
"보건범죄","미상","범죄자[명]","명","2167","2216","2433","2554","2919","2827","3044","2915","2901","3787",
"환경범죄","계","범죄자[명]","명","3113","3247","3588","3136","3176","3802","4378","4066","5088","4329",
"환경범죄","이욕","범죄자[명]","명","337","354","322","164","253","372","450","399","656","528",
"환경범죄","생활비","범죄자[명]","명","104","122","142","67","65","100","139","110","209","135",
"환경범죄","유흥비","범죄자[명]","명","1","1","2","","","1","1","-","1","-",
"환경범죄","도박비","범죄자[명]","명","1","","","","","","1","-","-","-",
"환경범죄","허영사치심","범죄자[명]","명","","2","","","","","-","-","-","-",
"환경범죄","치부","범죄자[명]","명","16","1","","","4","4","6","1","6","2",
"환경범죄","기타","범죄자[명]","명","215","228","178","97","184","267","303","288","440","391",
"환경범죄","사행심","범죄자[명]","명","1","2","8","2","21","13","6","8","35","17",
"환경범죄","보복","범죄자[명]","명","1","","1","","1","","-","-","-","-",
"환경범죄","가정불화","범죄자[명]","명","","","1","1","","1","-","-","1","-",
"환경범죄","호기심","범죄자[명]","명","18","15","14","12","10","5","4","7","5","4",
"환경범죄","유혹","범죄자[명]","명","11","4","12","4","5","28","11","10","8","-",
"환경범죄","우발적","범죄자[명]","명","48","40","47","32","30","47","56","45","86","70",
"환경범죄","현실불만","범죄자[명]","명","3","3","1","1","4","4","5","1","8","3",
"환경범죄","부주의","범죄자[명]","명","778","761","1046","839","821","1066","1207","1220","1446","996",
"환경범죄","기타","범죄자[명]","명","1494","1610","1720","1680","1613","1807","2049","1738","2080","2039",
"환경범죄","미상","범죄자[명]","명","422","458","416","401","418","459","590","638","763","672",
"교통범죄","계","범죄자[명]","명","524350","512076","536756","533126","549374","555352","484552","413147","383717","356446",
"교통범죄","이욕","범죄자[명]","명","8251","7834","5529","1315","1089","1202","1146","992","652","603",
"교통범죄","생활비","범죄자[명]","명","400","258","261","321","383","376","225","220","198","229",
"교통범죄","유흥비","범죄자[명]","명","6","12","8","6","9","12","7","8","1","4",
"교통범죄","도박비","범죄자[명]","명","1","3","","","5","2","1","-","1","-",
"교통범죄","허영사치심","범죄자[명]","명","7","4","9","3","3","3","11","2","4","19",
"교통범죄","치부","범죄자[명]","명","6","2","13","5","6","7","6","4","3","1",
"교통범죄","기타","범죄자[명]","명","7831","7555","5238","980","683","802","896","758","445","350",
"교통범죄","사행심","범죄자[명]","명","187","76","196","189","199","136","89","233","255","254",
"교통범죄","보복","범죄자[명]","명","4","3","12","","3","3","2","2","2","1",
"교통범죄","가정불화","범죄자[명]","명","233","174","209","192","162","160","120","88","89","86",
"교통범죄","호기심","범죄자[명]","명","1490","1535","1587","1387","1338","1622","1712","606","701","1426",
"교통범죄","유혹","범죄자[명]","명","2082","1767","1293","876","1300","1350","1198","730","469","488",
"교통범죄","우발적","범죄자[명]","명","39267","33334","33785","30450","29908","28692","26044","25804","24602","25588",
"교통범죄","현실불만","범죄자[명]","명","167","139","308","347","236","299","102","108","70","78",
"교통범죄","부주의","범죄자[명]","명","187583","182010","186010","184435","186037","179206","160586","137464","124880","112601",
"교통범죄","기타","범죄자[명]","명","169746","165428","182156","174684","168770","174876","147899","109571","85838","79180",
"교통범죄","미상","범죄자[명]","명","115340","119776","125671","139251","160332","167806","145654","137549","146159","136141",
"노동범죄","계","범죄자[명]","명","2641","2378","2309","2131","2395","5860","4964","2073","865","613",
"노동범죄","이욕","범죄자[명]","명","855","708","857","711","918","2188","1885","693","324","161",
"노동범죄","생활비","범죄자[명]","명","625","513","621","467","505","1110","1016","277","168","75",
"노동범죄","유흥비","범죄자[명]","명","11","11","6","2","","4","-","1","-","-",
"노동범죄","도박비","범죄자[명]","명","","","","","","3","-","-","-","-",
"노동범죄","허영사치심","범죄자[명]","명","3","","","","","2","-","-","-","-",
"노동범죄","치부","범죄자[명]","명","5","23","29","4","6","4","1","-","2","4",
"노동범죄","기타","범죄자[명]","명","211","161","201","238","407","1065","868","415","154","82",
"노동범죄","사행심","범죄자[명]","명","47","30","47","12","22","16","40","43","7","7",
"노동범죄","보복","범죄자[명]","명","1","","","","","","-","-","-","-",
"노동범죄","가정불화","범죄자[명]","명","","2","3","1","","3","2","1","-","-",
"노동범죄","호기심","범죄자[명]","명","","5","","","2","2","-","-","-","-",
"노동범죄","유혹","범죄자[명]","명","8","10","16","6","15","57","13","4","1","-",
"노동범죄","우발적","범죄자[명]","명","33","19","20","32","40","143","53","49","20","10",
"노동범죄","현실불만","범죄자[명]","명","","3","","","1","","-","1","1","-",
"노동범죄","부주의","범죄자[명]","명","135","140","113","138","139","261","379","223","80","60",
"노동범죄","기타","범죄자[명]","명","1244","1251","1034","956","1028","2779","2117","819","261","242",
"노동범죄","미상","범죄자[명]","명","318","210","219","275","230","411","475","240","171","133",
"안보범죄","계","범죄자[명]","명","160","126","152","90","174","151","251","187","545","678",
"안보범죄","이욕","범죄자[명]","명","16","20","10","","7","21","78","61","287","346",
"안보범죄","생활비","범죄자[명]","명","3","6","","","1","4","37","41","51","144",
"안보범죄","유흥비","범죄자[명]","명","","","2","","1","","-","-","8","8",
"안보범죄","도박비","범죄자[명]","명","","","","","","","1","-","-","-",
"안보범죄","허영사치심","범죄자[명]","명","","","","","","5","4","-","-","-",
"안보범죄","치부","범죄자[명]","명","","","","","","","-","-","-","-",
"안보범죄","기타","범죄자[명]","명","13","14","8","","5","12","36","20","228","194",
"안보범죄","사행심","범죄자[명]","명","","","","","1","1","2","7","7","10",
"안보범죄","보복","범죄자[명]","명","1","1","","","","","-","-","-","-",
"안보범죄","가정불화","범죄자[명]","명","","","","","","","-","-","-","-",
"안보범죄","호기심","범죄자[명]","명","4","4","","","","3","4","-","1","2",
"안보범죄","유혹","범죄자[명]","명","","","","","","","12","7","-","18",
"안보범죄","우발적","범죄자[명]","명","5","4","6","1","7","2","4","4","6","10",
"안보범죄","현실불만","범죄자[명]","명","29","23","14","13","7","8","13","6","7","4",
"안보범죄","부주의","범죄자[명]","명","1","","1","2","","1","-","2","10","5",
"안보범죄","기타","범죄자[명]","명","56","56","91","48","122","41","98","49","142","206",
"안보범죄","미상","범죄자[명]","명","48","18","30","26","30","74","40","51","85","77",
"선거범죄","계","범죄자[명]","명","400","1855","409","2800","1121","1525","787","3280","1180","1545",
"선거범죄","이욕","범죄자[명]","명","43","206","28","85","59","62","18","125","82","53",
"선거범죄","생활비","범죄자[명]","명","1","27","","10","1","","1","6","-","1",
"선거범죄","유흥비","범죄자[명]","명","","","","","","","-","-","-","-",
"선거범죄","도박비","범죄자[명]","명","","","","","","","-","-","-","-",
"선거범죄","허영사치심","범죄자[명]","명","","3","2","","","","-","-","-","2",
"선거범죄","치부","범죄자[명]","명","","1","","1","","1","-","1","-","-",
"선거범죄","기타","범죄자[명]","명","42","175","26","74","58","61","17","118","82","50",
"선거범죄","사행심","범죄자[명]","명","1","","","4","3","","-","11","-","5",
"선거범죄","보복","범죄자[명]","명","","2","","","","2","-","-","-","-",
"선거범죄","가정불화","범죄자[명]","명","","1","1","","","","-","2","-","1",
"선거범죄","호기심","범죄자[명]","명","","7","13","3","4","2","22","8","-","3",
"선거범죄","유혹","범죄자[명]","명","","15","1","8","4","3","7","6","13","1",
"선거범죄","우발적","범죄자[명]","명","2","70","19","87","29","68","114","171","131","108",
"선거범죄","현실불만","범죄자[명]","명","2","43","7","21","10","21","45","31","4","45",
"선거범죄","부주의","범죄자[명]","명","37","128","46","233","79","89","83","448","65","78",
"선거범죄","기타","범죄자[명]","명","237","948","208","1588","724","823","352","1462","548","664",
"선거범죄","미상","범죄자[명]","명","78","435","86","771","209","455","146","1016","337","587",
"병역범죄","계","범죄자[명]","명","22752","18359","23200","18523","18241","15659","14574","13254","11809","3164",
"병역범죄","이욕","범죄자[명]","명","1174","1196","1157","336","379","292","315","288","240","71",
"병역범죄","생활비","범죄자[명]","명","190","214","228","180","179","135","158","160","118","26",
"병역범죄","유흥비","범죄자[명]","명","3","","2","3","","","-","-","-","-",
"병역범죄","도박비","범죄자[명]","명","","","1","1","","","1","-","-","-",
"병역범죄","허영사치심","범죄자[명]","명","","","","","","1","-","-","-","-",
"병역범죄","치부","범죄자[명]","명","1","2","","1","1","","2","4","1","-",
"병역범죄","기타","범죄자[명]","명","980","980","926","151","199","156","154","124","121","45",
"병역범죄","사행심","범죄자[명]","명","4","7","8","7","11","7","7","13","10","6",
"병역범죄","보복","범죄자[명]","명","1","3","","5","","","-","-","-","-",
"병역범죄","가정불화","범죄자[명]","명","29","35","56","36","39","35","26","19","18","6",
"병역범죄","호기심","범죄자[명]","명","2","2","1","1","5","5","5","4","2","-",
"병역범죄","유혹","범죄자[명]","명","2","6","7","11","11","1","2","3","2","3",
"병역범죄","우발적","범죄자[명]","명","160","205","305","307","274","215","187","269","247","89",
"병역범죄","현실불만","범죄자[명]","명","58","50","55","34","53","46","49","64","55","31",
"병역범죄","부주의","범죄자[명]","명","3172","3666","5131","4376","4219","3884","4148","4191","4049","827",
"병역범죄","기타","범죄자[명]","명","10536","11959","14656","12591","12466","10510","9237","7788","6626","1844",
"병역범죄","미상","범죄자[명]","명","7614","1230","1824","819","784","664","598","615","560","287",
"기타범죄","계","범죄자[명]","명","224781","208432","213524","230854","241747","310870","272830","247023","256000","244539",
"기타범죄","이욕","범죄자[명]","명","33937","28231","27138","27404","28575","35303","32312","26807","26156","21189",
"기타범죄","생활비","범죄자[명]","명","18458","13872","14759","14114","12834","15551","13800","10751","9736","7934",
"기타범죄","유흥비","범죄자[명]","명","412","512","509","366","267","317","216","138","111","116",
"기타범죄","도박비","범죄자[명]","명","77","35","41","66","48","57","65","71","58","35",
"기타범죄","허영사치심","범죄자[명]","명","127","55","88","88","68","80","91","59","69","34",
"기타범죄","치부","범죄자[명]","명","797","552","331","326","266","374","310","520","177","74",
"기타범죄","기타","범죄자[명]","명","14066","13205","11410","12444","15092","18924","17830","15268","16005","12996",
"기타범죄","사행심","범죄자[명]","명","3284","2677","2686","2822","2406","2391","1912","1904","2538","1840",
"기타범죄","보복","범죄자[명]","명","62","51","47","58","54","46","50","39","28","62",
"기타범죄","가정불화","범죄자[명]","명","430","455","541","554","849","1366","1532","1471","1793","1911",
"기타범죄","호기심","범죄자[명]","명","4152","2537","2662","2565","2049","5794","3087","1801","1907","1868",
"기타범죄","유혹","범죄자[명]","명","2245","1660","1246","1185","1119","1981","1256","955","920","700",
"기타범죄","우발적","범죄자[명]","명","17608","18745","20164","22770","23164","26636","24164","27303","30075","29845",
"기타범죄","현실불만","범죄자[명]","명","1959","1969","2166","2296","2170","2447","2084","1678","1781","1716",
"기타범죄","부주의","범죄자[명]","명","21937","20952","23102","24235","24636","36982","33591","29874","31793","29927",
"기타범죄","기타","범죄자[명]","명","91557","87443","86771","95083","97797","126756","104735","81284","80290","77958",
"기타범죄","미상","범죄자[명]","명","47610","43712","47001","51882","58928","71168","68107","73907","78719","77523",
