"[AA]죄종별","죄종별","[BB]공범관계별","공범관계별","[Item]항목","항목","단위","2011 년","2012 년","2013 년","2014 년","2015 년","2016 년","2017 년","2018 년","2019 년","2020 년",
"00","계","BB1","계","BB1[14STD04548]","범죄자[명]","명","1815233","1723815","1741302","1712435","1771390","1847605","1685461","1581922","1585638","1494421",
"00","계","BB3","단독범","BB1[14STD04548]","범죄자[명]","명","1506046","961402","994990","980013","1370762","1489219","1339175","867208","862640","803424",
"00","계","BB2","공범관계","BB1[14STD04548]","범죄자[명]","명","","293327","253744","238106","207490","210059","193044","195026","190757","180786",
"00","계","BB201","학교동창","BB1[14STD04548]","범죄자[명]","명","25980","28431","22378","18485","16615","15185","14315","13003","12100","10200",
"00","계","BB202","교도소.소년원동료","BB1[14STD04548]","범죄자[명]","명","814","870","751","698","825","732","756","761","841","788",
"00","계","BB203","직장동료","BB1[14STD04548]","범죄자[명]","명","38397","33662","33281","31754","26431","27133","26061","21579","21237","19341",
"00","계","BB204","친인척","BB1[14STD04548]","범죄자[명]","명","17138","16803","15369","14577","12416","12030","11706","10957","9985","9016",
"00","계","BB205","군동료","BB1[14STD04548]","범죄자[명]","명","459","380","401","320","226","189","188","237","174","199",
"00","계","BB206","동네친구","BB1[14STD04548]","범죄자[명]","명","50994","53175","46474","40843","39650","38670","36974","34345","34496","34732",
"00","계","BB207","고향친구","BB1[14STD04548]","범죄자[명]","명","8159","6880","6619","6114","6187","5728","5430","4546","4517","4335",
"00","계","BB208","애인","BB1[14STD04548]","범죄자[명]","명","5295","5847","5600","5382","4188","4198","4248","4133","4220","3835",
"00","계","BB209","기타","BB1[14STD04548]","범죄자[명]","명","161951","147279","122871","119933","100952","106194","93366","105465","103187","98340",
"00","계","BB4","미상","BB1[14STD04548]","범죄자[명]","명","","469086","492568","494316","193138","148327","153242","519688","532241","510211",
"01","강력범죄","BB1","계","BB1[14STD04548]","범죄자[명]","명","25346","23789","25351","25065","25821","27071","28927","28302","28943","26971",
"01","강력범죄","BB3","단독범","BB1[14STD04548]","범죄자[명]","명","20482","15352","18089","18834","22804","24415","26344","20361","20451","18759",
"01","강력범죄","BB2","공범관계","BB1[14STD04548]","범죄자[명]","명","","3864","3261","2635","2082","2051","1859","1862","2006","1761",
"01","강력범죄","BB201","학교동창","BB1[14STD04548]","범죄자[명]","명","716","660","655","465","353","346","278","289","324","235",
"01","강력범죄","BB202","교도소.소년원동료","BB1[14STD04548]","범죄자[명]","명","75","70","49","35","31","32","13","15","23","21",
"01","강력범죄","BB203","직장동료","BB1[14STD04548]","범죄자[명]","명","313","213","224","188","158","135","183","137","145","123",
"01","강력범죄","BB204","친인척","BB1[14STD04548]","범죄자[명]","명","135","117","90","99","65","52","68","56","49","57",
"01","강력범죄","BB205","군동료","BB1[14STD04548]","범죄자[명]","명","13","7","11","9","15","7","6","7","1","6",
"01","강력범죄","BB206","동네친구","BB1[14STD04548]","범죄자[명]","명","1629","1234","1025","843","743","726","670","566","718","657",
"01","강력범죄","BB207","고향친구","BB1[14STD04548]","범죄자[명]","명","189","178","165","112","96","103","100","83","101","43",
"01","강력범죄","BB208","애인","BB1[14STD04548]","범죄자[명]","명","102","61","90","47","46","50","74","53","53","63",
"01","강력범죄","BB209","기타","BB1[14STD04548]","범죄자[명]","명","1692","1324","952","837","575","600","467","656","592","556",
"01","강력범죄","BB4","미상","BB1[14STD04548]","범죄자[명]","명","","4573","4001","3596","935","605","724","6079","6486","6451",
"0101","살인기수","BB1","계","BB1[14STD04548]","범죄자[명]","명","449","446","377","447","389","379","344","350","345","341",
"0101","살인기수","BB3","단독범","BB1[14STD04548]","범죄자[명]","명","384","311","260","285","320","307","269","221","195","214",
"0101","살인기수","BB2","공범관계","BB1[14STD04548]","범죄자[명]","명","","60","49","60","36","53","46","52","57","36",
"0101","살인기수","BB201","학교동창","BB1[14STD04548]","범죄자[명]","명","4","3","2","","1","1","3","-","4","2",
"0101","살인기수","BB202","교도소.소년원동료","BB1[14STD04548]","범죄자[명]","명","","2","","","","1","-","-","2","-",
"0101","살인기수","BB203","직장동료","BB1[14STD04548]","범죄자[명]","명","3","4","3","2","9","2","1","8","-","-",
"0101","살인기수","BB204","친인척","BB1[14STD04548]","범죄자[명]","명","6","8","10","16","7","10","12","11","9","10",
"0101","살인기수","BB205","군동료","BB1[14STD04548]","범죄자[명]","명","","","","","","","-","1","-","-",
"0101","살인기수","BB206","동네친구","BB1[14STD04548]","범죄자[명]","명","8","2","1","12","","6","7","1","7","3",
"0101","살인기수","BB207","고향친구","BB1[14STD04548]","범죄자[명]","명","","5","1","1","2","","-","-","4","-",
"0101","살인기수","BB208","애인","BB1[14STD04548]","범죄자[명]","명","10","6","10","4","5","4","7","3","7","7",
"0101","살인기수","BB209","기타","BB1[14STD04548]","범죄자[명]","명","34","30","22","25","12","29","16","28","24","14",
"0101","살인기수","BB4","미상","BB1[14STD04548]","범죄자[명]","명","","75","68","102","33","19","29","77","93","91",
"0102","살인미수등","BB1","계","BB1[14STD04548]","범죄자[명]","명","836","610","620","575","586","616","561","516","525","454",
"0102","살인미수등","BB3","단독범","BB1[14STD04548]","범죄자[명]","명","765","501","506","462","518","554","496","405","406","334",
"0102","살인미수등","BB2","공범관계","BB1[14STD04548]","범죄자[명]","명","","62","62","43","32","40","44","48","35","37",
"0102","살인미수등","BB201","학교동창","BB1[14STD04548]","범죄자[명]","명","2","","1","","2","1","-","2","-","2",
"0102","살인미수등","BB202","교도소.소년원동료","BB1[14STD04548]","범죄자[명]","명","","","2","","","","-","-","-","-",
"0102","살인미수등","BB203","직장동료","BB1[14STD04548]","범죄자[명]","명","8","4","1","1","1","9","4","-","2","-",
"0102","살인미수등","BB204","친인척","BB1[14STD04548]","범죄자[명]","명","1","9","6","6","5","","2","6","6","3",
"0102","살인미수등","BB205","군동료","BB1[14STD04548]","범죄자[명]","명","","2","","","","","-","-","-","-",
"0102","살인미수등","BB206","동네친구","BB1[14STD04548]","범죄자[명]","명","13","13","6","6","6","7","2","6","8","12",
"0102","살인미수등","BB207","고향친구","BB1[14STD04548]","범죄자[명]","명","6","4","12","7","3","4","5","3","-","-",
"0102","살인미수등","BB208","애인","BB1[14STD04548]","범죄자[명]","명","6","","5","4","","1","7","3","-","-",
"0102","살인미수등","BB209","기타","BB1[14STD04548]","범죄자[명]","명","35","30","29","19","15","18","24","28","19","20",
"0102","살인미수등","BB4","미상","BB1[14STD04548]","범죄자[명]","명","","47","52","70","36","22","21","63","84","83",
"0103","강도","BB1","계","BB1[14STD04548]","범죄자[명]","명","4890","3322","2593","2078","1999","1716","1456","1165","1336","1202",
"0103","강도","BB3","단독범","BB1[14STD04548]","범죄자[명]","명","2151","1220","980","880","924","770","686","529","463","387",
"0103","강도","BB2","공범관계","BB1[14STD04548]","범죄자[명]","명","","1856","1393","1021","962","830","684","510","748","668",
"0103","강도","BB201","학교동창","BB1[14STD04548]","범죄자[명]","명","275","204","136","74","68","61","48","46","68","69",
"0103","강도","BB202","교도소.소년원동료","BB1[14STD04548]","범죄자[명]","명","61","57","35","22","31","26","12","12","15","8",
"0103","강도","BB203","직장동료","BB1[14STD04548]","범죄자[명]","명","154","86","89","61","57","36","74","24","39","44",
"0103","강도","BB204","친인척","BB1[14STD04548]","범죄자[명]","명","83","62","28","34","28","21","32","6","10","9",
"0103","강도","BB205","군동료","BB1[14STD04548]","범죄자[명]","명","11","2","3","3","9","","-","-","-","-",
"0103","강도","BB206","동네친구","BB1[14STD04548]","범죄자[명]","명","921","668","503","386","397","343","245","218","374","321",
"0103","강도","BB207","고향친구","BB1[14STD04548]","범죄자[명]","명","116","107","74","50","61","46","51","32","56","17",
"0103","강도","BB208","애인","BB1[14STD04548]","범죄자[명]","명","63","31","30","16","22","28","30","18","22","20",
"0103","강도","BB209","기타","BB1[14STD04548]","범죄자[명]","명","1055","639","495","375","289","269","192","154","164","180",
"0103","강도","BB4","미상","BB1[14STD04548]","범죄자[명]","명","","246","220","177","113","116","86","126","125","147",
"0104","강간·강제추행","BB1","계","BB1[14STD04548]","범죄자[명]","명","17652","18012","","","","","","","","",
"0104","강간·강제추행","BB3","단독범","BB1[14STD04548]","범죄자[명]","명","15866","12244","","","","","","","","",
"0104","강간·강제추행","BB2","공범관계","BB1[14STD04548]","범죄자[명]","명","","1670","","","","","","","","",
"0104","강간·강제추행","BB201","학교동창","BB1[14STD04548]","범죄자[명]","명","383","398","","","","","","","","",
"0104","강간·강제추행","BB202","교도소.소년원동료","BB1[14STD04548]","범죄자[명]","명","14","9","","","","","","","","",
"0104","강간·강제추행","BB203","직장동료","BB1[14STD04548]","범죄자[명]","명","102","88","","","","","","","","",
"0104","강간·강제추행","BB204","친인척","BB1[14STD04548]","범죄자[명]","명","38","34","","","","","","","","",
"0104","강간·강제추행","BB205","군동료","BB1[14STD04548]","범죄자[명]","명","2","3","","","","","","","","",
"0104","강간·강제추행","BB206","동네친구","BB1[14STD04548]","범죄자[명]","명","638","483","","","","","","","","",
"0104","강간·강제추행","BB207","고향친구","BB1[14STD04548]","범죄자[명]","명","66","60","","","","","","","","",
"0104","강간·강제추행","BB208","애인","BB1[14STD04548]","범죄자[명]","명","14","20","","","","","","","","",
"0104","강간·강제추행","BB209","기타","BB1[14STD04548]","범죄자[명]","명","529","575","","","","","","","","",
"0104","강간·강제추행","BB4","미상","BB1[14STD04548]","범죄자[명]","명","","4098","","","","","","","","",
"0106","강간","BB1","계","BB1[14STD04548]","범죄자[명]","명","","","5856","5517","5621","5829","5943","5947","6138","6113",
"0106","강간","BB3","단독범","BB1[14STD04548]","범죄자[명]","명","","","3611","3494","4794","5084","5169","3347","3493","3464",
"0106","강간","BB2","공범관계","BB1[14STD04548]","범죄자[명]","명","","","851","739","516","540","539","505","471","443",
"0106","강간","BB201","학교동창","BB1[14STD04548]","범죄자[명]","명","","","285","203","150","137","98","119","109","62",
"0106","강간","BB202","교도소.소년원동료","BB1[14STD04548]","범죄자[명]","명","","","5","11","","2","1","2","-","9",
"0106","강간","BB203","직장동료","BB1[14STD04548]","범죄자[명]","명","","","41","31","12","8","44","19","19","28",
"0106","강간","BB204","친인척","BB1[14STD04548]","범죄자[명]","명","","","17","18","10","10","9","9","12","16",
"0106","강간","BB205","군동료","BB1[14STD04548]","범죄자[명]","명","","","2","3","","1","2","1","1","3",
"0106","강간","BB206","동네친구","BB1[14STD04548]","범죄자[명]","명","","","284","272","206","220","234","194","178","180",
"0106","강간","BB207","고향친구","BB1[14STD04548]","범죄자[명]","명","","","56","37","16","35","34","27","21","18",
"0106","강간","BB208","애인","BB1[14STD04548]","범죄자[명]","명","","","21","4","4","9","8","11","10","9",
"0106","강간","BB209","기타","BB1[14STD04548]","범죄자[명]","명","","","140","160","118","118","109","123","121","118",
"0106","강간","BB4","미상","BB1[14STD04548]","범죄자[명]","명","","","1394","1284","311","205","235","2095","2174","2206",
"0107","유사강간","BB1","계","BB1[14STD04548]","범죄자[명]","명","","","136","389","535","598","694","848","895","934",
"0107","유사강간","BB3","단독범","BB1[14STD04548]","범죄자[명]","명","","","117","309","498","567","655","630","635","656",
"0107","유사강간","BB2","공범관계","BB1[14STD04548]","범죄자[명]","명","","","8","26","21","23","24","49","56","47",
"0107","유사강간","BB201","학교동창","BB1[14STD04548]","범죄자[명]","명","","","","9","4","8","10","4","19","2",
"0107","유사강간","BB202","교도소.소년원동료","BB1[14STD04548]","범죄자[명]","명","","","","","","","-","-","2","3",
"0107","유사강간","BB203","직장동료","BB1[14STD04548]","범죄자[명]","명","","","","","","2","2","4","-","5",
"0107","유사강간","BB204","친인척","BB1[14STD04548]","범죄자[명]","명","","","","","","","-","-","-","1",
"0107","유사강간","BB205","군동료","BB1[14STD04548]","범죄자[명]","명","","","","","","","-","-","-","-",
"0107","유사강간","BB206","동네친구","BB1[14STD04548]","범죄자[명]","명","","","3","6","11","6","9","28","16","10",
"0107","유사강간","BB207","고향친구","BB1[14STD04548]","범죄자[명]","명","","","","","","","-","1","1","-",
"0107","유사강간","BB208","애인","BB1[14STD04548]","범죄자[명]","명","","","","2","2","","-","-","-","9",
"0107","유사강간","BB209","기타","BB1[14STD04548]","범죄자[명]","명","","","5","9","4","7","3","12","18","17",
"0107","유사강간","BB4","미상","BB1[14STD04548]","범죄자[명]","명","","","11","54","16","8","15","169","204","231",
"0108","강제추행","BB1","계","BB1[14STD04548]","범죄자[명]","명","","","12496","13400","14488","16016","18272","17631","17892","16382",
"0108","강제추행","BB3","단독범","BB1[14STD04548]","범죄자[명]","명","","","10038","11290","13865","15476","17619","13742","13864","12519",
"0108","강제추행","BB2","공범관계","BB1[14STD04548]","범죄자[명]","명","","","474","449","295","344","353","542","461","378",
"0108","강제추행","BB201","학교동창","BB1[14STD04548]","범죄자[명]","명","","","105","77","69","78","82","91","81","67",
"0108","강제추행","BB202","교도소.소년원동료","BB1[14STD04548]","범죄자[명]","명","","","","","","2","-","1","4","1",
"0108","강제추행","BB203","직장동료","BB1[14STD04548]","범죄자[명]","명","","","63","76","58","52","48","61","74","39",
"0108","강제추행","BB204","친인척","BB1[14STD04548]","범죄자[명]","명","","","11","22","2","11","8","13","8","11",
"0108","강제추행","BB205","군동료","BB1[14STD04548]","범죄자[명]","명","","","6","3","4","6","4","4","-","3",
"0108","강제추행","BB206","동네친구","BB1[14STD04548]","범죄자[명]","명","","","90","84","50","85","86","61","74","79",
"0108","강제추행","BB207","고향친구","BB1[14STD04548]","범죄자[명]","명","","","12","12","9","8","6","17","9","3",
"0108","강제추행","BB208","애인","BB1[14STD04548]","범죄자[명]","명","","","21","4","3","2","16","11","10","11",
"0108","강제추행","BB209","기타","BB1[14STD04548]","범죄자[명]","명","","","166","171","100","100","103","283","201","164",
"0108","강제추행","BB4","미상","BB1[14STD04548]","범죄자[명]","명","","","1984","1661","328","196","300","3347","3567","3485",
"0109","기타 강간·강제추행등","BB1","계","BB1[14STD04548]","범죄자[명]","명","","","1887","1193","686","521","371","458","495","349",
"0109","기타 강간·강제추행등","BB3","단독범","BB1[14STD04548]","범죄자[명]","명","","","1436","916","538","434","310","341","371","238",
"0109","기타 강간·강제추행등","BB2","공범관계","BB1[14STD04548]","범죄자[명]","명","","","272","133","93","80","56","39","59","51",
"0109","기타 강간·강제추행등","BB201","학교동창","BB1[14STD04548]","범죄자[명]","명","","","66","25","35","22","16","3","7","9",
"0109","기타 강간·강제추행등","BB202","교도소.소년원동료","BB1[14STD04548]","범죄자[명]","명","","","7","","","1","-","-","-","-",
"0109","기타 강간·강제추행등","BB203","직장동료","BB1[14STD04548]","범죄자[명]","명","","","11","7","4","6","-","2","2","-",
"0109","기타 강간·강제추행등","BB204","친인척","BB1[14STD04548]","범죄자[명]","명","","","4","2","3","","1","1","-","5",
"0109","기타 강간·강제추행등","BB205","군동료","BB1[14STD04548]","범죄자[명]","명","","","","","2","","-","-","-","-",
"0109","기타 강간·강제추행등","BB206","동네친구","BB1[14STD04548]","범죄자[명]","명","","","105","42","31","18","29","25","21","17",
"0109","기타 강간·강제추행등","BB207","고향친구","BB1[14STD04548]","범죄자[명]","명","","","10","5","","5","-","1","10","2",
"0109","기타 강간·강제추행등","BB208","애인","BB1[14STD04548]","범죄자[명]","명","","","3","4","2","3","-","-","3","5",
"0109","기타 강간·강제추행등","BB209","기타","BB1[14STD04548]","범죄자[명]","명","","","66","48","16","25","10","7","16","13",
"0109","기타 강간·강제추행등","BB4","미상","BB1[14STD04548]","범죄자[명]","명","","","179","144","55","7","5","78","65","60",
"0105","방화","BB1","계","BB1[14STD04548]","범죄자[명]","명","1519","1399","1386","1466","1517","1396","1286","1387","1317","1196",
"0105","방화","BB3","단독범","BB1[14STD04548]","범죄자[명]","명","1316","1076","1141","1198","1347","1223","1140","1146","1024","947",
"0105","방화","BB2","공범관계","BB1[14STD04548]","범죄자[명]","명","","216","152","164","127","141","113","117","119","101",
"0105","방화","BB201","학교동창","BB1[14STD04548]","범죄자[명]","명","52","55","60","77","24","38","21","24","36","22",
"0105","방화","BB202","교도소.소년원동료","BB1[14STD04548]","범죄자[명]","명","","2","","2","","","-","-","-","-",
"0105","방화","BB203","직장동료","BB1[14STD04548]","범죄자[명]","명","46","31","16","10","17","20","10","19","9","7",
"0105","방화","BB204","친인척","BB1[14STD04548]","범죄자[명]","명","7","4","14","1","10","","4","10","4","2",
"0105","방화","BB205","군동료","BB1[14STD04548]","범죄자[명]","명","","","","","","","-","1","-","-",
"0105","방화","BB206","동네친구","BB1[14STD04548]","범죄자[명]","명","49","68","33","35","42","41","58","33","40","35",
"0105","방화","BB207","고향친구","BB1[14STD04548]","범죄자[명]","명","1","2","","","5","5","4","2","-","3",
"0105","방화","BB208","애인","BB1[14STD04548]","범죄자[명]","명","9","4","","9","8","3","6","7","1","2",
"0105","방화","BB209","기타","BB1[14STD04548]","범죄자[명]","명","39","50","29","30","21","34","10","21","29","30",
"0105","방화","BB4","미상","BB1[14STD04548]","범죄자[명]","명","","107","93","104","43","32","33","124","174","148",
"02","절도범죄","BB1","계","BB1[14STD04548]","범죄자[명]","명","111390","104434","102658","95645","103166","106415","105695","97334","101295","98425",
"02","절도범죄","BB3","단독범","BB1[14STD04548]","범죄자[명]","명","70747","57849","60540","59713","71398","77921","79061","66778","71130","68651",
"02","절도범죄","BB2","공범관계","BB1[14STD04548]","범죄자[명]","명","","39201","34858","28560","28201","25559","23510","20956","19802","19550",
"02","절도범죄","BB201","학교동창","BB1[14STD04548]","범죄자[명]","명","10624","10505","9664","7802","7850","6663","6041","4717","4494","4079",
"02","절도범죄","BB202","교도소.소년원동료","BB1[14STD04548]","범죄자[명]","명","420","405","372","336","397","340","316","343","298","196",
"02","절도범죄","BB203","직장동료","BB1[14STD04548]","범죄자[명]","명","2790","1804","1729","1580","1426","1543","1514","1175","973","880",
"02","절도범죄","BB204","친인척","BB1[14STD04548]","범죄자[명]","명","1425","1287","1077","1034","1061","1080","1112","1056","951","1014",
"02","절도범죄","BB205","군동료","BB1[14STD04548]","범죄자[명]","명","36","55","39","23","27","33","33","39","22","28",
"02","절도범죄","BB206","동네친구","BB1[14STD04548]","범죄자[명]","명","13698","14914","12926","10388","10609","9783","8978","7801","7714","8425",
"02","절도범죄","BB207","고향친구","BB1[14STD04548]","범죄자[명]","명","1167","908","960","790","904","770","754","575","620","509",
"02","절도범죄","BB208","애인","BB1[14STD04548]","범죄자[명]","명","1021","1102","1041","904","888","919","863","828","744","632",
"02","절도범죄","BB209","기타","BB1[14STD04548]","범죄자[명]","명","9462","8221","7050","5703","5039","4428","3899","4422","3986","3787",
"02","절도범죄","BB4","미상","BB1[14STD04548]","범죄자[명]","명","","7384","7260","7372","3567","2935","3124","9600","10363","10224",
"03","폭력범죄","BB1","계","BB1[14STD04548]","범죄자[명]","명","392042","400282","369913","358275","372723","380965","363511","348969","346561","313990",
"03","폭력범죄","BB3","단독범","BB1[14STD04548]","범죄자[명]","명","306979","206410","196891","189519","291663","316608","290225","185986","192493","178238",
"03","폭력범죄","BB2","공범관계","BB1[14STD04548]","범죄자[명]","명","","87775","68931","59550","48320","42791","42357","40372","34190","29521",
"03","폭력범죄","BB201","학교동창","BB1[14STD04548]","범죄자[명]","명","11416","13671","8566","7309","5450","5207","5241","5089","4228","2924",
"03","폭력범죄","BB202","교도소.소년원동료","BB1[14STD04548]","범죄자[명]","명","50","61","55","45","50","60","42","48","83","82",
"03","폭력범죄","BB203","직장동료","BB1[14STD04548]","범죄자[명]","명","12226","11324","10594","8739","6792","5524","5384","4269","3555","3223",
"03","폭력범죄","BB204","친인척","BB1[14STD04548]","범죄자[명]","명","8955","8743","7287","6726","5019","4613","4372","4123","3431","2920",
"03","폭력범죄","BB205","군동료","BB1[14STD04548]","범죄자[명]","명","237","140","141","111","69","43","38","61","44","44",
"03","폭력범죄","BB206","동네친구","BB1[14STD04548]","범죄자[명]","명","19312","20625","17414","15400","13328","12437","12661","11448","10698","9642",
"03","폭력범죄","BB207","고향친구","BB1[14STD04548]","범죄자[명]","명","3053","2848","2627","2398","2134","1875","1678","1473","1115","1010",
"03","폭력범죄","BB208","애인","BB1[14STD04548]","범죄자[명]","명","1999","2261","2012","1656","1258","1207","1297","1109","1065","850",
"03","폭력범죄","BB209","기타","BB1[14STD04548]","범죄자[명]","명","27815","28102","20235","17166","14220","11825","11644","12752","9971","8826",
"03","폭력범죄","BB4","미상","BB1[14STD04548]","범죄자[명]","명","","106097","104091","109206","32740","21566","30929","122611","119878","106231",
"0301","상해","BB1","계","BB1[14STD04548]","범죄자[명]","명","89138","84850","75206","66885","62059","65695","58851","52867","48854","43552",
"0301","상해","BB3","단독범","BB1[14STD04548]","범죄자[명]","명","82905","72810","65297","57960","58447","60761","52915","43936","41201","36929",
"0301","상해","BB2","공범관계","BB1[14STD04548]","범죄자[명]","명","","5916","4341","3701","2256","3882","4481","4015","2976","2309",
"0301","상해","BB201","학교동창","BB1[14STD04548]","범죄자[명]","명","347","382","236","231","169","365","358","378","328","156",
"0301","상해","BB202","교도소.소년원동료","BB1[14STD04548]","범죄자[명]","명","1","2","2","2","6","4","5","9","6","4",
"0301","상해","BB203","직장동료","BB1[14STD04548]","범죄자[명]","명","748","672","675","501","311","463","551","384","327","213",
"0301","상해","BB204","친인척","BB1[14STD04548]","범죄자[명]","명","757","783","582","549","309","459","435","427","284","248",
"0301","상해","BB205","군동료","BB1[14STD04548]","범죄자[명]","명","11","10","9","14","9","2","6","4","6","2",
"0301","상해","BB206","동네친구","BB1[14STD04548]","범죄자[명]","명","759","774","677","532","355","963","978","798","677","568",
"0301","상해","BB207","고향친구","BB1[14STD04548]","범죄자[명]","명","149","134","101","104","66","267","214","132","82","80",
"0301","상해","BB208","애인","BB1[14STD04548]","범죄자[명]","명","180","205","165","165","79","126","147","108","102","68",
"0301","상해","BB209","기타","BB1[14STD04548]","범죄자[명]","명","3281","2954","1894","1603","952","1233","1787","1775","1164","970",
"0301","상해","BB4","미상","BB1[14STD04548]","범죄자[명]","명","","6124","5568","5224","1356","1052","1455","4916","4677","4314",
"0302","폭행","BB1","계","BB1[14STD04548]","범죄자[명]","명","161782","167975","166337","171166","192308","216857","210745","204801","202710","178448",
"0302","폭행","BB3","단독범","BB1[14STD04548]","범죄자[명]","명","154287","80493","80481","80343","168325","198838","182418","98270","102568","92978",
"0302","폭행","BB2","공범관계","BB1[14STD04548]","범죄자[명]","명","","7642","6660","5968","4247","6052","7287","8328","6205","5035",
"0302","폭행","BB201","학교동창","BB1[14STD04548]","범죄자[명]","명","419","603","529","487","314","573","634","777","542","403",
"0302","폭행","BB202","교도소.소년원동료","BB1[14STD04548]","범죄자[명]","명","1","6","1","","","3","6","13","9","19",
"0302","폭행","BB203","직장동료","BB1[14STD04548]","범죄자[명]","명","991","876","925","803","532","643","846","703","545","450",
"0302","폭행","BB204","친인척","BB1[14STD04548]","범죄자[명]","명","897","934","806","731","620","875","937","945","777","655",
"0302","폭행","BB205","군동료","BB1[14STD04548]","범죄자[명]","명","9","11","20","16","2","8","4","16","8","15",
"0302","폭행","BB206","동네친구","BB1[14STD04548]","범죄자[명]","명","1027","1225","1239","1114","1002","1451","1661","1710","1476","1179",
"0302","폭행","BB207","고향친구","BB1[14STD04548]","범죄자[명]","명","159","130","124","157","134","216","220","212","157","128",
"0302","폭행","BB208","애인","BB1[14STD04548]","범죄자[명]","명","260","270","268","224","186","222","308","268","257","174",
"0302","폭행","BB209","기타","BB1[14STD04548]","범죄자[명]","명","3732","3587","2748","2436","1457","2061","2671","3684","2434","2012",
"0302","폭행","BB4","미상","BB1[14STD04548]","범죄자[명]","명","","79840","79196","84855","19736","11967","21040","98203","93937","80435",
"0303","체포·감금","BB1","계","BB1[14STD04548]","범죄자[명]","명","969","1113","1086","1118","1226","1687","1911","1608","1654","1695",
"0303","체포·감금","BB3","단독범","BB1[14STD04548]","범죄자[명]","명","790","436","522","479","820","1111","1266","680","669","630",
"0303","체포·감금","BB2","공범관계","BB1[14STD04548]","범죄자[명]","명","","232","124","132","164","313","350","276","303","344",
"0303","체포·감금","BB201","학교동창","BB1[14STD04548]","범죄자[명]","명","3","6","2","3","15","10","29","32","44","27",
"0303","체포·감금","BB202","교도소.소년원동료","BB1[14STD04548]","범죄자[명]","명","","","2","","2","10","-","-","2","2",
"0303","체포·감금","BB203","직장동료","BB1[14STD04548]","범죄자[명]","명","27","28","15","24","24","21","39","15","16","22",
"0303","체포·감금","BB204","친인척","BB1[14STD04548]","범죄자[명]","명","36","42","26","29","29","44","59","31","37","50",
"0303","체포·감금","BB205","군동료","BB1[14STD04548]","범죄자[명]","명","","","","","1","","-","-","-","1",
"0303","체포·감금","BB206","동네친구","BB1[14STD04548]","범죄자[명]","명","14","26","12","9","21","69","98","86","88","135",
"0303","체포·감금","BB207","고향친구","BB1[14STD04548]","범죄자[명]","명","2","1","1","4","2","10","1","6","11","5",
"0303","체포·감금","BB208","애인","BB1[14STD04548]","범죄자[명]","명","3","4","3","4","","15","10","9","9","9",
"0303","체포·감금","BB209","기타","BB1[14STD04548]","범죄자[명]","명","94","125","63","59","70","134","114","97","96","93",
"0303","체포·감금","BB4","미상","BB1[14STD04548]","범죄자[명]","명","","445","440","507","242","263","295","652","682","721",
"0304","협박","BB1","계","BB1[14STD04548]","범죄자[명]","명","3855","4732","4682","5160","9197","16825","16599","18337","22377","22507",
"0304","협박","BB3","단독범","BB1[14STD04548]","범죄자[명]","명","3588","2471","2441","2615","8003","15531","15127","11942","14721","14747",
"0304","협박","BB2","공범관계","BB1[14STD04548]","범죄자[명]","명","","341","282","263","291","492","536","767","704","601",
"0304","협박","BB201","학교동창","BB1[14STD04548]","범죄자[명]","명","9","16","18","23","24","25","34","79","79","49",
"0304","협박","BB202","교도소.소년원동료","BB1[14STD04548]","범죄자[명]","명","1","","","1","","","-","-","1","2",
"0304","협박","BB203","직장동료","BB1[14STD04548]","범죄자[명]","명","33","36","47","42","28","40","57","76","56","54",
"0304","협박","BB204","친인척","BB1[14STD04548]","범죄자[명]","명","50","73","41","33","55","63","78","93","88","91",
"0304","협박","BB205","군동료","BB1[14STD04548]","범죄자[명]","명","","","","1","","1","1","2","-","2",
"0304","협박","BB206","동네친구","BB1[14STD04548]","범죄자[명]","명","17","22","19","18","41","62","88","130","115","118",
"0304","협박","BB207","고향친구","BB1[14STD04548]","범죄자[명]","명","2","2","2","10","9","19","26","22","19","13",
"0304","협박","BB208","애인","BB1[14STD04548]","범죄자[명]","명","6","14","18","15","12","11","34","35","26","21",
"0304","협박","BB209","기타","BB1[14STD04548]","범죄자[명]","명","149","178","137","120","122","271","218","330","320","251",
"0304","협박","BB4","미상","BB1[14STD04548]","범죄자[명]","명","","1920","1959","2282","903","802","936","5628","6952","7159",
"0305","약취·유인","BB1","계","BB1[14STD04548]","범죄자[명]","명","340","270","260","252","252","305","285","260","351","296",
"0305","약취·유인","BB3","단독범","BB1[14STD04548]","범죄자[명]","명","235","124","96","104","127","158","163","106","129","109",
"0305","약취·유인","BB2","공범관계","BB1[14STD04548]","범죄자[명]","명","","73","73","75","69","105","89","73","82","71",
"0305","약취·유인","BB201","학교동창","BB1[14STD04548]","범죄자[명]","명","6","3","3","2","1","3","1","-","4","2",
"0305","약취·유인","BB202","교도소.소년원동료","BB1[14STD04548]","범죄자[명]","명","","7","","","","","-","1","-","2",
"0305","약취·유인","BB203","직장동료","BB1[14STD04548]","범죄자[명]","명","8","1","4","14","2","3","11","2","4","5",
"0305","약취·유인","BB204","친인척","BB1[14STD04548]","범죄자[명]","명","9","11","13","24","9","32","29","25","16","16",
"0305","약취·유인","BB205","군동료","BB1[14STD04548]","범죄자[명]","명","","","","","","","-","-","-","-",
"0305","약취·유인","BB206","동네친구","BB1[14STD04548]","범죄자[명]","명","15","4","11","6","17","18","17","13","8","4",
"0305","약취·유인","BB207","고향친구","BB1[14STD04548]","범죄자[명]","명","4","2","1","2","","1","10","3","2","-",
"0305","약취·유인","BB208","애인","BB1[14STD04548]","범죄자[명]","명","4","1","1","2","4","","2","2","5","1",
"0305","약취·유인","BB209","기타","BB1[14STD04548]","범죄자[명]","명","59","44","40","25","36","48","19","27","43","41",
"0305","약취·유인","BB4","미상","BB1[14STD04548]","범죄자[명]","명","","73","91","73","56","42","33","81","140","116",
"0306","폭력행위등","BB1","계","BB1[14STD04548]","범죄자[명]","명","103423","106256","89858","80113","73002","40963","36647","31885","28625","25342",
"0306","폭력행위등","BB3","단독범","BB1[14STD04548]","범죄자[명]","명","35192","22259","22059","21280","24811","5325","3965","1748","1751","1646",
"0306","폭력행위등","BB2","공범관계","BB1[14STD04548]","범죄자[명]","명","","70422","55210","47313","39684","29867","27357","24397","21410","18738",
"0306","폭력행위등","BB201","학교동창","BB1[14STD04548]","범죄자[명]","명","10377","12163","7561","6359","4774","3964","3960","3587","2990","2076",
"0306","폭력행위등","BB202","교도소.소년원동료","BB1[14STD04548]","범죄자[명]","명","38","46","49","40","38","40","31","23","58","46",
"0306","폭력행위등","BB203","직장동료","BB1[14STD04548]","범죄자[명]","명","10114","9415","8589","7078","5640","4067","3512","2744","2296","2139",
"0306","폭력행위등","BB204","친인척","BB1[14STD04548]","범죄자[명]","명","7005","6712","5634","5173","3872","2961","2678","2440","2061","1690",
"0306","폭력행위등","BB205","군동료","BB1[14STD04548]","범죄자[명]","명","214","115","105","76","53","31","25","38","26","22",
"0306","폭력행위등","BB206","동네친구","BB1[14STD04548]","범죄자[명]","명","17106","17935","15071","13356","11551","9440","9304","8143","7763","7106",
"0306","폭력행위등","BB207","고향친구","BB1[14STD04548]","범죄자[명]","명","2705","2497","2364","2077","1886","1309","1178","1046","780","712",
"0306","폭력행위등","BB208","애인","BB1[14STD04548]","범죄자[명]","명","1493","1684","1480","1167","917","778","706","610","571","499",
"0306","폭력행위등","BB209","기타","BB1[14STD04548]","범죄자[명]","명","19179","19855","14357","11987","10953","7277","5963","5766","4865","4448",
"0306","폭력행위등","BB4","미상","BB1[14STD04548]","범죄자[명]","명","","13575","12589","11520","8507","5771","5325","5740","5464","4958",
"0307","공갈","BB1","계","BB1[14STD04548]","범죄자[명]","명","3786","5455","3189","3674","2930","3638","3573","3521","3552","3434",
"0307","공갈","BB3","단독범","BB1[14STD04548]","범죄자[명]","명","2921","3345","1822","2120","2033","2434","2336","1643","1660","1565",
"0307","공갈","BB2","공범관계","BB1[14STD04548]","범죄자[명]","명","","1387","650","703","468","739","775","785","828","742",
"0307","공갈","BB201","학교동창","BB1[14STD04548]","범죄자[명]","명","165","390","123","117","53","120","134","139","113","82",
"0307","공갈","BB202","교도소.소년원동료","BB1[14STD04548]","범죄자[명]","명","8","","1","2","4","3","-","-","4","3",
"0307","공갈","BB203","직장동료","BB1[14STD04548]","범죄자[명]","명","29","57","46","46","41","57","51","66","31","33",
"0307","공갈","BB204","친인척","BB1[14STD04548]","범죄자[명]","명","42","38","36","52","23","35","51","31","43","31",
"0307","공갈","BB205","군동료","BB1[14STD04548]","범죄자[명]","명","","","","","","","1","-","2","-",
"0307","공갈","BB206","동네친구","BB1[14STD04548]","범죄자[명]","명","232","397","156","173","148","220","241","286","263","230",
"0307","공갈","BB207","고향친구","BB1[14STD04548]","범죄자[명]","명","14","33","15","12","9","26","8","22","28","46",
"0307","공갈","BB208","애인","BB1[14STD04548]","범죄자[명]","명","15","25","10","24","17","17","23","20","24","16",
"0307","공갈","BB209","기타","BB1[14STD04548]","범죄자[명]","명","360","447","263","277","173","261","266","221","320","301",
"0307","공갈","BB4","미상","BB1[14STD04548]","범죄자[명]","명","","723","717","851","429","465","462","1093","1064","1127",
"0308","손괴","BB1","계","BB1[14STD04548]","범죄자[명]","명","28749","29631","29295","29907","31749","34995","34900","35690","38438","38716",
"0308","손괴","BB3","단독범","BB1[14STD04548]","범죄자[명]","명","27061","24472","24173","24618","29097","32450","32035","27661","29794","29634",
"0308","손괴","BB2","공범관계","BB1[14STD04548]","범죄자[명]","명","","1762","1591","1395","1141","1341","1482","1731","1682","1681",
"0308","손괴","BB201","학교동창","BB1[14STD04548]","범죄자[명]","명","90","108","94","87","100","147","91","97","128","129",
"0308","손괴","BB202","교도소.소년원동료","BB1[14STD04548]","범죄자[명]","명","1","","","","","","-","2","3","4",
"0308","손괴","BB203","직장동료","BB1[14STD04548]","범죄자[명]","명","276","239","293","231","214","230","317","279","280","307",
"0308","손괴","BB204","친인척","BB1[14STD04548]","범죄자[명]","명","159","150","149","135","102","144","105","131","125","139",
"0308","손괴","BB205","군동료","BB1[14STD04548]","범죄자[명]","명","3","4","7","4","4","1","1","1","2","2",
"0308","손괴","BB206","동네친구","BB1[14STD04548]","범죄자[명]","명","142","242","229","192","193","214","274","282","308","302",
"0308","손괴","BB207","고향친구","BB1[14STD04548]","범죄자[명]","명","18","49","19","32","28","27","21","30","36","26",
"0308","손괴","BB208","애인","BB1[14STD04548]","범죄자[명]","명","38","58","67","55","43","38","67","57","71","62",
"0308","손괴","BB209","기타","BB1[14STD04548]","범죄자[명]","명","961","912","733","659","457","540","606","852","729","710",
"0308","손괴","BB4","미상","BB1[14STD04548]","범죄자[명]","명","","3397","3531","3894","1511","1204","1383","6298","6962","7401",
"04","지능범죄","BB1","계","BB1[14STD04548]","범죄자[명]","명","329399","280243","304025","286099","294379","287025","269117","292114","308782","307706",
"04","지능범죄","BB3","단독범","BB1[14STD04548]","범죄자[명]","명","282246","85563","94520","97371","171612","175996","162107","103964","115107","109453",
"04","지능범죄","BB2","공범관계","BB1[14STD04548]","범죄자[명]","명","","45333","44027","43054","39153","38177","38379","44470","48344","52234",
"04","지능범죄","BB201","학교동창","BB1[14STD04548]","범죄자[명]","명","1318","1553","1380","1338","1445","1319","1283","1338","1346","1325",
"04","지능범죄","BB202","교도소.소년원동료","BB1[14STD04548]","범죄자[명]","명","139","204","153","172","200","184","231","184","220","283",
"04","지능범죄","BB203","직장동료","BB1[14STD04548]","범죄자[명]","명","5293","5104","5412","5368","4746","5165","5776","4661","4686","4646",
"04","지능범죄","BB204","친인척","BB1[14STD04548]","범죄자[명]","명","3171","2977","3219","2930","2765","2494","2448","2435","2255","2134",
"04","지능범죄","BB205","군동료","BB1[14STD04548]","범죄자[명]","명","46","47","45","48","44","53","50","61","39","37",
"04","지능범죄","BB206","동네친구","BB1[14STD04548]","범죄자[명]","명","3380","3714","3740","3579","4216","4774","4668","5208","6199","7199",
"04","지능범죄","BB207","고향친구","BB1[14STD04548]","범죄자[명]","명","799","723","756","840","925","915","913","722","821","969",
"04","지능범죄","BB208","애인","BB1[14STD04548]","범죄자[명]","명","785","828","944","988","940","887","909","977","959","1012",
"04","지능범죄","BB209","기타","BB1[14STD04548]","범죄자[명]","명","32222","30183","28378","27791","23872","22386","22101","28884","31819","34629",
"04","지능범죄","BB4","미상","BB1[14STD04548]","범죄자[명]","명","","149347","165478","145674","83614","72852","68631","143680","145331","146019",
"0401","직무유기","BB1","계","BB1[14STD04548]","범죄자[명]","명","669","823","802","801","860","642","663","713","788","947",
"0401","직무유기","BB3","단독범","BB1[14STD04548]","범죄자[명]","명","552","79","82","85","315","286","262","53","45","49",
"0401","직무유기","BB2","공범관계","BB1[14STD04548]","범죄자[명]","명","","120","85","58","66","62","35","30","51","27",
"0401","직무유기","BB201","학교동창","BB1[14STD04548]","범죄자[명]","명","","","","","","2","-","-","-","-",
"0401","직무유기","BB202","교도소.소년원동료","BB1[14STD04548]","범죄자[명]","명","","","","","","","-","-","-","-",
"0401","직무유기","BB203","직장동료","BB1[14STD04548]","범죄자[명]","명","89","61","53","43","43","35","23","18","28","26",
"0401","직무유기","BB204","친인척","BB1[14STD04548]","범죄자[명]","명","","","","","","","-","-","-","-",
"0401","직무유기","BB205","군동료","BB1[14STD04548]","범죄자[명]","명","","","1","","","","-","-","-","-",
"0401","직무유기","BB206","동네친구","BB1[14STD04548]","범죄자[명]","명","","","","","","2","-","-","1","-",
"0401","직무유기","BB207","고향친구","BB1[14STD04548]","범죄자[명]","명","","","","","","","-","-","-","-",
"0401","직무유기","BB208","애인","BB1[14STD04548]","범죄자[명]","명","","","","","","","-","1","-","-",
"0401","직무유기","BB209","기타","BB1[14STD04548]","범죄자[명]","명","28","59","31","15","23","23","12","11","22","1",
"0401","직무유기","BB4","미상","BB1[14STD04548]","범죄자[명]","명","","624","635","658","479","294","366","630","692","871",
"0402","직권남용","BB1","계","BB1[14STD04548]","범죄자[명]","명","357","409","523","595","587","577","679","811","974","1021",
"0402","직권남용","BB3","단독범","BB1[14STD04548]","범죄자[명]","명","283","45","48","42","179","202","221","58","56","65",
"0402","직권남용","BB2","공범관계","BB1[14STD04548]","범죄자[명]","명","","56","72","60","40","46","87","117","99","65",
"0402","직권남용","BB201","학교동창","BB1[14STD04548]","범죄자[명]","명","","","","","","","-","-","-","-",
"0402","직권남용","BB202","교도소.소년원동료","BB1[14STD04548]","범죄자[명]","명","","","","","","","-","-","-","-",
"0402","직권남용","BB203","직장동료","BB1[14STD04548]","범죄자[명]","명","53","39","33","45","26","16","56","77","71","39",
"0402","직권남용","BB204","친인척","BB1[14STD04548]","범죄자[명]","명","","","","","1","","1","1","-","-",
"0402","직권남용","BB205","군동료","BB1[14STD04548]","범죄자[명]","명","","","","","","","-","-","1","-",
"0402","직권남용","BB206","동네친구","BB1[14STD04548]","범죄자[명]","명","","","1","","","","2","-","-","-",
"0402","직권남용","BB207","고향친구","BB1[14STD04548]","범죄자[명]","명","","","","","1","","-","-","1","-",
"0402","직권남용","BB208","애인","BB1[14STD04548]","범죄자[명]","명","","","2","","","","-","-","-","-",
"0402","직권남용","BB209","기타","BB1[14STD04548]","범죄자[명]","명","21","17","36","15","12","30","28","39","26","26",
"0402","직권남용","BB4","미상","BB1[14STD04548]","범죄자[명]","명","","308","403","493","368","329","371","636","819","891",
"0403","증수뢰","BB1","계","BB1[14STD04548]","범죄자[명]","명","1239","832","855","848","842","788","1128","1131","942","807",
"0403","증수뢰","BB3","단독범","BB1[14STD04548]","범죄자[명]","명","622","283","279","251","373","336","442","322","246","255",
"0403","증수뢰","BB2","공범관계","BB1[14STD04548]","범죄자[명]","명","","379","398","405","307","348","496","490","439","268",
"0403","증수뢰","BB201","학교동창","BB1[14STD04548]","범죄자[명]","명","2","1","1","","2","5","-","7","8","-",
"0403","증수뢰","BB202","교도소.소년원동료","BB1[14STD04548]","범죄자[명]","명","","","","","","","-","-","-","-",
"0403","증수뢰","BB203","직장동료","BB1[14STD04548]","범죄자[명]","명","90","108","111","117","68","72","128","126","68","67",
"0403","증수뢰","BB204","친인척","BB1[14STD04548]","범죄자[명]","명","6","6","1","7","3","3","9","6","1","8",
"0403","증수뢰","BB205","군동료","BB1[14STD04548]","범죄자[명]","명","","","2","1","","1","1","-","1","-",
"0403","증수뢰","BB206","동네친구","BB1[14STD04548]","범죄자[명]","명","6","6","2","1","","4","2","3","7","-",
"0403","증수뢰","BB207","고향친구","BB1[14STD04548]","범죄자[명]","명","5","7","2","2","4","10","1","5","7","-",
"0403","증수뢰","BB208","애인","BB1[14STD04548]","범죄자[명]","명","","2","1","1","1","","4","1","1","1",
"0403","증수뢰","BB209","기타","BB1[14STD04548]","범죄자[명]","명","508","249","278","276","229","253","351","342","346","192",
"0403","증수뢰","BB4","미상","BB1[14STD04548]","범죄자[명]","명","","170","178","192","162","104","190","319","257","284",
"0404","통화","BB1","계","BB1[14STD04548]","범죄자[명]","명","121","163","434","334","286","220","531","255","143","86",
"0404","통화","BB3","단독범","BB1[14STD04548]","범죄자[명]","명","63","47","55","61","78","71","383","55","39","20",
"0404","통화","BB2","공범관계","BB1[14STD04548]","범죄자[명]","명","","58","73","29","54","61","50","21","27","7",
"0404","통화","BB201","학교동창","BB1[14STD04548]","범죄자[명]","명","10","12","6","6","5","9","2","-","3","-",
"0404","통화","BB202","교도소.소년원동료","BB1[14STD04548]","범죄자[명]","명","","","","","","","-","-","5","1",
"0404","통화","BB203","직장동료","BB1[14STD04548]","범죄자[명]","명","","","","","2","","1","-","4","-",
"0404","통화","BB204","친인척","BB1[14STD04548]","범죄자[명]","명","5","","9","4","","","2","-","1","-",
"0404","통화","BB205","군동료","BB1[14STD04548]","범죄자[명]","명","2","","","","","","2","-","-","-",
"0404","통화","BB206","동네친구","BB1[14STD04548]","범죄자[명]","명","6","9","16","6","29","24","13","-","7","-",
"0404","통화","BB207","고향친구","BB1[14STD04548]","범죄자[명]","명","","10","8","","","4","2","3","-","-",
"0404","통화","BB208","애인","BB1[14STD04548]","범죄자[명]","명","","","","1","","3","2","13","-","-",
"0404","통화","BB209","기타","BB1[14STD04548]","범죄자[명]","명","35","27","34","12","18","21","26","5","7","6",
"0404","통화","BB4","미상","BB1[14STD04548]","범죄자[명]","명","","58","306","244","154","88","98","179","77","59",
"0405","문서·인장","BB1","계","BB1[14STD04548]","범죄자[명]","명","22105","19479","20406","19460","19022","18024","15918","15576","16253","15465",
"0405","문서·인장","BB3","단독범","BB1[14STD04548]","범죄자[명]","명","17175","6435","6776","6389","10159","10177","8754","4798","5104","4729",
"0405","문서·인장","BB2","공범관계","BB1[14STD04548]","범죄자[명]","명","","4289","4149","3910","3188","2834","2438","2440","2437","2188",
"0405","문서·인장","BB201","학교동창","BB1[14STD04548]","범죄자[명]","명","349","494","339","347","272","273","215","179","194","111",
"0405","문서·인장","BB202","교도소.소년원동료","BB1[14STD04548]","범죄자[명]","명","4","6","6","8","5","3","12","8","5","11",
"0405","문서·인장","BB203","직장동료","BB1[14STD04548]","범죄자[명]","명","385","383","342","463","360","415","412","385","313","267",
"0405","문서·인장","BB204","친인척","BB1[14STD04548]","범죄자[명]","명","290","282","265","243","256","221","198","176","219","162",
"0405","문서·인장","BB205","군동료","BB1[14STD04548]","범죄자[명]","명","4","","1","1","1","4","5","7","6","4",
"0405","문서·인장","BB206","동네친구","BB1[14STD04548]","범죄자[명]","명","310","409","334","339","307","312","299","388","261","267",
"0405","문서·인장","BB207","고향친구","BB1[14STD04548]","범죄자[명]","명","67","92","52","85","58","61","45","34","27","45",
"0405","문서·인장","BB208","애인","BB1[14STD04548]","범죄자[명]","명","62","52","63","55","69","44","29","29","44","36",
"0405","문서·인장","BB209","기타","BB1[14STD04548]","범죄자[명]","명","3459","2571","2747","2369","1860","1501","1223","1234","1368","1285",
"0405","문서·인장","BB4","미상","BB1[14STD04548]","범죄자[명]","명","","8755","9481","9161","5675","5013","4726","8338","8712","8548",
"0406","유가증권인지","BB1","계","BB1[14STD04548]","범죄자[명]","명","1025","633","548","552","399","373","330","295","208","117",
"0406","유가증권인지","BB3","단독범","BB1[14STD04548]","범죄자[명]","명","851","119","107","122","165","156","120","41","45","28",
"0406","유가증권인지","BB2","공범관계","BB1[14STD04548]","범죄자[명]","명","","115","87","106","79","70","72","49","26","15",
"0406","유가증권인지","BB201","학교동창","BB1[14STD04548]","범죄자[명]","명","2","1","","","2","2","-","-","-","-",
"0406","유가증권인지","BB202","교도소.소년원동료","BB1[14STD04548]","범죄자[명]","명","","","2","","","","-","2","-","-",
"0406","유가증권인지","BB203","직장동료","BB1[14STD04548]","범죄자[명]","명","22","11","9","9","3","7","10","4","2","-",
"0406","유가증권인지","BB204","친인척","BB1[14STD04548]","범죄자[명]","명","8","5","6","3","4","14","1","3","-","-",
"0406","유가증권인지","BB205","군동료","BB1[14STD04548]","범죄자[명]","명","","","","","","","-","-","-","-",
"0406","유가증권인지","BB206","동네친구","BB1[14STD04548]","범죄자[명]","명","6","1","3","","1","1","-","6","3","-",
"0406","유가증권인지","BB207","고향친구","BB1[14STD04548]","범죄자[명]","명","3","","1","","2","4","3","-","-","-",
"0406","유가증권인지","BB208","애인","BB1[14STD04548]","범죄자[명]","명","1","4","","","5","","2","-","2","-",
"0406","유가증권인지","BB209","기타","BB1[14STD04548]","범죄자[명]","명","132","93","66","94","62","42","56","34","19","15",
"0406","유가증권인지","BB4","미상","BB1[14STD04548]","범죄자[명]","명","","399","354","324","155","147","138","205","137","74",
"0407","사기","BB1","계","BB1[14STD04548]","범죄자[명]","명","264634","220887","239309","222173","228205","223210","208482","229854","246160","245009",
"0407","사기","BB3","단독범","BB1[14STD04548]","범죄자[명]","명","228522","65742","71946","75410","133423","136847","125331","80737","90825","85112",
"0407","사기","BB2","공범관계","BB1[14STD04548]","범죄자[명]","명","","35270","33649","32659","30485","30157","30318","36527","41057","45554",
"0407","사기","BB201","학교동창","BB1[14STD04548]","범죄자[명]","명","715","806","741","777","878","772","798","939","974","1049",
"0407","사기","BB202","교도소.소년원동료","BB1[14STD04548]","범죄자[명]","명","133","198","140","162","194","174","216","166","200","255",
"0407","사기","BB203","직장동료","BB1[14STD04548]","범죄자[명]","명","3472","3528","3645","3332","3011","3536","3801","2959","3108","3221",
"0407","사기","BB204","친인척","BB1[14STD04548]","범죄자[명]","명","2404","2193","2344","2182","2008","1819","1808","1776","1630","1572",
"0407","사기","BB205","군동료","BB1[14STD04548]","범죄자[명]","명","32","45","32","35","26","45","34","34","26","29",
"0407","사기","BB206","동네친구","BB1[14STD04548]","범죄자[명]","명","2786","2997","3078","2903","3526","4052","3982","4490","5616","6540",
"0407","사기","BB207","고향친구","BB1[14STD04548]","범죄자[명]","명","680","570","649","703","811","770","791","632","749","875",
"0407","사기","BB208","애인","BB1[14STD04548]","범죄자[명]","명","653","704","813","841","756","736","738","802","802","889",
"0407","사기","BB209","기타","BB1[14STD04548]","범죄자[명]","명","25237","24229","22207","21724","19275","18253","18150","24729","27952","31124",
"0407","사기","BB4","미상","BB1[14STD04548]","범죄자[명]","명","","119875","133714","114104","64297","56206","52833","112590","114278","114343",
"0408","횡령","BB1","계","BB1[14STD04548]","범죄자[명]","명","31389","29507","32723","31975","35945","35583","33580","35270","35163","35930",
"0408","횡령","BB3","단독범","BB1[14STD04548]","범죄자[명]","명","27763","11609","13907","13169","23873","24934","23807","16510","17513","18103",
"0408","횡령","BB2","공범관계","BB1[14STD04548]","범죄자[명]","명","","3540","3760","3749","3493","3265","3254","3495","3028","2919",
"0408","횡령","BB201","학교동창","BB1[14STD04548]","범죄자[명]","명","237","239","287","204","279","251","259","209","163","164",
"0408","횡령","BB202","교도소.소년원동료","BB1[14STD04548]","범죄자[명]","명","2","","5","2","1","7","3","6","9","12",
"0408","횡령","BB203","직장동료","BB1[14STD04548]","범죄자[명]","명","802","634","753","739","770","667","734","720","687","557",
"0408","횡령","BB204","친인척","BB1[14STD04548]","범죄자[명]","명","382","367","445","364","413","348","345","346","293","299",
"0408","횡령","BB205","군동료","BB1[14STD04548]","범죄자[명]","명","8","2","8","4","17","3","7","4","5","3",
"0408","횡령","BB206","동네친구","BB1[14STD04548]","범죄자[명]","명","249","266","295","318","338","362","357","313","295","383",
"0408","횡령","BB207","고향친구","BB1[14STD04548]","범죄자[명]","명","41","39","34","41","44","60","59","39","36","45",
"0408","횡령","BB208","애인","BB1[14STD04548]","범죄자[명]","명","64","56","60","86","96","96","125","121","94","81",
"0408","횡령","BB209","기타","BB1[14STD04548]","범죄자[명]","명","1841","1937","1873","1991","1535","1471","1365","1737","1446","1375",
"0408","횡령","BB4","미상","BB1[14STD04548]","범죄자[명]","명","","14358","15056","15057","8579","7384","6519","15265","14622","14908",
"0409","배임","BB1","계","BB1[14STD04548]","범죄자[명]","명","7860","7510","8425","9361","8233","7608","7806","8209","8151","8324",
"0409","배임","BB3","단독범","BB1[14STD04548]","범죄자[명]","명","6415","1204","1320","1842","3047","2987","2787","1390","1234","1092",
"0409","배임","BB2","공범관계","BB1[14STD04548]","범죄자[명]","명","","1506","1754","2078","1441","1334","1629","1301","1180","1191",
"0409","배임","BB201","학교동창","BB1[14STD04548]","범죄자[명]","명","3","","6","4","7","5","9","4","4","1",
"0409","배임","BB202","교도소.소년원동료","BB1[14STD04548]","범죄자[명]","명","","","","","","","-","2","1","4",
"0409","배임","BB203","직장동료","BB1[14STD04548]","범죄자[명]","명","380","340","466","620","463","417","611","372","405","469",
"0409","배임","BB204","친인척","BB1[14STD04548]","범죄자[명]","명","76","124","149","127","80","89","84","127","111","93",
"0409","배임","BB205","군동료","BB1[14STD04548]","범죄자[명]","명","","","1","7","","","1","16","-","1",
"0409","배임","BB206","동네친구","BB1[14STD04548]","범죄자[명]","명","17","26","11","12","15","17","13","8","9","9",
"0409","배임","BB207","고향친구","BB1[14STD04548]","범죄자[명]","명","3","5","10","9","5","6","12","9","1","4",
"0409","배임","BB208","애인","BB1[14STD04548]","범죄자[명]","명","5","10","5","4","13","8","9","10","16","5",
"0409","배임","BB209","기타","BB1[14STD04548]","범죄자[명]","명","961","1001","1106","1295","858","792","890","753","633","605",
"0409","배임","BB4","미상","BB1[14STD04548]","범죄자[명]","명","","4800","5351","5441","3745","3287","3390","5518","5737","6041",
"05","풍속범죄","BB1","계","BB1[14STD04548]","범죄자[명]","명","61383","50905","48014","41694","41083","45149","35781","32183","33779","34671",
"05","풍속범죄","BB3","단독범","BB1[14STD04548]","범죄자[명]","명","25123","15753","18398","14898","17096","25075","19098","14793","16601","18498",
"05","풍속범죄","BB2","공범관계","BB1[14STD04548]","범죄자[명]","명","","30760","25253","22710","21545","18549","15212","14457","13906","12566",
"05","풍속범죄","BB201","학교동창","BB1[14STD04548]","범죄자[명]","명","215","261","259","206","278","231","209","227","206","276",
"05","풍속범죄","BB202","교도소.소년원동료","BB1[14STD04548]","범죄자[명]","명","1","2","2","1","5","3","3","13","5","4",
"05","풍속범죄","BB203","직장동료","BB1[14STD04548]","범죄자[명]","명","4021","3986","3230","2849","2448","2090","1710","1668","1581","1193",
"05","풍속범죄","BB204","친인척","BB1[14STD04548]","범죄자[명]","명","114","107","80","88","98","112","61","65","62","42",
"05","풍속범죄","BB205","군동료","BB1[14STD04548]","범죄자[명]","명","18","12","12","15","7","16","9","9","13","12",
"05","풍속범죄","BB206","동네친구","BB1[14STD04548]","범죄자[명]","명","7806","6909","6440","5952","6421","5554","4938","4620","4190","3799",
"05","풍속범죄","BB207","고향친구","BB1[14STD04548]","범죄자[명]","명","1883","1216","1054","860","1000","762","696","620","652","737",
"05","풍속범죄","BB208","애인","BB1[14STD04548]","범죄자[명]","명","659","820","711","849","144","50","39","68","84","51",
"05","풍속범죄","BB209","기타","BB1[14STD04548]","범죄자[명]","명","21543","17447","13465","11890","11144","9731","7547","7167","7113","6452",
"05","풍속범죄","BB4","미상","BB1[14STD04548]","범죄자[명]","명","","4392","4363","4086","2442","1525","1471","2933","3272","3607",
"0501","성풍속범죄","BB1","계","BB1[14STD04548]","범죄자[명]","명","15209","16321","18688","13945","11917","11207","12046","12713","12473","13546",
"0501","성풍속범죄","BB3","단독범","BB1[14STD04548]","범죄자[명]","명","13416","11007","13520","9240","10334","10613","11352","10443","10005","10961",
"0501","성풍속범죄","BB2","공범관계","BB1[14STD04548]","범죄자[명]","명","","2562","2256","2043","575","420","427","771","791","696",
"0501","성풍속범죄","BB201","학교동창","BB1[14STD04548]","범죄자[명]","명","38","43","71","74","56","72","81","96","97","122",
"0501","성풍속범죄","BB202","교도소.소년원동료","BB1[14STD04548]","범죄자[명]","명","","","","","","","3","1","-","4",
"0501","성풍속범죄","BB203","직장동료","BB1[14STD04548]","범죄자[명]","명","138","278","229","193","80","42","35","81","82","34",
"0501","성풍속범죄","BB204","친인척","BB1[14STD04548]","범죄자[명]","명","15","29","24","28","9","10","11","15","19","5",
"0501","성풍속범죄","BB205","군동료","BB1[14STD04548]","범죄자[명]","명","1","2","2","","1","","2","-","1","3",
"0501","성풍속범죄","BB206","동네친구","BB1[14STD04548]","범죄자[명]","명","40","37","50","45","48","55","57","82","99","108",
"0501","성풍속범죄","BB207","고향친구","BB1[14STD04548]","범죄자[명]","명","28","17","20","16","9","6","15","11","31","14",
"0501","성풍속범죄","BB208","애인","BB1[14STD04548]","범죄자[명]","명","638","794","694","829","119","23","22","48","58","36",
"0501","성풍속범죄","BB209","기타","BB1[14STD04548]","범죄자[명]","명","895","1362","1166","858","253","212","201","437","404","370",
"0501","성풍속범죄","BB4","미상","BB1[14STD04548]","범죄자[명]","명","","2752","2912","2662","1008","174","267","1499","1677","1889",
"0502","도박범죄","BB1","계","BB1[14STD04548]","범죄자[명]","명","46174","34584","29326","27749","29166","33942","23735","19470","21306","21125",
"0502","도박범죄","BB3","단독범","BB1[14STD04548]","범죄자[명]","명","11707","4746","4878","5658","6762","14462","7746","4350","6596","7537",
"0502","도박범죄","BB2","공범관계","BB1[14STD04548]","범죄자[명]","명","","28198","22997","20667","20970","18129","14785","13686","13115","11870",
"0502","도박범죄","BB201","학교동창","BB1[14STD04548]","범죄자[명]","명","177","218","188","132","222","159","128","131","109","154",
"0502","도박범죄","BB202","교도소.소년원동료","BB1[14STD04548]","범죄자[명]","명","1","2","2","1","5","3","-","12","5","-",
"0502","도박범죄","BB203","직장동료","BB1[14STD04548]","범죄자[명]","명","3883","3708","3001","2656","2368","2048","1675","1587","1499","1159",
"0502","도박범죄","BB204","친인척","BB1[14STD04548]","범죄자[명]","명","99","78","56","60","89","102","50","50","43","37",
"0502","도박범죄","BB205","군동료","BB1[14STD04548]","범죄자[명]","명","17","10","10","15","6","16","7","9","12","9",
"0502","도박범죄","BB206","동네친구","BB1[14STD04548]","범죄자[명]","명","7766","6872","6390","5907","6373","5499","4881","4538","4091","3691",
"0502","도박범죄","BB207","고향친구","BB1[14STD04548]","범죄자[명]","명","1855","1199","1034","844","991","756","681","609","621","723",
"0502","도박범죄","BB208","애인","BB1[14STD04548]","범죄자[명]","명","21","26","17","20","25","27","17","20","26","15",
"0502","도박범죄","BB209","기타","BB1[14STD04548]","범죄자[명]","명","20648","16085","12299","11032","10891","9519","7346","6730","6709","6082",
"0502","도박범죄","BB4","미상","BB1[14STD04548]","범죄자[명]","명","","1640","1451","1424","1434","1351","1204","1434","1595","1718",
"06","특별경제범죄","BB1","계","BB1[14STD04548]","범죄자[명]","명","91622","93427","83308","87648","90356","77669","72452","75348","79175","67904",
"06","특별경제범죄","BB3","단독범","BB1[14STD04548]","범죄자[명]","명","72850","45064","39573","44340","60143","51966","47099","38083","40579","33545",
"06","특별경제범죄","BB2","공범관계","BB1[14STD04548]","범죄자[명]","명","","18818","13928","14866","13521","13483","14251","15563","17251","14097",
"06","특별경제범죄","BB201","학교동창","BB1[14STD04548]","범죄자[명]","명","211","194","192","219","178","174","143","157","175","145",
"06","특별경제범죄","BB202","교도소.소년원동료","BB1[14STD04548]","범죄자[명]","명","11","7","7","9","25","13","23","19","28","20",
"06","특별경제범죄","BB203","직장동료","BB1[14STD04548]","범죄자[명]","명","3476","2825","2489","2667","2319","2268","1941","1899","2016","2070",
"06","특별경제범죄","BB204","친인척","BB1[14STD04548]","범죄자[명]","명","792","920","797","775","728","660","685","637","644","541",
"06","특별경제범죄","BB205","군동료","BB1[14STD04548]","범죄자[명]","명","28","16","23","12","13","13","19","14","15","6",
"06","특별경제범죄","BB206","동네친구","BB1[14STD04548]","범죄자[명]","명","679","938","886","863","920","1033","970","1037","1055","707",
"06","특별경제범죄","BB207","고향친구","BB1[14STD04548]","범죄자[명]","명","235","223","225","215","255","252","336","227","221","179",
"06","특별경제범죄","BB208","애인","BB1[14STD04548]","범죄자[명]","명","130","172","138","176","161","154","147","147","164","115",
"06","특별경제범죄","BB209","기타","BB1[14STD04548]","범죄자[명]","명","13210","13523","9171","9930","8922","8916","9987","11426","12933","10314",
"06","특별경제범죄","BB4","미상","BB1[14STD04548]","범죄자[명]","명","","29545","29807","28442","16692","12220","11102","21702","21345","20262",
"07","마약범죄","BB1","계","BB1[14STD04548]","범죄자[명]","명","5409","4731","5049","5264","6913","8443","8512","7677","9875","11630",
"07","마약범죄","BB3","단독범","BB1[14STD04548]","범죄자[명]","명","3210","2369","2788","2918","4562","5756","5715","4183","5077","5838",
"07","마약범죄","BB2","공범관계","BB1[14STD04548]","범죄자[명]","명","","1943","1852","1850","2031","2313","2484","2703","3860","4759",
"07","마약범죄","BB201","학교동창","BB1[14STD04548]","범죄자[명]","명","23","26","48","29","42","23","41","46","97","96",
"07","마약범죄","BB202","교도소.소년원동료","BB1[14STD04548]","범죄자[명]","명","100","89","90","78","93","70","87","92","156","139",
"07","마약범죄","BB203","직장동료","BB1[14STD04548]","범죄자[명]","명","49","73","82","95","93","126","165","104","162","199",
"07","마약범죄","BB204","친인척","BB1[14STD04548]","범죄자[명]","명","39","29","34","37","26","56","28","46","96","72",
"07","마약범죄","BB205","군동료","BB1[14STD04548]","범죄자[명]","명","4","4","2","","","1","-","4","4","3",
"07","마약범죄","BB206","동네친구","BB1[14STD04548]","범죄자[명]","명","313","204","268","252","277","430","451","449","585","798",
"07","마약범죄","BB207","고향친구","BB1[14STD04548]","범죄자[명]","명","154","92","146","147","179","169","159","198","269","256",
"07","마약범죄","BB208","애인","BB1[14STD04548]","범죄자[명]","명","145","156","156","150","234","230","275","275","406","424",
"07","마약범죄","BB209","기타","BB1[14STD04548]","범죄자[명]","명","1372","1270","1026","1062","1087","1208","1278","1489","2085","2772",
"07","마약범죄","BB4","미상","BB1[14STD04548]","범죄자[명]","명","","419","409","496","320","374","313","791","938","1033",
"08","보건범죄","BB1","계","BB1[14STD04548]","범죄자[명]","명","20445","19531","23046","22085","20721","21649","19130","16965","18024","21810",
"08","보건범죄","BB3","단독범","BB1[14STD04548]","범죄자[명]","명","12976","10474","13206","12233","13692","13684","12263","9559","10395","11758",
"08","보건범죄","BB2","공범관계","BB1[14STD04548]","범죄자[명]","명","","6853","7407","7299","5509","6568","5294","4504","4741","6271",
"08","보건범죄","BB201","학교동창","BB1[14STD04548]","범죄자[명]","명","10","15","5","9","24","6","23","12","20","20",
"08","보건범죄","BB202","교도소.소년원동료","BB1[14STD04548]","범죄자[명]","명","","","","","","2","-","1","-","3",
"08","보건범죄","BB203","직장동료","BB1[14STD04548]","범죄자[명]","명","1859","1606","1875","1828","1525","1589","1355","1128","1350","1584",
"08","보건범죄","BB204","친인척","BB1[14STD04548]","범죄자[명]","명","150","238","257","277","220","203","206","176","156","160",
"08","보건범죄","BB205","군동료","BB1[14STD04548]","범죄자[명]","명","3","1","6","5","","","2","1","1","2",
"08","보건범죄","BB206","동네친구","BB1[14STD04548]","범죄자[명]","명","81","75","94","93","95","111","115","77","109","163",
"08","보건범죄","BB207","고향친구","BB1[14STD04548]","범죄자[명]","명","16","16","30","23","24","40","58","36","49","47",
"08","보건범죄","BB208","애인","BB1[14STD04548]","범죄자[명]","명","12","12","26","20","24","22","22","17","37","41",
"08","보건범죄","BB209","기타","BB1[14STD04548]","범죄자[명]","명","5338","4890","5114","5044","3597","4595","3513","3056","3019","4251",
"08","보건범죄","BB4","미상","BB1[14STD04548]","범죄자[명]","명","","2204","2433","2553","1520","1397","1573","2902","2888","3781",
"09","환경범죄","BB1","계","BB1[14STD04548]","범죄자[명]","명","3113","3247","3588","3136","3176","3802","4378","4066","5088","4329",
"09","환경범죄","BB3","단독범","BB1[14STD04548]","범죄자[명]","명","2320","2003","2334","2080","2414","3028","3383","2658","3228","2649",
"09","환경범죄","BB2","공범관계","BB1[14STD04548]","범죄자[명]","명","","788","840","656","573","594","735","773","1101","1010",
"09","환경범죄","BB201","학교동창","BB1[14STD04548]","범죄자[명]","명","2","1","","","","","2","-","1","1",
"09","환경범죄","BB202","교도소.소년원동료","BB1[14STD04548]","범죄자[명]","명","2","","","","","","2","4","-","2",
"09","환경범죄","BB203","직장동료","BB1[14STD04548]","범죄자[명]","명","138","121","104","112","91","131","161","110","223","81",
"09","환경범죄","BB204","친인척","BB1[14STD04548]","범죄자[명]","명","22","20","14","11","14","12","22","8","22","19",
"09","환경범죄","BB205","군동료","BB1[14STD04548]","범죄자[명]","명","","1","","2","1","","-","-","-","1",
"09","환경범죄","BB206","동네친구","BB1[14STD04548]","범죄자[명]","명","52","26","51","28","30","22","18","17","20","21",
"09","환경범죄","BB207","고향친구","BB1[14STD04548]","범죄자[명]","명","20","10","9","15","8","4","8","13","6","6",
"09","환경범죄","BB208","애인","BB1[14STD04548]","범죄자[명]","명","","","","","1","2","1","-","3","-",
"09","환경범죄","BB209","기타","BB1[14STD04548]","범죄자[명]","명","557","609","662","488","428","423","521","621","826","879",
"09","환경범죄","BB4","미상","BB1[14STD04548]","범죄자[명]","명","","456","414","400","189","180","260","635","759","670",
"10","교통범죄","BB1","계","BB1[14STD04548]","범죄자[명]","명","524350","512076","536756","533126","549374","555352","484552","413147","383717","356446",
"10","교통범죄","BB3","단독범","BB1[14STD04548]","범죄자[명]","명","519392","387797","407383","390368","526578","546238","474852","272131","236165","217809",
"10","교통범죄","BB2","공범관계","BB1[14STD04548]","범죄자[명]","명","","4896","3930","3818","1871","3671","3046","5707","3971","3978",
"10","교통범죄","BB201","학교동창","BB1[14STD04548]","범죄자[명]","명","229","265","258","164","139","213","216","175","270","271",
"10","교통범죄","BB202","교도소.소년원동료","BB1[14STD04548]","범죄자[명]","명","1","3","3","","","","1","3","5","9",
"10","교통범죄","BB203","직장동료","BB1[14STD04548]","범죄자[명]","명","253","206","213","174","183","357","335","259","238","262",
"10","교통범죄","BB204","친인척","BB1[14STD04548]","범죄자[명]","명","104","68","86","93","58","106","113","103","86","88",
"10","교통범죄","BB205","군동료","BB1[14STD04548]","범죄자[명]","명","29","39","63","45","1","","4","19","15","17",
"10","교통범죄","BB206","동네친구","BB1[14STD04548]","범죄자[명]","명","530","981","448","365","275","568","635","582","609","673",
"10","교통범죄","BB207","고향친구","BB1[14STD04548]","범죄자[명]","명","49","55","30","42","38","61","73","74","79","77",
"10","교통범죄","BB208","애인","BB1[14STD04548]","범죄자[명]","명","57","60","67","77","61","105","115","136","150","151",
"10","교통범죄","BB209","기타","BB1[14STD04548]","범죄자[명]","명","3706","3219","2762","2858","1116","2261","1554","4356","2519","2430",
"10","교통범죄","BB4","미상","BB1[14STD04548]","범죄자[명]","명","","119383","125443","138940","20925","5443","6654","135309","143581","134659",
"11","노동범죄","BB1","계","BB1[14STD04548]","범죄자[명]","명","2641","2378","2309","2131","2395","5860","4964","2073","865","613",
"11","노동범죄","BB3","단독범","BB1[14STD04548]","범죄자[명]","명","1653","1321","1286","1077","1443","3091","2939","1019","469","320",
"11","노동범죄","BB2","공범관계","BB1[14STD04548]","범죄자[명]","명","","846","800","779","838","2570","1787","817","226","160",
"11","노동범죄","BB201","학교동창","BB1[14STD04548]","범죄자[명]","명","","1","4","1","","8","15","3","2","1",
"11","노동범죄","BB202","교도소.소년원동료","BB1[14STD04548]","범죄자[명]","명","","","","","","","-","1","-","-",
"11","노동범죄","BB203","직장동료","BB1[14STD04548]","범죄자[명]","명","175","141","205","263","303","739","526","174","46","49",
"11","노동범죄","BB204","친인척","BB1[14STD04548]","범죄자[명]","명","30","44","43","21","42","221","146","96","22","6",
"11","노동범죄","BB205","군동료","BB1[14STD04548]","범죄자[명]","명","","","3","1","","1","2","-","-","-",
"11","노동범죄","BB206","동네친구","BB1[14STD04548]","범죄자[명]","명","10","13","32","9","16","51","31","17","7","-",
"11","노동범죄","BB207","고향친구","BB1[14STD04548]","범죄자[명]","명","3","","1","25","5","9","5","2","-","-",
"11","노동범죄","BB208","애인","BB1[14STD04548]","범죄자[명]","명","","3","1","7","4","4","9","11","2","5",
"11","노동범죄","BB209","기타","BB1[14STD04548]","범죄자[명]","명","770","644","511","452","468","1537","1053","513","147","99",
"11","노동범죄","BB4","미상","BB1[14STD04548]","범죄자[명]","명","","211","223","275","114","199","238","237","170","133",
"12","안보범죄","BB1","계","BB1[14STD04548]","범죄자[명]","명","160","126","152","90","174","151","251","187","545","678",
"12","안보범죄","BB3","단독범","BB1[14STD04548]","범죄자[명]","명","106","69","67","50","63","49","59","35","37","44",
"12","안보범죄","BB2","공범관계","BB1[14STD04548]","범죄자[명]","명","","38","58","14","94","38","163","100","423","556",
"12","안보범죄","BB201","학교동창","BB1[14STD04548]","범죄자[명]","명","4","","","1","9","1","1","-","7","11",
"12","안보범죄","BB202","교도소.소년원동료","BB1[14STD04548]","범죄자[명]","명","","","","","","","-","-","-","2",
"12","안보범죄","BB203","직장동료","BB1[14STD04548]","범죄자[명]","명","2","5","8","","2","2","4","3","4","25",
"12","안보범죄","BB204","친인척","BB1[14STD04548]","범죄자[명]","명","","","3","","","5","1","-","1","-",
"12","안보범죄","BB205","군동료","BB1[14STD04548]","범죄자[명]","명","","","","","","","-","-","1","4",
"12","안보범죄","BB206","동네친구","BB1[14STD04548]","범죄자[명]","명","4","","2","","14","3","22","19","119","145",
"12","안보범죄","BB207","고향친구","BB1[14STD04548]","범죄자[명]","명","","2","1","2","21","2","-","4","8","33",
"12","안보범죄","BB208","애인","BB1[14STD04548]","범죄자[명]","명","","1","","2","1","","3","1","6","7",
"12","안보범죄","BB209","기타","BB1[14STD04548]","범죄자[명]","명","44","30","44","9","47","25","132","73","277","329",
"12","안보범죄","BB4","미상","BB1[14STD04548]","범죄자[명]","명","","19","27","26","17","64","29","52","85","78",
"13","선거범죄","BB1","계","BB1[14STD04548]","범죄자[명]","명","400","1855","409","2800","1121","1525","787","3280","1180","1545",
"13","선거범죄","BB3","단독범","BB1[14STD04548]","범죄자[명]","명","223","807","212","1062","684","759","575","1282","518","422",
"13","선거범죄","BB2","공범관계","BB1[14STD04548]","범죄자[명]","명","","618","111","969","336","504","122","988","325","533",
"13","선거범죄","BB201","학교동창","BB1[14STD04548]","범죄자[명]","명","2","18","4","15","13","5","6","17","6","25",
"13","선거범죄","BB202","교도소.소년원동료","BB1[14STD04548]","범죄자[명]","명","","","","","","","-","-","-","-",
"13","선거범죄","BB203","직장동료","BB1[14STD04548]","범죄자[명]","명","15","91","11","75","18","45","28","133","59","40",
"13","선거범죄","BB204","친인척","BB1[14STD04548]","범죄자[명]","명","20","13","2","41","11","14","1","36","23","10",
"13","선거범죄","BB205","군동료","BB1[14STD04548]","범죄자[명]","명","","2","","","","","-","1","-","-",
"13","선거범죄","BB206","동네친구","BB1[14STD04548]","범죄자[명]","명","2","35","","42","14","28","10","54","17","23",
"13","선거범죄","BB207","고향친구","BB1[14STD04548]","범죄자[명]","명","2","12","","44","20","7","9","12","13","6",
"13","선거범죄","BB208","애인","BB1[14STD04548]","범죄자[명]","명","","","","","2","2","-","-","2","2",
"13","선거범죄","BB209","기타","BB1[14STD04548]","범죄자[명]","명","136","447","94","752","258","403","68","735","205","427",
"13","선거범죄","BB4","미상","BB1[14STD04548]","범죄자[명]","명","","430","86","769","101","262","90","1010","337","590",
"14","병역범죄","BB1","계","BB1[14STD04548]","범죄자[명]","명","22752","18359","23200","18523","18241","15659","14574","13254","11809","3164",
"14","병역범죄","BB3","단독범","BB1[14STD04548]","범죄자[명]","명","22225","16593","20898","17253","17626","15204","14195","12105","10965","2764",
"14","병역범죄","BB2","공범관계","BB1[14STD04548]","범죄자[명]","명","","560","502","454","125","69","66","538","288","114",
"14","병역범죄","BB201","학교동창","BB1[14STD04548]","범죄자[명]","명","","1","","","","","-","-","-","-",
"14","병역범죄","BB202","교도소.소년원동료","BB1[14STD04548]","범죄자[명]","명","","","","","","","-","1","1","-",
"14","병역범죄","BB203","직장동료","BB1[14STD04548]","범죄자[명]","명","4","1","","1","","","-","-","-","-",
"14","병역범죄","BB204","친인척","BB1[14STD04548]","범죄자[명]","명","3","5","2","2","","3","3","1","1","9",
"14","병역범죄","BB205","군동료","BB1[14STD04548]","범죄자[명]","명","3","1","5","4","4","","-","-","1","-",
"14","병역범죄","BB206","동네친구","BB1[14STD04548]","범죄자[명]","명","2","5","","","","1","-","4","2","-",
"14","병역범죄","BB207","고향친구","BB1[14STD04548]","범죄자[명]","명","4","","4","1","","","-","-","-","-",
"14","병역범죄","BB208","애인","BB1[14STD04548]","범죄자[명]","명","","1","","","","","-","-","-","-",
"14","병역범죄","BB209","기타","BB1[14STD04548]","범죄자[명]","명","511","546","491","446","121","65","63","532","283","105",
"14","병역범죄","BB4","미상","BB1[14STD04548]","범죄자[명]","명","","1206","1800","816","490","386","313","611","556","286",
"15","기타범죄","BB1","계","BB1[14STD04548]","범죄자[명]","명","224781","208432","213524","230854","241747","310870","272830","247023","256000","244539",
"15","기타범죄","BB3","단독범","BB1[14STD04548]","범죄자[명]","명","165514","113978","118805","128297","168984","229429","201260","134271","139425","134676",
"15","기타범죄","BB2","공범관계","BB1[14STD04548]","범죄자[명]","명","","51034","47986","50892","43291","53122","43779","41216","40323","33676",
"15","기타범죄","BB201","학교동창","BB1[14STD04548]","범죄자[명]","명","1210","1260","1343","927","834","989","816","933","924","791",
"15","기타범죄","BB202","교도소.소년원동료","BB1[14STD04548]","범죄자[명]","명","15","29","20","22","24","28","38","37","22","27",
"15","기타범죄","BB203","직장동료","BB1[14STD04548]","범죄자[명]","명","7783","6162","7105","7815","6327","7419","6979","5859","6199","4966",
"15","기타범죄","BB204","친인척","BB1[14STD04548]","범죄자[명]","명","2178","2235","2378","2443","2309","2399","2440","2119","2186","1944",
"15","기타범죄","BB205","군동료","BB1[14STD04548]","범죄자[명]","명","42","55","51","45","45","22","25","21","18","39",
"15","기타범죄","BB206","동네친구","BB1[14STD04548]","범죄자[명]","명","3496","3502","3148","3029","2692","3149","2807","2446","2454","2480",
"15","기타범죄","BB207","고향친구","BB1[14STD04548]","범죄자[명]","명","585","597","611","600","578","759","641","507","563","463",
"15","기타범죄","BB208","애인","BB1[14STD04548]","범죄자[명]","명","385","370","414","506","424","566","494","511","545","482",
"15","기타범죄","BB209","기타","BB1[14STD04548]","범죄자[명]","명","43573","36824","32916","35505","30058","37791","29539","28783","27412","22484",
"15","기타범죄","BB4","미상","BB1[14STD04548]","범죄자[명]","명","","43420","46733","51665","29472","28319","27791","71536","76252","76187",
