"죄종별","생활정도별","항목","단위","2011 년","2012 년","2013 년","2014 년","2015 년","2016 년","2017 년","2018 년","2019 년","2020 년",
"계","생활정도","범죄자[명]","명","1815233","1723815","1741302","1712435","1771390","1847605","1685461","1581922","1585638","1494421",
"계","하류","범죄자[명]","명","814842","798734","798697","776142","779282","804953","720838","641383","630324","577349",
"계","중류","범죄자[명]","명","455936","442797","436154","427642","440061","472928","436068","405516","408339","392570",
"계","상류","범죄자[명]","명","12730","12357","12536","13242","14697","15319","13756","13983","13040","12521",
"계","미상","범죄자[명]","명","531725","469927","493915","495409","537350","554405","514799","521040","533935","511981",
"계","혼인 및 미혼자부모관계","범죄자[명]","명","1815233","1723815","1741302","1712435","1771390","1847605","1685461","1581922","1585638","1494421",
"계","혼인관계","범죄자[명]","명","827227","791011","790034","779350","779322","811555","725304","649182","638487","585687",
"계","유배우자","범죄자[명]","명","688789","654396","644343","626581","614209","631935","559366","492665","476861","431563",
"계","동거","범죄자[명]","명","19569","17693","19412","20488","24493","25751","22702","19514","20048","18381",
"계","이혼","범죄자[명]","명","99295","99764","105917","111446","118433","130071","120430","115235","117982","113396",
"계","사별","범죄자[명]","명","19574","19158","20362","20835","22187","23798","22806","21768","23596","22347",
"계","미혼자 부모관계","범죄자[명]","명","452511","462196","455985","436176","453119","480304","442601","411397","413216","396536",
"계","실(양)부모","범죄자[명]","명","344322","351959","339473","321755","332514","352827","324775","301790","302498","290666",
"계","계부모","범죄자[명]","명","2383","1919","2104","2200","1851","1882","1622","1567","1556","1683",
"계","실부계모","범죄자[명]","명","2643","2584","2695","2490","2597","2592","2399","2048","1842","1768",
"계","실부무모","범죄자[명]","명","20601","21383","22522","21926","22495","23859","21815","19816","20017","19088",
"계","실모계부","범죄자[명]","명","2413","2350","2444","2216","2372","2369","2229","2079","1952","1810",
"계","실모무부","범죄자[명]","명","47686","49324","52407","51310","54452","57960","53876","48622","48782","45361",
"계","계부무모","범죄자[명]","명","498","456","567","459","405","442","365","315","318","276",
"계","계모무부","범죄자[명]","명","1103","949","938","1002","877","867","681","599","685","583",
"계","무부모","범죄자[명]","명","30862","31272","32835","32818","35556","37506","34839","34561","35566","35301",
"계","미상","범죄자[명]","명","535495","470608","495283","496909","538949","555746","517556","521343","533935","512198",
"강력범죄","생활정도","범죄자[명]","명","25346","23789","25351","25065","25821","27071","28927","28302","28943","26971",
"강력범죄","하류","범죄자[명]","명","13678","13070","13743","13259","12778","12842","12656","11737","11468","10059",
"강력범죄","중류","범죄자[명]","명","6221","5951","7312","7878","8671","9239","10441","10027","10557","10033",
"강력범죄","상류","범죄자[명]","명","247","216","297","329","367","407","430","476","438","404",
"강력범죄","미상","범죄자[명]","명","5200","4552","3999","3599","4005","4583","5400","6062","6480","6475",
"강력범죄","혼인 및 미혼자부모관계","범죄자[명]","명","25346","23789","25351","25065","25821","27071","28927","28302","28943","26971",
"강력범죄","혼인관계","범죄자[명]","명","8779","8250","9686","10093","10453","10729","11066","10419","10272","9385",
"강력범죄","유배우자","범죄자[명]","명","6077","5708","6728","6994","7324","7633","7820","7324","7123","6396",
"강력범죄","동거","범죄자[명]","명","475","393","431","498","504","457","497","417","382","367",
"강력범죄","이혼","범죄자[명]","명","1975","1893","2219","2280","2267","2284","2389","2321","2421","2347",
"강력범죄","사별","범죄자[명]","명","252","256","308","321","358","355","360","357","346","275",
"강력범죄","미혼자 부모관계","범죄자[명]","명","11301","11024","11636","11359","11334","11738","12415","11816","12189","11111",
"강력범죄","실(양)부모","범죄자[명]","명","7881","7671","8084","7839","7751","8112","8741","8416","8844","8081",
"강력범죄","계부모","범죄자[명]","명","72","47","46","26","33","22","33","24","27","25",
"강력범죄","실부계모","범죄자[명]","명","143","123","122","114","105","108","91","63","67","64",
"강력범죄","실부무모","범죄자[명]","명","608","652","655","634","652","658","617","599","575","535",
"강력범죄","실모계부","범죄자[명]","명","119","97","110","102","96","107","100","78","75","69",
"강력범죄","실모무부","범죄자[명]","명","1420","1452","1549","1620","1586","1609","1660","1493","1501","1340",
"강력범죄","계부무모","범죄자[명]","명","18","9","13","11","9","7","8","6","5","3",
"강력범죄","계모무부","범죄자[명]","명","23","14","21","25","25","19","14","12","13","16",
"강력범죄","무부모","범죄자[명]","명","1017","959","1036","988","1077","1096","1151","1125","1082","978",
"강력범죄","미상","범죄자[명]","명","5266","4515","4029","3613","4034","4604","5446","6067","6482","6475",
"살인기수","생활정도","범죄자[명]","명","449","446","377","447","389","379","344","350","345","341",
"살인기수","하류","범죄자[명]","명","292","270","226","250","236","238","210","187","190","172",
"살인기수","중류","범죄자[명]","명","74","95","81","89","69","70","54","80","58","72",
"살인기수","상류","범죄자[명]","명","4","6","2","6","6","3","4","5","4","6",
"살인기수","미상","범죄자[명]","명","79","75","68","102","78","68","76","78","93","91",
"살인기수","혼인 및 미혼자부모관계","범죄자[명]","명","449","446","377","446","389","379","344","350","345","341",
"살인기수","혼인관계","범죄자[명]","명","233","242","206","221","211","195","163","164","151","158",
"살인기수","유배우자","범죄자[명]","명","139","153","124","127","122","111","103","93","93","81",
"살인기수","동거","범죄자[명]","명","19","17","14","12","18","11","16","7","10","7",
"살인기수","이혼","범죄자[명]","명","67","54","54","64","59","62","37","55","43","61",
"살인기수","사별","범죄자[명]","명","8","18","14","18","12","11","7","9","5","9",
"살인기수","미혼자 부모관계","범죄자[명]","명","135","128","103","123","99","115","103","108","101","92",
"살인기수","실(양)부모","범죄자[명]","명","62","65","53","58","45","54","50","60","49","45",
"살인기수","계부모","범죄자[명]","명","2","","","2","","","-","-","-","-",
"살인기수","실부계모","범죄자[명]","명","","3","3","4","1","2","2","2","-","2",
"살인기수","실부무모","범죄자[명]","명","5","11","6","4","11","8","6","9","9","8",
"살인기수","실모계부","범죄자[명]","명","3","","2","","","4","2","-","3","-",
"살인기수","실모무부","범죄자[명]","명","32","24","21","23","18","24","25","25","23","17",
"살인기수","계부무모","범죄자[명]","명","1","","","","","","-","-","-","-",
"살인기수","계모무부","범죄자[명]","명","2","","","","","","-","-","-","-",
"살인기수","무부모","범죄자[명]","명","28","25","18","32","24","23","18","12","17","20",
"살인기수","미상","범죄자[명]","명","81","76","68","102","79","69","78","78","93","91",
"살인미수등","생활정도","범죄자[명]","명","836","610","620","575","586","616","561","516","525","454",
"살인미수등","하류","범죄자[명]","명","582","431","433","401","384","429","381","350","350","276",
"살인미수등","중류","범죄자[명]","명","147","124","133","99","135","114","117","101","89","93",
"살인미수등","상류","범죄자[명]","명","5","4","2","5","5","7","4","3","2","3",
"살인미수등","미상","범죄자[명]","명","102","51","52","70","62","66","59","62","84","82",
"살인미수등","혼인 및 미혼자부모관계","범죄자[명]","명","836","610","620","576","586","616","561","516","525","454",
"살인미수등","혼인관계","범죄자[명]","명","460","370","359","343","337","350","302","287","279","234",
"살인미수등","유배우자","범죄자[명]","명","262","213","179","178","175","194","168","144","146","123",
"살인미수등","동거","범죄자[명]","명","38","21","30","24","27","23","16","29","15","19",
"살인미수등","이혼","범죄자[명]","명","146","126","137","134","115","125","105","97","112","87",
"살인미수등","사별","범죄자[명]","명","14","10","13","7","20","8","13","17","6","5",
"살인미수등","미혼자 부모관계","범죄자[명]","명","273","189","209","165","187","200","199","167","162","138",
"살인미수등","실(양)부모","범죄자[명]","명","133","95","104","74","105","99","106","84","85","82",
"살인미수등","계부모","범죄자[명]","명","2","","1","","","","1","-","1","1",
"살인미수등","실부계모","범죄자[명]","명","4","4","2","","2","4","4","1","-","-",
"살인미수등","실부무모","범죄자[명]","명","19","14","13","11","7","13","8","12","12","10",
"살인미수등","실모계부","범죄자[명]","명","1","3","1","2","1","4","2","2","1","1",
"살인미수등","실모무부","범죄자[명]","명","53","36","39","32","37","46","40","29","29","19",
"살인미수등","계부무모","범죄자[명]","명","","","","","","","-","-","-","-",
"살인미수등","계모무부","범죄자[명]","명","1","","1","","","1","1","-","1","1",
"살인미수등","무부모","범죄자[명]","명","60","37","48","46","35","33","37","39","33","24",
"살인미수등","미상","범죄자[명]","명","103","51","52","68","62","66","60","62","84","82",
"강도","생활정도","범죄자[명]","명","4890","3322","2593","2078","1999","1716","1456","1165","1336","1202",
"강도","하류","범죄자[명]","명","3358","2430","1814","1473","1412","1201","975","827","915","713",
"강도","중류","범죄자[명]","명","996","639","548","417","412","347","335","201","289","327",
"강도","상류","범죄자[명]","명","41","12","9","15","20","9","8","12","7","15",
"강도","미상","범죄자[명]","명","495","241","222","173","155","159","138","125","125","147",
"강도","혼인 및 미혼자부모관계","범죄자[명]","명","4890","3322","2593","2078","1999","1716","1456","1165","1336","1202",
"강도","혼인관계","범죄자[명]","명","1338","798","710","605","542","482","461","320","281","257",
"강도","유배우자","범죄자[명]","명","831","509","473","356","325","263","281","181","159","144",
"강도","동거","범죄자[명]","명","116","58","47","47","38","26","38","11","17","23",
"강도","이혼","범죄자[명]","명","370","219","179","191","166","182","125","121","94","83",
"강도","사별","범죄자[명]","명","21","12","11","11","13","11","17","7","11","7",
"강도","미혼자 부모관계","범죄자[명]","명","3048","2272","1660","1300","1302","1074","856","720","930","798",
"강도","실(양)부모","범죄자[명]","명","2040","1452","1090","837","843","679","576","475","642","615",
"강도","계부모","범죄자[명]","명","28","12","4","5","3","4","3","3","1","2",
"강도","실부계모","범죄자[명]","명","70","44","40","21","19","25","18","4","8","8",
"강도","실부무모","범죄자[명]","명","207","204","135","93","101","88","63","48","53","37",
"강도","실모계부","범죄자[명]","명","45","33","23","20","14","17","12","14","10","8",
"강도","실모무부","범죄자[명]","명","382","308","238","174","186","152","106","88","104","69",
"강도","계부무모","범죄자[명]","명","6","2","4","3","3","","1","2","1","-",
"강도","계모무부","범죄자[명]","명","5","5","1","","5","4","-","-","-","3",
"강도","무부모","범죄자[명]","명","265","212","125","147","128","105","77","86","111","56",
"강도","미상","범죄자[명]","명","504","252","223","173","155","160","139","125","125","147",
"강간·강제추행","생활정도","범죄자[명]","명","17652","18012","","","","","","","","",
"강간·강제추행","하류","범죄자[명]","명","8436","8996","","","","","","","","",
"강간·강제추행","중류","범죄자[명]","명","4672","4749","","","","","","","","",
"강간·강제추행","상류","범죄자[명]","명","185","188","","","","","","","","",
"강간·강제추행","미상","범죄자[명]","명","4359","4079","","","","","","","","",
"강간·강제추행","혼인 및 미혼자부모관계","범죄자[명]","명","17652","18012","","","","","","","","",
"강간·강제추행","혼인관계","범죄자[명]","명","5954","6083","","","","","","","","",
"강간·강제추행","유배우자","범죄자[명]","명","4362","4341","","","","","","","","",
"강간·강제추행","동거","범죄자[명]","명","240","243","","","","","","","","",
"강간·강제추행","이혼","범죄자[명]","명","1164","1309","","","","","","","","",
"강간·강제추행","사별","범죄자[명]","명","188","190","","","","","","","","",
"강간·강제추행","미혼자 부모관계","범죄자[명]","명","7288","7902","","","","","","","","",
"강간·강제추행","실(양)부모","범죄자[명]","명","5320","5720","","","","","","","","",
"강간·강제추행","계부모","범죄자[명]","명","35","35","","","","","","","","",
"강간·강제추행","실부계모","범죄자[명]","명","61","70","","","","","","","","",
"강간·강제추행","실부무모","범죄자[명]","명","344","397","","","","","","","","",
"강간·강제추행","실모계부","범죄자[명]","명","45","58","","","","","","","","",
"강간·강제추행","실모무부","범죄자[명]","명","881","1009","","","","","","","","",
"강간·강제추행","계부무모","범죄자[명]","명","11","7","","","","","","","","",
"강간·강제추행","계모무부","범죄자[명]","명","15","9","","","","","","","","",
"강간·강제추행","무부모","범죄자[명]","명","576","597","","","","","","","","",
"강간·강제추행","미상","범죄자[명]","명","4410","4027","","","","","","","","",
"강간","생활정도","범죄자[명]","명","","","5856","5517","5621","5829","5943","5947","6138","6113",
"강간","하류","범죄자[명]","명","","","2755","2518","2325","2361","2254","1964","1950","1831",
"강간","중류","범죄자[명]","명","","","1636","1648","1750","1714","1826","1808","1930","1987",
"강간","상류","범죄자[명]","명","","","70","68","68","81","72","88","91","78",
"강간","미상","범죄자[명]","명","","","1395","1283","1478","1673","1791","2087","2167","2217",
"강간","혼인 및 미혼자부모관계","범죄자[명]","명","","","5856","5517","5621","5829","5943","5947","6138","6113",
"강간","혼인관계","범죄자[명]","명","","","1668","1495","1548","1498","1492","1375","1404","1295",
"강간","유배우자","범죄자[명]","명","","","1016","894","964","958","932","873","881","798",
"강간","동거","범죄자[명]","명","","","110","96","90","92","101","81","67","65",
"강간","이혼","범죄자[명]","명","","","488","446","451","396","421","376","427","404",
"강간","사별","범죄자[명]","명","","","54","59","43","52","38","45","29","28",
"강간","미혼자 부모관계","범죄자[명]","명","","","2779","2734","2583","2656","2646","2483","2567","2602",
"강간","실(양)부모","범죄자[명]","명","","","2074","1998","1845","1939","1931","1915","1968","1998",
"강간","계부모","범죄자[명]","명","","","11","2","9","5","9","7","6","8",
"강간","실부계모","범죄자[명]","명","","","24","29","28","30","27","20","22","23",
"강간","실부무모","범죄자[명]","명","","","160","165","162","171","139","137","113","143",
"강간","실모계부","범죄자[명]","명","","","30","33","36","36","30","15","22","19",
"강간","실모무부","범죄자[명]","명","","","327","358","330","336","328","257","292","270",
"강간","계부무모","범죄자[명]","명","","","2","1","3","3","3","2","-","-",
"강간","계모무부","범죄자[명]","명","","","3","5","5","2","2","4","4","2",
"강간","무부모","범죄자[명]","명","","","148","143","165","134","177","126","140","139",
"강간","미상","범죄자[명]","명","","","1409","1288","1490","1675","1805","2089","2167","2216",
"유사강간","생활정도","범죄자[명]","명","","","136","389","535","598","694","848","895","934",
"유사강간","하류","범죄자[명]","명","","","84","192","247","292","314","347","338","331",
"유사강간","중류","범죄자[명]","명","","","40","138","178","196","245","317","350","362",
"유사강간","상류","범죄자[명]","명","","","1","5","3","6","12","15","3","7",
"유사강간","미상","범죄자[명]","명","","","11","54","107","104","123","169","204","234",
"유사강간","혼인 및 미혼자부모관계","범죄자[명]","명","","","136","389","535","598","694","848","895","934",
"유사강간","혼인관계","범죄자[명]","명","","","46","129","155","198","201","238","244","236",
"유사강간","유배우자","범죄자[명]","명","","","30","78","96","116","146","168","168","145",
"유사강간","동거","범죄자[명]","명","","","","8","12","21","9","19","14","9",
"유사강간","이혼","범죄자[명]","명","","","14","40","44","52","41","45","57","76",
"유사강간","사별","범죄자[명]","명","","","2","3","3","9","5","6","5","6",
"유사강간","미혼자 부모관계","범죄자[명]","명","","","79","206","274","295","370","439","445","466",
"유사강간","실(양)부모","범죄자[명]","명","","","57","143","185","219","255","319","358","352",
"유사강간","계부모","범죄자[명]","명","","","1","","","","1","3","2","1",
"유사강간","실부계모","범죄자[명]","명","","","","2","5","6","2","5","2","4",
"유사강간","실부무모","범죄자[명]","명","","","6","15","17","14","25","22","25","21",
"유사강간","실모계부","범죄자[명]","명","","","1","3","3","2","4","4","4","3",
"유사강간","실모무부","범죄자[명]","명","","","10","26","36","36","52","58","38","55",
"유사강간","계부무모","범죄자[명]","명","","","","","1","","-","-","-","-",
"유사강간","계모무부","범죄자[명]","명","","","","","2","2","-","-","-","1",
"유사강간","무부모","범죄자[명]","명","","","4","17","25","16","31","28","16","29",
"유사강간","미상","범죄자[명]","명","","","11","54","106","105","123","171","206","232",
"강제추행","생활정도","범죄자[명]","명","","","12496","13400","14488","16016","18272","17631","17892","16382",
"강제추행","하류","범죄자[명]","명","","","6320","6732","6752","7121","7501","6904","6636","5805",
"강제추행","중류","범죄자[명]","명","","","4011","4793","5597","6281","7417","7050","7378","6798",
"강제추행","상류","범죄자[명]","명","","","185","205","249","286","318","337","313","284",
"강제추행","미상","범죄자[명]","명","","","1980","1670","1890","2328","3036","3340","3565","3495",
"강제추행","혼인 및 미혼자부모관계","범죄자[명]","명","","","12496","13400","14488","16016","18272","17631","17892","16382",
"강제추행","혼인관계","범죄자[명]","명","","","5415","6119","6611","7097","7697","7166","7149","6527",
"강제추행","유배우자","범죄자[명]","명","","","4123","4665","5021","5421","5748","5343","5256","4740",
"강제추행","동거","범죄자[명]","명","","","135","214","223","212","258","215","214","206",
"강제추행","이혼","범죄자[명]","명","","","982","1071","1148","1235","1448","1365","1427","1386",
"강제추행","사별","범죄자[명]","명","","","175","169","219","229","243","243","252","195",
"강제추행","미혼자 부모관계","범죄자[명]","명","","","5084","5604","5974","6574","7515","7125","7177","6357",
"강제추행","실(양)부모","범죄자[명]","명","","","3629","3974","4201","4642","5407","5124","5233","4585",
"강제추행","계부모","범죄자[명]","명","","","17","14","17","11","13","10","16","11",
"강제추행","실부계모","범죄자[명]","명","","","24","37","35","35","23","22","32","22",
"강제추행","실부무모","범죄자[명]","명","","","223","266","290","310","340","330","321","282",
"강제추행","실모계부","범죄자[명]","명","","","24","32","25","34","36","35","25","32",
"강제추행","실모무부","범죄자[명]","명","","","656","803","843","879","1005","900","893","816",
"강제추행","계부무모","범죄자[명]","명","","","4","6","2","4","1","1","4","3",
"강제추행","계모무부","범죄자[명]","명","","","11","15","12","8","8","7","8","8",
"강제추행","무부모","범죄자[명]","명","","","496","457","549","651","682","696","645","598",
"강제추행","미상","범죄자[명]","명","","","1997","1677","1903","2345","3060","3340","3566","3498",
"기타 강간·강제추행등","생활정도","범죄자[명]","명","","","1887","1193","686","521","371","458","495","349",
"기타 강간·강제추행등","하류","범죄자[명]","명","","","1119","656","363","297","195","229","251","157",
"기타 강간·강제추행등","중류","범죄자[명]","명","","","566","376","208","167","136","144","176","126",
"기타 강간·강제추행등","상류","범죄자[명]","명","","","23","17","6","6","7","8","3","5",
"기타 강간·강제추행등","미상","범죄자[명]","명","","","179","144","109","51","33","77","65","61",
"기타 강간·강제추행등","혼인 및 미혼자부모관계","범죄자[명]","명","","","1887","1193","686","521","371","458","495","349",
"기타 강간·강제추행등","혼인관계","범죄자[명]","명","","","537","391","201","177","116","145","147","99",
"기타 강간·강제추행등","유배우자","범죄자[명]","명","","","347","243","120","108","70","97","86","53",
"기타 강간·강제추행등","동거","범죄자[명]","명","","","38","25","15","17","13","7","6","5",
"기타 강간·강제추행등","이혼","범죄자[명]","명","","","139","107","56","48","22","41","51","38",
"기타 강간·강제추행등","사별","범죄자[명]","명","","","13","16","10","4","11","-","4","3",
"기타 강간·강제추행등","미혼자 부모관계","범죄자[명]","명","","","1170","656","375","294","222","236","283","189",
"기타 강간·강제추행등","실(양)부모","범죄자[명]","명","","","794","435","253","195","159","147","202","143",
"기타 강간·강제추행등","계부모","범죄자[명]","명","","","12","","2","2","-","-","1","-",
"기타 강간·강제추행등","실부계모","범죄자[명]","명","","","25","15","9","3","8","3","1","3",
"기타 강간·강제추행등","실부무모","범죄자[명]","명","","","68","46","30","19","14","19","13","13",
"기타 강간·강제추행등","실모계부","범죄자[명]","명","","","25","6","9","5","4","2","6","1",
"기타 강간·강제추행등","실모무부","범죄자[명]","명","","","151","99","48","46","23","40","34","21",
"기타 강간·강제추행등","계부무모","범죄자[명]","명","","","3","","","","-","1","-","-",
"기타 강간·강제추행등","계모무부","범죄자[명]","명","","","1","3","","","1","-","-","-",
"기타 강간·강제추행등","무부모","범죄자[명]","명","","","91","52","24","24","13","24","26","8",
"기타 강간·강제추행등","미상","범죄자[명]","명","","","180","146","110","50","33","77","65","61",
"방화","생활정도","범죄자[명]","명","1519","1399","1386","1466","1517","1396","1286","1387","1317","1196",
"방화","하류","범죄자[명]","명","1010","943","992","1037","1059","903","826","929","838","774",
"방화","중류","범죄자[명]","명","332","344","297","318","322","350","311","326","287","268",
"방화","상류","범죄자[명]","명","12","6","5","8","10","9","5","8","15","6",
"방화","미상","범죄자[명]","명","165","106","92","103","126","134","144","124","177","148",
"방화","혼인 및 미혼자부모관계","범죄자[명]","명","1519","1399","1386","1466","1517","1396","1286","1387","1317","1196",
"방화","혼인관계","범죄자[명]","명","794","757","745","790","848","732","634","724","617","579",
"방화","유배우자","범죄자[명]","명","483","492","436","453","501","462","372","425","334","312",
"방화","동거","범죄자[명]","명","62","54","57","72","81","55","46","48","39","33",
"방화","이혼","범죄자[명]","명","228","185","226","227","228","184","190","221","210","212",
"방화","사별","범죄자[명]","명","21","26","26","38","38","31","26","30","34","22",
"방화","미혼자 부모관계","범죄자[명]","명","557","533","552","571","540","530","504","538","524","469",
"방화","실(양)부모","범죄자[명]","명","326","339","283","320","274","285","257","292","307","261",
"방화","계부모","범죄자[명]","명","5","","","3","2","","6","1","-","2",
"방화","실부계모","범죄자[명]","명","8","2","4","6","6","3","7","6","2","2",
"방화","실부무모","범죄자[명]","명","33","26","44","34","34","35","22","22","29","21",
"방화","실모계부","범죄자[명]","명","25","3","4","6","8","5","10","6","4","5",
"방화","실모무부","범죄자[명]","명","72","75","107","105","88","90","81","96","88","73",
"방화","계부무모","범죄자[명]","명","","","","1","","","3","-","-","-",
"방화","계모무부","범죄자[명]","명","","","4","2","1","2","2","1","-","1",
"방화","무부모","범죄자[명]","명","88","88","106","94","127","110","116","114","94","104",
"방화","미상","범죄자[명]","명","168","109","89","105","129","134","148","125","176","148",
"절도범죄","생활정도","범죄자[명]","명","111390","104434","102658","95645","103166","106415","105695","97334","101295","98425",
"절도범죄","하류","범죄자[명]","명","70225","66837","65806","59965","64243","66071","65300","59903","61671","58626",
"절도범죄","중류","범죄자[명]","명","30507","29703","28888","27680","29898","30650","29785","27093","28479","28786",
"절도범죄","상류","범죄자[명]","명","566","545","717","639","738","820","771","734","768","765",
"절도범죄","미상","범죄자[명]","명","10092","7349","7247","7361","8287","8874","9839","9604","10377","10248",
"절도범죄","혼인 및 미혼자부모관계","범죄자[명]","명","111390","104434","102658","95645","103166","106415","105695","97334","101295","98425",
"절도범죄","혼인관계","범죄자[명]","명","37830","32297","33207","33927","37486","41780","43260","40751","43866","43426",
"절도범죄","유배우자","범죄자[명]","명","27206","23108","23269","23375","25367","27954","28647","26374","28273","27849",
"절도범죄","동거","범죄자[명]","명","1376","1098","1220","1175","1397","1418","1437","1144","1085","1131",
"절도범죄","이혼","범죄자[명]","명","7418","6396","6817","7254","8198","9145","9536","9474","9984","9768",
"절도범죄","사별","범죄자[명]","명","1830","1695","1901","2123","2524","3263","3640","3759","4524","4678",
"절도범죄","미혼자 부모관계","범죄자[명]","명","63330","64955","62153","54314","57340","55704","52372","46956","47067","44743",
"절도범죄","실(양)부모","범죄자[명]","명","44722","46488","42671","37361","39488","38203","36020","32362","32666","31344",
"절도범죄","계부모","범죄자[명]","명","298","213","205","183","195","204","164","135","143","151",
"절도범죄","실부계모","범죄자[명]","명","925","837","919","812","788","694","616","449","340","275",
"절도범죄","실부무모","범죄자[명]","명","5006","5246","5481","4525","4592","4243","3673","2880","2770","2486",
"절도범죄","실모계부","범죄자[명]","명","594","631","703","526","570","493","455","342","259","244",
"절도범죄","실모무부","범죄자[명]","명","6364","6605","6957","6080","6440","6258","5973","5162","5005","4540",
"절도범죄","계부무모","범죄자[명]","명","99","63","93","70","61","71","52","41","30","42",
"절도범죄","계모무부","범죄자[명]","명","113","101","72","77","72","72","68","50","74","61",
"절도범죄","무부모","범죄자[명]","명","5209","4771","5052","4680","5134","5466","5351","5535","5780","5600",
"절도범죄","미상","범죄자[명]","명","10230","7182","7298","7404","8340","8931","10063","9627","10362","10256",
"폭력범죄","생활정도","범죄자[명]","명","392042","400282","369913","358275","372723","380965","363511","348969","346561","313990",
"폭력범죄","하류","범죄자[명]","명","185110","189580","173471","161678","158642","156648","144258","134072","132022","118798",
"폭력범죄","중류","범죄자[명]","명","97120","102419","90235","85215","90984","93011","90403","89423","91726","86005",
"폭력범죄","상류","범죄자[명]","명","2399","2349","2130","2236","2811","3008","2695","2752","2657","2647",
"폭력범죄","미상","범죄자[명]","명","107413","105934","104077","109146","120286","128298","126155","122722","120156","106540",
"폭력범죄","혼인 및 미혼자부모관계","범죄자[명]","명","392042","400282","369913","358275","372723","380965","363511","348969","346561","313990",
"폭력범죄","혼인관계","범죄자[명]","명","169896","170185","159053","149878","154628","154295","140979","135085","136787","125525",
"폭력범죄","유배우자","범죄자[명]","명","133230","132403","122403","113510","114815","113393","103643","98850","99811","90721",
"폭력범죄","동거","범죄자[명]","명","6296","6064","5937","6114","8798","9014","7554","6820","7103","6234",
"폭력범죄","이혼","범죄자[명]","명","25847","27091","26107","25757","26429","27275","25456","25203","25372","24469",
"폭력범죄","사별","범죄자[명]","명","4523","4627","4606","4497","4586","4613","4326","4212","4501","4101",
"폭력범죄","미혼자 부모관계","범죄자[명]","명","113881","124532","106584","98925","97291","98089","95748","91170","89708","81971",
"폭력범죄","실(양)부모","범죄자[명]","명","85387","94657","78410","71708","69532","69736","68621","66330","64886","59017",
"폭력범죄","계부모","범죄자[명]","명","632","479","416","376","467","379","305","310","370","346",
"폭력범죄","실부계모","범죄자[명]","명","517","578","466","466","503","506","440","344","360","308",
"폭력범죄","실부무모","범죄자[명]","명","4828","5399","4850","4640","4523","4879","4633","3966","4029","3573",
"폭력범죄","실모계부","범죄자[명]","명","533","542","497","453","496","512","469","416","379","343",
"폭력범죄","실모무부","범죄자[명]","명","12532","13252","12556","12339","12358","12611","12267","11020","10727","9725",
"폭력범죄","계부무모","범죄자[명]","명","102","69","123","75","66","74","61","35","71","61",
"폭력범죄","계모무부","범죄자[명]","명","173","176","162","118","129","168","98","88","117","85",
"폭력범죄","무부모","범죄자[명]","명","9177","9380","9104","8750","9217","9224","8854","8661","8769","8513",
"폭력범죄","미상","범죄자[명]","명","108265","105565","104276","109472","120804","128581","126784","122714","120066","106494",
"상해","생활정도","범죄자[명]","명","89138","84850","75206","66885","62059","65695","58851","52867","48854","43552",
"상해","하류","범죄자[명]","명","52218","50365","44985","39692","35833","38324","33705","29351","27110","23525",
"상해","중류","범죄자[명]","명","28474","27713","24109","21430","20727","21577","19768","18078","16559","15251",
"상해","상류","범죄자[명]","명","766","668","553","543","626","666","576","522","507","455",
"상해","미상","범죄자[명]","명","7680","6104","5559","5220","4873","5128","4802","4916","4678","4321",
"상해","혼인 및 미혼자부모관계","범죄자[명]","명","89138","84850","75206","66885","62059","65695","58851","52867","48854","43552",
"상해","혼인관계","범죄자[명]","명","54397","52246","46365","40415","37216","38399","33507","29992","27447","24499",
"상해","유배우자","범죄자[명]","명","42485","40467","35630","30503","27441","27835","24225","21468","19545","17317",
"상해","동거","범죄자[명]","명","2016","1862","1690","1632","1848","1918","1588","1355","1162","1057",
"상해","이혼","범죄자[명]","명","8274","8295","7522","6871","6590","7250","6526","6100","5704","5255",
"상해","사별","범죄자[명]","명","1622","1622","1523","1409","1337","1396","1168","1069","1036","870",
"상해","미혼자 부모관계","범죄자[명]","명","26979","26494","23273","21227","19951","22157","20460","17960","16730","14730",
"상해","실(양)부모","범죄자[명]","명","19654","19505","16719","15015","13991","15334","14314","12649","11709","10254",
"상해","계부모","범죄자[명]","명","140","132","84","99","105","89","81","61","89","54",
"상해","실부계모","범죄자[명]","명","94","97","76","99","94","115","89","74","58","63",
"상해","실부무모","범죄자[명]","명","997","1001","944","982","884","1108","952","827","716","620",
"상해","실모계부","범죄자[명]","명","120","122","104","90","92","93","93","84","63","64",
"상해","실모무부","범죄자[명]","명","3285","3184","2996","2841","2778","3011","2826","2389","2280","1974",
"상해","계부무모","범죄자[명]","명","22","11","28","21","14","18","13","10","14","10",
"상해","계모무부","범죄자[명]","명","47","35","49","23","38","38","20","16","17","17",
"상해","무부모","범죄자[명]","명","2620","2407","2273","2057","1955","2351","2072","1850","1784","1674",
"상해","미상","범죄자[명]","명","7762","6110","5568","5243","4892","5139","4884","4915","4677","4323",
"폭행","생활정도","범죄자[명]","명","161782","167975","166337","171166","192308","216857","210745","204801","202710","178448",
"폭행","하류","범죄자[명]","명","55292","58262","57620","56550","60979","68971","65001","62651","62196","54911",
"폭행","중류","범죄자[명]","명","27397","29302","28766","29028","35234","41666","41319","42519","45049","41604",
"폭행","상류","범죄자[명]","명","723","718","712","761","1141","1369","1258","1326","1279","1232",
"폭행","미상","범죄자[명]","명","78370","79693","79239","84827","94954","104851","103167","98305","94186","80701",
"폭행","혼인 및 미혼자부모관계","범죄자[명]","명","161782","167975","166337","171166","192308","216857","210745","204801","202710","178448",
"폭행","혼인관계","범죄자[명]","명","55997","57393","56863","56201","64758","73530","68686","67894","69765","62799",
"폭행","유배우자","범죄자[명]","명","43938","44816","44045","42983","48750","54557","50997","50249","51590","45974",
"폭행","동거","범죄자[명]","명","1953","1999","2046","2208","4129","4915","4044","3703","3945","3337",
"폭행","이혼","범죄자[명]","명","8576","9068","9068","9324","10104","12118","11619","11902","12095","11502",
"폭행","사별","범죄자[명]","명","1530","1510","1704","1686","1775","1940","2026","2040","2135","1986",
"폭행","미혼자 부모관계","범죄자[명]","명","26807","30990","30096","29878","32165","38232","38494","38605","38833","34999",
"폭행","실(양)부모","범죄자[명]","명","19336","22879","21745","21049","22485","26615","27040","27513","27556","24738",
"폭행","계부모","범죄자[명]","명","145","122","115","101","145","132","115","133","143","165",
"폭행","실부계모","범죄자[명]","명","110","110","119","132","145","183","170","136","137","121",
"폭행","실부무모","범죄자[명]","명","950","1127","1162","1303","1452","1832","1812","1629","1711","1536",
"폭행","실모계부","범죄자[명]","명","91","126","117","130","133","209","183","179","174","150",
"폭행","실모무부","범죄자[명]","명","3258","3556","3708","3896","4198","5084","5036","4806","4765","4247",
"폭행","계부무모","범죄자[명]","명","24","19","30","19","18","21","21","14","35","19",
"폭행","계모무부","범죄자[명]","명","39","42","45","40","31","67","36","45","66","36",
"폭행","무부모","범죄자[명]","명","2854","3009","3055","3208","3558","4089","4081","4150","4246","3987",
"폭행","미상","범죄자[명]","명","78978","79592","79378","85087","95385","105095","103565","98302","94112","80650",
"체포·감금","생활정도","범죄자[명]","명","969","1113","1086","1118","1226","1687","1911","1608","1654","1695",
"체포·감금","하류","범죄자[명]","명","353","419","386","372","432","672","675","534","599","550",
"체포·감금","중류","범죄자[명]","명","235","239","252","227","278","436","531","404","363","391",
"체포·감금","상류","범죄자[명]","명","13","10","9","12","18","13","23","23","7","34",
"체포·감금","미상","범죄자[명]","명","368","445","439","507","498","566","682","647","685","720",
"체포·감금","혼인 및 미혼자부모관계","범죄자[명]","명","969","1113","1086","1118","1226","1687","1911","1608","1654","1695",
"체포·감금","혼인관계","범죄자[명]","명","403","443","423","384","453","602","669","484","476","447",
"체포·감금","유배우자","범죄자[명]","명","289","332","277","254","288","387","443","314","311","310",
"체포·감금","동거","범죄자[명]","명","8","15","22","15","27","42","45","39","37","27",
"체포·감금","이혼","범죄자[명]","명","99","85","113","106","127","150","166","117","115","104",
"체포·감금","사별","범죄자[명]","명","7","11","11","9","11","23","15","14","13","6",
"체포·감금","미혼자 부모관계","범죄자[명]","명","196","221","221","225","272","520","560","476","493","526",
"체포·감금","실(양)부모","범죄자[명]","명","150","156","144","168","195","379","419","372","370","416",
"체포·감금","계부모","범죄자[명]","명","3","3","4","","","2","-","-","1","2",
"체포·감금","실부계모","범죄자[명]","명","1","","3","1","5","3","5","2","3","1",
"체포·감금","실부무모","범죄자[명]","명","9","5","12","10","17","39","32","23","21","17",
"체포·감금","실모계부","범죄자[명]","명","1","1","1","1","1","7","2","1","3","1",
"체포·감금","실모무부","범죄자[명]","명","18","39","41","31","32","56","69","51","56","51",
"체포·감금","계부무모","범죄자[명]","명","","","","","","1","-","-","2","-",
"체포·감금","계모무부","범죄자[명]","명","","","","","","","3","-","3","-",
"체포·감금","무부모","범죄자[명]","명","14","17","16","14","22","33","30","27","34","38",
"체포·감금","미상","범죄자[명]","명","370","449","442","509","501","565","682","648","685","722",
"협박","생활정도","범죄자[명]","명","3855","4732","4682","5160","9197","16825","16599","18337","22377","22507",
"협박","하류","범죄자[명]","명","1343","1726","1726","1772","3494","7741","7361","7568","9088","8965",
"협박","중류","범죄자[명]","명","793","1031","957","1061","2272","4430","4483","4980","6131","6159",
"협박","상류","범죄자[명]","명","44","48","32","47","93","193","147","159","195","201",
"협박","미상","범죄자[명]","명","1675","1927","1967","2280","3338","4461","4608","5630","6963","7182",
"협박","혼인 및 미혼자부모관계","범죄자[명]","명","3855","4732","4682","5160","9197","16825","16599","18337","22377","22507",
"협박","혼인관계","범죄자[명]","명","1601","2034","1952","2058","4192","8672","8325","8815","10699","10326",
"협박","유배우자","범죄자[명]","명","1146","1488","1418","1509","2894","6179","6043","6363","7683","7305",
"협박","동거","범죄자[명]","명","67","62","61","61","259","516","492","457","590","587",
"협박","이혼","범죄자[명]","명","338","436","419","440","940","1766","1613","1793","2145","2183",
"협박","사별","범죄자[명]","명","50","48","54","48","99","211","177","202","281","251",
"협박","미혼자 부모관계","범죄자[명]","명","561","769","760","818","1656","3684","3649","3898","4715","5008",
"협박","실(양)부모","범죄자[명]","명","375","513","503","547","1067","2346","2374","2536","3053","3263",
"협박","계부모","범죄자[명]","명","3","3","7","3","7","22","14","10","16","24",
"협박","실부계모","범죄자[명]","명","2","2","3","5","9","25","16","17","33","19",
"협박","실부무모","범죄자[명]","명","23","33","29","32","59","180","163","168","230","219",
"협박","실모계부","범죄자[명]","명","1","5","3","3","9","28","16","24","25","19",
"협박","실모무부","범죄자[명]","명","75","119","109","127","275","574","577","610","709","732",
"협박","계부무모","범죄자[명]","명","1","","1","2","","1","-","2","3","5",
"협박","계모무부","범죄자[명]","명","2","","5","1","6","13","7","5","6","10",
"협박","무부모","범죄자[명]","명","79","94","100","98","224","495","482","526","640","717",
"협박","미상","범죄자[명]","명","1693","1929","1970","2284","3349","4469","4625","5624","6963","7173",
"약취·유인","생활정도","범죄자[명]","명","340","270","260","252","252","305","285","260","351","296",
"약취·유인","하류","범죄자[명]","명","166","144","125","116","116","132","104","116","103","96",
"약취·유인","중류","범죄자[명]","명","71","51","41","59","42","78","82","63","104","78",
"약취·유인","상류","범죄자[명]","명","5","1","6","4","5","6","10","1","4","6",
"약취·유인","미상","범죄자[명]","명","98","74","88","73","89","89","89","80","140","116",
"약취·유인","혼인 및 미혼자부모관계","범죄자[명]","명","340","270","260","252","252","305","285","260","351","296",
"약취·유인","혼인관계","범죄자[명]","명","121","101","88","108","86","124","110","102","109","85",
"약취·유인","유배우자","범죄자[명]","명","77","61","58","69","56","88","67","77","75","60",
"약취·유인","동거","범죄자[명]","명","6","1","2","10","3","5","8","2","6","7",
"약취·유인","이혼","범죄자[명]","명","34","31","25","27","24","29","30","20","20","13",
"약취·유인","사별","범죄자[명]","명","4","8","3","2","3","2","5","3","8","5",
"약취·유인","미혼자 부모관계","범죄자[명]","명","120","95","83","71","78","92","86","78","102","95",
"약취·유인","실(양)부모","범죄자[명]","명","87","58","50","53","54","55","63","59","63","74",
"약취·유인","계부모","범죄자[명]","명","1","","1","","","","-","-","1","-",
"약취·유인","실부계모","범죄자[명]","명","2","","","1","2","2","-","-","1","-",
"약취·유인","실부무모","범죄자[명]","명","2","9","6","3","6","6","4","8","6","4",
"약취·유인","실모계부","범죄자[명]","명","2","1","1","","1","","1","3","-","-",
"약취·유인","실모무부","범죄자[명]","명","13","17","10","9","5","15","14","2","16","8",
"약취·유인","계부무모","범죄자[명]","명","","","3","","","","-","-","-","-",
"약취·유인","계모무부","범죄자[명]","명","1","","","","","","-","-","-","-",
"약취·유인","무부모","범죄자[명]","명","12","10","12","5","10","14","4","6","15","9",
"약취·유인","미상","범죄자[명]","명","99","74","89","73","88","89","89","80","140","116",
"폭력행위등","생활정도","범죄자[명]","명","103423","106256","89858","80113","73002","40963","36647","31885","28625","25342",
"폭력행위등","하류","범죄자[명]","명","56916","58269","49913","44086","39148","20537","17786","14703","12957","11325",
"폭력행위등","중류","범죄자[명]","명","31157","33814","26877","24017","22299","13139","12385","11186","10033","8851",
"폭력행위등","상류","범죄자[명]","명","549","601","516","518","504","322","249","244","174","198",
"폭력행위등","미상","범죄자[명]","명","14801","13572","12552","11492","11051","6965","6227","5752","5461","4968",
"폭력행위등","혼인 및 미혼자부모관계","범죄자[명]","명","103423","106256","89858","80113","73002","40963","36647","31885","28625","25342",
"폭력행위등","혼인관계","범죄자[명]","명","40229","40008","36204","32959","29971","13106","10687","8937","7647","7198",
"폭력행위등","유배우자","범죄자[명]","명","32592","31944","28427","25608","22686","10401","8510","7209","5979","5665",
"폭력행위등","동거","범죄자[명]","명","1625","1522","1457","1427","1584","540","421","311","301","256",
"폭력행위등","이혼","범죄자[명]","명","5239","5692","5538","5203","4987","1849","1516","1217","1171","1129",
"폭력행위등","사별","범죄자[명]","명","773","850","782","721","714","316","240","200","196","148",
"폭력행위등","미혼자 부모관계","범죄자[명]","명","48291","52930","41070","35638","31943","20881","19676","17205","15519","13170",
"폭력행위등","실(양)부모","범죄자[명]","명","38387","42411","31803","27406","24159","16617","15751","14216","12991","11074",
"폭력행위등","계부모","범죄자[명]","명","296","178","171","136","160","86","64","58","49","51",
"폭력행위등","실부계모","범죄자[명]","명","251","278","210","179","197","105","97","69","70","47",
"폭력행위등","실부무모","범죄자[명]","명","2332","2589","2143","1821","1581","1089","1018","723","698","532",
"폭력행위등","실모계부","범죄자[명]","명","247","228","215","162","196","120","99","71","62","49",
"폭력행위등","실모무부","범죄자[명]","명","4401","4721","4145","3854","3512","2026","1953","1506","1179","969",
"폭력행위등","계부무모","범죄자[명]","명","48","30","42","28","26","21","15","3","7","8",
"폭력행위등","계모무부","범죄자[명]","명","66","72","44","34","40","23","20","14","4","11",
"폭력행위등","무부모","범죄자[명]","명","2263","2423","2297","2018","2072","794","659","545","459","429",
"폭력행위등","미상","범죄자[명]","명","14903","13318","12584","11516","11088","6976","6284","5743","5459","4974",
"공갈","생활정도","범죄자[명]","명","3786","5455","3189","3674","2930","3638","3573","3521","3552","3434",
"공갈","하류","범죄자[명]","명","1996","3104","1603","1909","1346","1704","1590","1389","1432","1320",
"공갈","중류","범죄자[명]","명","930","1606","841","892","698","924","1003","1005","1033","940",
"공갈","상류","범죄자[명]","명","32","22","27","22","41","41","21","35","18","45",
"공갈","미상","범죄자[명]","명","828","723","718","851","845","969","959","1092","1069","1129",
"공갈","혼인 및 미혼자부모관계","범죄자[명]","명","3786","5455","3189","3674","2930","3638","3573","3521","3552","3434",
"공갈","혼인관계","범죄자[명]","명","899","1273","869","1335","905","1086","999","754","776","724",
"공갈","유배우자","범죄자[명]","명","653","918","627","890","601","733","675","513","510","494",
"공갈","동거","범죄자[명]","명","40","33","29","61","43","37","52","33","33","25",
"공갈","이혼","범죄자[명]","명","189","289","185","349","233","281","245","190","204","181",
"공갈","사별","범죄자[명]","명","17","33","28","35","28","35","27","18","29","24",
"공갈","미혼자 부모관계","범죄자[명]","명","2055","3497","1601","1491","1179","1579","1606","1675","1710","1581",
"공갈","실(양)부모","범죄자[명]","명","1411","2530","1090","995","816","1063","1133","1335","1337","1250",
"공갈","계부모","범죄자[명]","명","7","15","3","2","5","3","6","7","6","3",
"공갈","실부계모","범죄자[명]","명","29","53","25","19","11","21","14","10","15","9",
"공갈","실부무모","범죄자[명]","명","201","299","159","119","102","149","128","83","122","98",
"공갈","실모계부","범죄자[명]","명","32","24","26","17","9","12","23","8","12","10",
"공갈","실모무부","범죄자[명]","명","248","374","191","213","132","196","195","147","133","123",
"공갈","계부무모","범죄자[명]","명","4","5","6","","2","1","2","1","-","3",
"공갈","계모무부","범죄자[명]","명","2","15","1","4","","6","2","4","2","-",
"공갈","무부모","범죄자[명]","명","121","182","100","122","102","128","103","80","83","85",
"공갈","미상","범죄자[명]","명","832","685","719","848","846","973","968","1092","1066","1129",
"손괴","생활정도","범죄자[명]","명","28749","29631","29295","29907","31749","34995","34900","35690","38438","38716",
"손괴","하류","범죄자[명]","명","16826","17291","17113","17181","17294","18567","18036","17760","18537","18106",
"손괴","중류","범죄자[명]","명","8063","8663","8392","8501","9434","10761","10832","11188","12454","12731",
"손괴","상류","범죄자[명]","명","267","281","275","329","383","398","411","442","473","476",
"손괴","미상","범죄자[명]","명","3593","3396","3515","3896","4638","5269","5621","6300","6974","7403",
"손괴","혼인 및 미혼자부모관계","범죄자[명]","명","28749","29631","29295","29907","31749","34995","34900","35690","38438","38716",
"손괴","혼인관계","범죄자[명]","명","16249","16687","16289","16418","17047","18776","17996","18107","19868","19447",
"손괴","유배우자","범죄자[명]","명","12050","12377","11921","11694","12099","13213","12683","12657","14118","13596",
"손괴","동거","범죄자[명]","명","581","570","630","700","905","1041","904","920","1029","938",
"손괴","이혼","범죄자[명]","명","3098","3195","3237","3437","3424","3832","3741","3864","3918","4102",
"손괴","사별","범죄자[명]","명","520","545","501","587","619","690","668","666","803","811",
"손괴","미혼자 부모관계","범죄자[명]","명","8872","9536","9480","9577","10047","10944","11217","11273","11606","11862",
"손괴","실(양)부모","범죄자[명]","명","5987","6605","6356","6475","6765","7327","7527","7650","7807","7948",
"손괴","계부모","범죄자[명]","명","37","26","31","35","45","45","25","41","65","47",
"손괴","실부계모","범죄자[명]","명","28","38","30","30","40","52","49","36","43","48",
"손괴","실부무모","범죄자[명]","명","314","336","395","370","422","476","524","505","525","547",
"손괴","실모계부","범죄자[명]","명","39","35","30","50","55","43","52","46","40","50",
"손괴","실모무부","범죄자[명]","명","1234","1242","1356","1368","1426","1649","1597","1509","1589","1621",
"손괴","계부무모","범죄자[명]","명","3","4","13","5","6","11","10","5","10","16",
"손괴","계모무부","범죄자[명]","명","16","12","18","16","14","21","10","4","19","11",
"손괴","무부모","범죄자[명]","명","1214","1238","1251","1228","1274","1320","1423","1477","1508","1574",
"손괴","미상","범죄자[명]","명","3628","3408","3526","3912","4655","5275","5687","6310","6964","7407",
"지능범죄","생활정도","범죄자[명]","명","329399","280243","304025","286099","294379","287025","269117","292114","308782","307706",
"지능범죄","하류","범죄자[명]","명","92833","91769","96941","98721","104074","100912","95028","100068","108626","105819",
"지능범죄","중류","범죄자[명]","명","38209","37162","39269","39844","41667","42869","42218","46249","52626","53833",
"지능범죄","상류","범죄자[명]","명","1514","1455","1478","1425","1536","1608","1564","1693","1835","1664",
"지능범죄","미상","범죄자[명]","명","196843","149857","166337","146109","147102","141636","130307","144104","145695","146390",
"지능범죄","혼인 및 미혼자부모관계","범죄자[명]","명","329399","280243","304025","286099","294379","287025","269117","292114","308782","307706",
"지능범죄","혼인관계","범죄자[명]","명","88511","85455","87911","88943","89229","87265","82450","84910","92853","85497",
"지능범죄","유배우자","범죄자[명]","명","67725","65100","64261","64844","63103","60951","58145","59539","65038","58459",
"지능범죄","동거","범죄자[명]","명","2386","2016","2825","2558","3079","2764","2682","2420","2831","2704",
"지능범죄","이혼","범죄자[명]","명","15518","15793","17968","18847","20242","20776","18997","20266","21908","21397",
"지능범죄","사별","범죄자[명]","명","2882","2546","2857","2694","2805","2774","2626","2685","3076","2937",
"지능범죄","미혼자 부모관계","범죄자[명]","명","42829","44438","49448","50689","57747","57888","55936","63070","70260","75802",
"지능범죄","실(양)부모","범죄자[명]","명","29433","30830","33462","34854","40108","40687","39390","44658","50163","54464",
"지능범죄","계부모","범죄자[명]","명","235","226","286","295","229","206","188","271","220","374",
"지능범죄","실부계모","범죄자[명]","명","359","382","500","419","448","509","504","539","460","548",
"지능범죄","실부무모","범죄자[명]","명","2338","2530","3085","3295","3607","3607","3323","3951","4245","4689",
"지능범죄","실모계부","범죄자[명]","명","344","308","356","358","399","414","415","487","506","512",
"지능범죄","실모무부","범죄자[명]","명","5537","5725","6714","6550","7539","7440","7258","7857","8828","8960",
"지능범죄","계부무모","범죄자[명]","명","71","72","99","88","84","73","69","68","71","66",
"지능범죄","계모무부","범죄자[명]","명","154","114","135","140","135","117","97","87","111","108",
"지능범죄","무부모","범죄자[명]","명","4358","4251","4811","4690","5198","4835","4692","5152","5656","6081",
"지능범죄","미상","범죄자[명]","명","198059","150350","166666","146467","147403","141872","130731","144134","145669","146407",
"직무유기","생활정도","범죄자[명]","명","669","823","802","801","860","642","663","713","788","947",
"직무유기","하류","범죄자[명]","명","37","40","34","30","28","30","47","17","14","9",
"직무유기","중류","범죄자[명]","명","163","155","132","113","136","126","72","65","76","64",
"직무유기","상류","범죄자[명]","명","2","9","6","1","4","2","1","3","4","2",
"직무유기","미상","범죄자[명]","명","467","619","630","657","692","484","543","628","694","872",
"직무유기","혼인 및 미혼자부모관계","범죄자[명]","명","669","823","802","801","860","642","663","713","788","947",
"직무유기","혼인관계","범죄자[명]","명","180","177","156","124","159","146","104","81","82","62",
"직무유기","유배우자","범죄자[명]","명","175","173","146","120","157","141","100","80","76","61",
"직무유기","동거","범죄자[명]","명","4","2","3","1","1","2","2","-","3","-",
"직무유기","이혼","범죄자[명]","명","1","2","3","2","1","","1","1","3","1",
"직무유기","사별","범죄자[명]","명","","","4","1","","3","1","-","-","-",
"직무유기","미혼자 부모관계","범죄자[명]","명","16","12","10","15","12","10","15","5","12","12",
"직무유기","실(양)부모","범죄자[명]","명","11","10","7","12","11","6","10","4","10","8",
"직무유기","계부모","범죄자[명]","명","","","","1","","","-","-","-","-",
"직무유기","실부계모","범죄자[명]","명","","1","","","","","-","-","-","-",
"직무유기","실부무모","범죄자[명]","명","","","","","","1","-","-","-","1",
"직무유기","실모계부","범죄자[명]","명","","","","","","","-","-","-","-",
"직무유기","실모무부","범죄자[명]","명","4","1","1","1","","3","3","1","2","3",
"직무유기","계부무모","범죄자[명]","명","","","","","","","-","-","-","-",
"직무유기","계모무부","범죄자[명]","명","1","","","","","","-","-","-","-",
"직무유기","무부모","범죄자[명]","명","","","2","1","1","","2","-","-","-",
"직무유기","미상","범죄자[명]","명","473","634","636","662","689","486","544","627","694","873",
"직권남용","생활정도","범죄자[명]","명","357","409","523","595","587","577","679","811","974","1021",
"직권남용","하류","범죄자[명]","명","19","17","34","21","11","22","25","29","23","13",
"직권남용","중류","범죄자[명]","명","73","74","75","71","79","69","109","130","114","108",
"직권남용","상류","범죄자[명]","명","9","6","11","10","1","7","9","18","14","8",
"직권남용","미상","범죄자[명]","명","256","312","403","493","496","479","536","634","823","892",
"직권남용","혼인 및 미혼자부모관계","범죄자[명]","명","357","409","523","595","587","577","679","811","974","1021",
"직권남용","혼인관계","범죄자[명]","명","87","88","108","93","82","83","129","155","148","108",
"직권남용","유배우자","범죄자[명]","명","85","85","103","92","80","81","124","152","142","98",
"직권남용","동거","범죄자[명]","명","","","","","1","","-","-","-","9",
"직권남용","이혼","범죄자[명]","명","1","3","4","","1","1","4","2","4","1",
"직권남용","사별","범죄자[명]","명","1","","1","1","","1","1","1","2","-",
"직권남용","미혼자 부모관계","범죄자[명]","명","11","8","11","10","9","14","12","23","3","21",
"직권남용","실(양)부모","범죄자[명]","명","9","7","9","10","8","12","9","19","3","17",
"직권남용","계부모","범죄자[명]","명","","","","","","","-","-","-","-",
"직권남용","실부계모","범죄자[명]","명","","","","","","","-","-","-","-",
"직권남용","실부무모","범죄자[명]","명","","","","","","","-","-","-","3",
"직권남용","실모계부","범죄자[명]","명","","","","","","","-","-","-","-",
"직권남용","실모무부","범죄자[명]","명","1","1","1","","1","2","3","4","-","1",
"직권남용","계부무모","범죄자[명]","명","","","","","","","-","-","-","-",
"직권남용","계모무부","범죄자[명]","명","","","","","","","-","-","-","-",
"직권남용","무부모","범죄자[명]","명","1","","1","","","","-","-","-","-",
"직권남용","미상","범죄자[명]","명","259","313","404","492","496","480","538","633","823","892",
"증수뢰","생활정도","범죄자[명]","명","1239","832","855","848","842","788","1128","1131","942","807",
"증수뢰","하류","범죄자[명]","명","270","155","158","120","129","192","155","264","130","152",
"증수뢰","중류","범죄자[명]","명","687","457","439","468","429","354","641","466","468","322",
"증수뢰","상류","범죄자[명]","명","66","50","81","68","57","70","86","82","87","51",
"증수뢰","미상","범죄자[명]","명","216","170","177","192","227","172","246","319","257","282",
"증수뢰","혼인 및 미혼자부모관계","범죄자[명]","명","1239","832","855","848","842","788","1128","1131","942","807",
"증수뢰","혼인관계","범죄자[명]","명","973","645","654","630","599","582","856","770","643","499",
"증수뢰","유배우자","범죄자[명]","명","910","605","627","593","527","523","775","713","570","420",
"증수뢰","동거","범죄자[명]","명","19","9","2","6","33","15","27","5","20","33",
"증수뢰","이혼","범죄자[명]","명","41","24","20","27","30","36","44","38","44","40",
"증수뢰","사별","범죄자[명]","명","3","7","5","4","9","8","10","14","9","6",
"증수뢰","미혼자 부모관계","범죄자[명]","명","48","17","23","25","15","34","25","42","43","26",
"증수뢰","실(양)부모","범죄자[명]","명","41","10","17","18","13","22","17","36","28","17",
"증수뢰","계부모","범죄자[명]","명","","","1","","","","-","-","2","-",
"증수뢰","실부계모","범죄자[명]","명","","","","","","1","-","-","-","-",
"증수뢰","실부무모","범죄자[명]","명","1","","2","1","","3","3","1","-","-",
"증수뢰","실모계부","범죄자[명]","명","","","","","","","-","-","-","-",
"증수뢰","실모무부","범죄자[명]","명","3","5","3","4","1","4","2","3","11","2",
"증수뢰","계부무모","범죄자[명]","명","","","","","","","-","-","-","-",
"증수뢰","계모무부","범죄자[명]","명","","","","","","","-","-","-","-",
"증수뢰","무부모","범죄자[명]","명","3","2","","2","1","4","3","2","2","7",
"증수뢰","미상","범죄자[명]","명","218","170","178","193","228","172","247","319","256","282",
"통화","생활정도","범죄자[명]","명","121","163","434","334","286","220","531","255","143","86",
"통화","하류","범죄자[명]","명","66","70","89","61","81","67","115","62","47","18",
"통화","중류","범죄자[명]","명","21","35","37","26","23","25","25","12","19","10",
"통화","상류","범죄자[명]","명","","","2","1","","1","-","1","-","-",
"통화","미상","범죄자[명]","명","34","58","306","246","182","127","391","180","77","58",
"통화","혼인 및 미혼자부모관계","범죄자[명]","명","121","163","434","334","286","220","531","255","143","86",
"통화","혼인관계","범죄자[명]","명","31","28","64","43","38","22","43","19","25","10",
"통화","유배우자","범죄자[명]","명","29","17","50","32","28","11","26","11","14","8",
"통화","동거","범죄자[명]","명","","1","2","1","3","1","-","2","1","-",
"통화","이혼","범죄자[명]","명","2","9","11","8","5","10","16","4","10","2",
"통화","사별","범죄자[명]","명","","1","1","2","2","","1","2","-","-",
"통화","미혼자 부모관계","범죄자[명]","명","56","79","62","45","66","71","96","56","41","18",
"통화","실(양)부모","범죄자[명]","명","40","59","47","33","45","50","45","32","29","12",
"통화","계부모","범죄자[명]","명","4","1","","","1","","-","-","-","-",
"통화","실부계모","범죄자[명]","명","","1","","","2","","14","-","-","-",
"통화","실부무모","범죄자[명]","명","6","5","8","2","3","13","2","3","5","1",
"통화","실모계부","범죄자[명]","명","","","","","","2","2","-","-","-",
"통화","실모무부","범죄자[명]","명","6","12","4","8","12","4","5","4","6","2",
"통화","계부무모","범죄자[명]","명","","","","","","","-","-","-","-",
"통화","계모무부","범죄자[명]","명","","","","","","","-","-","-","-",
"통화","무부모","범죄자[명]","명","","1","3","2","3","2","28","17","1","3",
"통화","미상","범죄자[명]","명","34","56","308","246","182","127","392","180","77","58",
"문서·인장","생활정도","범죄자[명]","명","22105","19479","20406","19460","19022","18024","15918","15576","16253","15465",
"문서·인장","하류","범죄자[명]","명","7009","6230","6397","6160","5840","5586","4559","3890","3865","3457",
"문서·인장","중류","범죄자[명]","명","4478","4259","4319","3920","3848","3674","3293","3151","3515","3322",
"문서·인장","상류","범죄자[명]","명","215","208","185","189","166","181","139","149","148","127",
"문서·인장","미상","범죄자[명]","명","10403","8782","9505","9191","9168","8583","7927","8386","8725","8559",
"문서·인장","혼인 및 미혼자부모관계","범죄자[명]","명","22105","19479","20406","19460","19022","18024","15918","15576","16253","15465",
"문서·인장","혼인관계","범죄자[명]","명","7994","6445","6924","6573","6008","5541","4788","4231","4647","4201",
"문서·인장","유배우자","범죄자[명]","명","6022","4955","5107","4961","4404","4082","3574","3100","3431","3020",
"문서·인장","동거","범죄자[명]","명","183","162","197","179","175","172","138","138","149","131",
"문서·인장","이혼","범죄자[명]","명","914","851","992","1048","1038","1004","798","746","773","786",
"문서·인장","사별","범죄자[명]","명","875","477","628","385","391","283","278","247","294","264",
"문서·인장","미혼자 부모관계","범죄자[명]","명","3639","4245","3974","3691","3840","3879","3183","2955","2887","2707",
"문서·인장","실(양)부모","범죄자[명]","명","2623","3295","2916","2777","2904","2889","2437","2360","2268","2092",
"문서·인장","계부모","범죄자[명]","명","7","10","21","32","14","12","15","14","11","13",
"문서·인장","실부계모","범죄자[명]","명","26","22","23","24","28","33","18","14","15","11",
"문서·인장","실부무모","범죄자[명]","명","203","227","239","217","230","235","182","119","150","151",
"문서·인장","실모계부","범죄자[명]","명","32","33","22","30","26","34","30","23","18","12",
"문서·인장","실모무부","범죄자[명]","명","477","457","482","418","434","463","351","289","288","287",
"문서·인장","계부무모","범죄자[명]","명","","5","18","4","8","7","6","2","4","3",
"문서·인장","계모무부","범죄자[명]","명","8","3","7","7","9","12","2","4","2","6",
"문서·인장","무부모","범죄자[명]","명","263","193","246","182","187","194","142","130","131","132",
"문서·인장","미상","범죄자[명]","명","10472","8789","9508","9196","9174","8604","7947","8390","8719","8557",
"유가증권인지","생활정도","범죄자[명]","명","1025","633","548","552","399","373","330","295","208","117",
"유가증권인지","하류","범죄자[명]","명","223","153","129","158","105","89","107","66","48","30",
"유가증권인지","중류","범죄자[명]","명","101","79","58","67","55","50","30","23","21","13",
"유가증권인지","상류","범죄자[명]","명","2","3","2","1","6","2","3","-","1","-",
"유가증권인지","미상","범죄자[명]","명","699","398","359","326","233","232","190","206","138","74",
"유가증권인지","혼인 및 미혼자부모관계","범죄자[명]","명","1025","633","548","552","399","373","330","295","208","117",
"유가증권인지","혼인관계","범죄자[명]","명","283","196","172","209","134","128","125","60","58","37",
"유가증권인지","유배우자","범죄자[명]","명","236","152","137","155","96","94","84","42","35","29",
"유가증권인지","동거","범죄자[명]","명","6","6","6","4","5","2","1","1","3","-",
"유가증권인지","이혼","범죄자[명]","명","37","34","24","48","26","26","34","13","17","6",
"유가증권인지","사별","범죄자[명]","명","4","4","5","2","7","6","6","4","3","2",
"유가증권인지","미혼자 부모관계","범죄자[명]","명","42","36","15","16","32","12","15","29","12","6",
"유가증권인지","실(양)부모","범죄자[명]","명","34","28","9","12","25","9","7","19","7","6",
"유가증권인지","계부모","범죄자[명]","명","","","","","","","-","-","-","-",
"유가증권인지","실부계모","범죄자[명]","명","","","1","","","","-","-","-","-",
"유가증권인지","실부무모","범죄자[명]","명","3","","1","","1","","3","2","-","-",
"유가증권인지","실모계부","범죄자[명]","명","","","","","1","","-","-","-","-",
"유가증권인지","실모무부","범죄자[명]","명","3","5","1","3","1","2","2","4","3","-",
"유가증권인지","계부무모","범죄자[명]","명","","","","","","","-","-","-","-",
"유가증권인지","계모무부","범죄자[명]","명","","","","","","","-","-","-","-",
"유가증권인지","무부모","범죄자[명]","명","2","3","3","1","4","1","3","4","2","-",
"유가증권인지","미상","범죄자[명]","명","700","401","361","327","233","233","190","206","138","74",
"사기","생활정도","범죄자[명]","명","264634","220887","239309","222173","228205","223210","208482","229854","246160","245009",
"사기","하류","범죄자[명]","명","75408","74528","77784","79717","84091","80792","76181","82141","90598","88209",
"사기","중류","범죄자[명]","명","25953","25256","26282","27258","28513","30107","29398","33834","39833","41033",
"사기","상류","범죄자[명]","명","859","808","790","734","863","908","890","972","1137","1107",
"사기","미상","범죄자[명]","명","162414","120295","134453","114464","114738","111403","102013","112907","114592","114660",
"사기","혼인 및 미혼자부모관계","범죄자[명]","명","264634","220887","239309","222173","228205","223210","208482","229854","246160","245009",
"사기","혼인관계","범죄자[명]","명","66671","65114","65229","66267","66359","65110","60729","64235","71702","65125",
"사기","유배우자","범죄자[명]","명","50021","48561","46174","46764","45499","44192","41422","43888","49407","43658",
"사기","동거","범죄자[명]","명","1866","1521","2303","2008","2398","2122","2123","1874","2212","2112",
"사기","이혼","범죄자[명]","명","13058","13292","14882","15566","16554","16913","15515","16777","18118","17551",
"사기","사별","범죄자[명]","명","1726","1740","1870","1929","1908","1883","1669","1696","1965","1804",
"사기","미혼자 부모관계","범죄자[명]","명","34535","35051","39342","41163","46847","46513","45391","52688","59883","65200",
"사기","실(양)부모","범죄자[명]","명","23339","23709","26042","27852","32172","32508","31765","37081","42786","46983",
"사기","계부모","범죄자[명]","명","195","198","252","237","173","172","143","235","177","321",
"사기","실부계모","범죄자[명]","명","295","328","429","369","383","420","431","477","410","495",
"사기","실부무모","범죄자[명]","명","1920","2048","2515","2759","2967","2941","2782","3494","3731","4139",
"사기","실모계부","범죄자[명]","명","272","239","305","294","335","336","340","438","454","469",
"사기","실모무부","범죄자[명]","명","4544","4675","5486","5390","6234","6060","5994","6597","7562","7706",
"사기","계부무모","범죄자[명]","명","66","60","72","75","70","59","53","61","63","56",
"사기","계모무부","범죄자[명]","명","135","97","111","113","109","98","87","76","96","96",
"사기","무부모","범죄자[명]","명","3769","3697","4130","4074","4404","3919","3796","4229","4604","4935",
"사기","미상","범죄자[명]","명","163428","120722","134738","114743","114999","111587","102362","112931","114575","114684",
"횡령","생활정도","범죄자[명]","명","31389","29507","32723","31975","35945","35583","33580","35270","35163","35930",
"횡령","하류","범죄자[명]","명","8669","9466","10960","10667","12564","12947","12533","12495","12846","13092",
"횡령","중류","범죄자[명]","명","5299","5405","6326","5961","7018","7065","7153","7140","7348","7670",
"횡령","상류","범죄자[명]","명","237","222","300","261","297","282","289","322","323","240",
"횡령","미상","범죄자[명]","명","17184","14414","15137","15086","16066","15289","13605","15313","14646","14928",
"횡령","혼인 및 미혼자부모관계","범죄자[명]","명","31389","29507","32723","31975","35945","35583","33580","35270","35163","35930",
"횡령","혼인관계","범죄자[명]","명","9803","10270","11772","11452","13164","13169","12977","12910","13377","13463",
"횡령","유배우자","범죄자[명]","명","8019","8365","9393","8985","9961","9718","9654","9450","9572","9531",
"횡령","동거","범죄자[명]","명","251","230","277","304","397","379","346","337","369","330",
"횡령","이혼","범죄자[명]","명","1327","1423","1815","1864","2366","2541","2358","2455","2682","2782",
"횡령","사별","범죄자[명]","명","206","252","287","299","440","531","619","668","754","820",
"횡령","미혼자 부모관계","범죄자[명]","명","4311","4795","5790","5390","6686","7094","6954","7047","7145","7544",
"횡령","실(양)부모","범죄자[명]","명","3202","3557","4255","3892","4765","4999","4932","4951","4855","5126",
"횡령","계부모","범죄자[명]","명","29","17","12","24","41","20","30","21","29","38",
"횡령","실부계모","범죄자[명]","명","37","29","47","25","35","53","40","46","34","42",
"횡령","실부무모","범죄자[명]","명","200","246","315","305","399","408","339","324","350","386",
"횡령","실모계부","범죄자[명]","명","38","35","27","34","37","41","42","25","33","31",
"횡령","실모무부","범죄자[명]","명","482","548","699","685","814","862","857","910","926","919",
"횡령","계부무모","범죄자[명]","명","5","7","9","8","5","7","10","5","4","6",
"횡령","계모무부","범죄자[명]","명","10","14","16","20","16","7","7","7","13","6",
"횡령","무부모","범죄자[명]","명","308","342","410","397","574","697","697","758","901","990",
"횡령","미상","범죄자[명]","명","17275","14442","15161","15133","16095","15320","13649","15313","14641","14923",
"배임","생활정도","범죄자[명]","명","7860","7510","8425","9361","8233","7608","7806","8209","8151","8324",
"배임","하류","범죄자[명]","명","1132","1110","1356","1787","1225","1187","1306","1104","1055","839",
"배임","중류","범죄자[명]","명","1434","1442","1601","1960","1566","1399","1497","1428","1232","1291",
"배임","상류","범죄자[명]","명","124","149","101","160","142","155","147","146","121","129",
"배임","미상","범죄자[명]","명","5170","4809","5367","5454","5300","4867","4856","5531","5743","6065",
"배임","혼인 및 미혼자부모관계","범죄자[명]","명","7860","7510","8425","9361","8233","7608","7806","8209","8151","8324",
"배임","혼인관계","범죄자[명]","명","2489","2492","2832","3552","2686","2484","2699","2449","2171","1992",
"배임","유배우자","범죄자[명]","명","2228","2187","2524","3142","2351","2109","2386","2103","1791","1634",
"배임","동거","범죄자[명]","명","57","85","35","55","66","71","45","63","74","89",
"배임","이혼","범죄자[명]","명","137","155","217","284","221","245","227","230","257","228",
"배임","사별","범죄자[명]","명","67","65","56","71","48","59","41","53","49","41",
"배임","미혼자 부모관계","범죄자[명]","명","171","195","221","334","240","261","245","225","234","268",
"배임","실(양)부모","범죄자[명]","명","134","155","160","248","165","192","168","156","177","203",
"배임","계부모","범죄자[명]","명","","","","1","","2","-","1","1","2",
"배임","실부계모","범죄자[명]","명","1","1","","1","","2","1","2","1","-",
"배임","실부무모","범죄자[명]","명","5","4","5","11","7","6","12","8","9","8",
"배임","실모계부","범죄자[명]","명","2","1","2","","","1","1","1","1","-",
"배임","실모무부","범죄자[명]","명","17","21","37","41","42","40","41","45","30","40",
"배임","계부무모","범죄자[명]","명","","","","1","1","","-","-","-","1",
"배임","계모무부","범죄자[명]","명","","","1","","1","","1","-","-","-",
"배임","무부모","범죄자[명]","명","12","13","16","31","24","18","21","12","15","14",
"배임","미상","범죄자[명]","명","5200","4823","5372","5475","5307","4863","4862","5535","5746","6064",
"풍속범죄","생활정도","범죄자[명]","명","61383","50905","48014","41694","41083","45149","35781","32183","33779","34671",
"풍속범죄","하류","범죄자[명]","명","35692","30632","28027","23668","23965","25403","20121","17095","17096","16480",
"풍속범죄","중류","범죄자[명]","명","19481","15607","15342","13699","13493","16797","12488","11834","13058","14212",
"풍속범죄","상류","범죄자[명]","명","320","280","253","241","311","327","323","311","343","368",
"풍속범죄","미상","범죄자[명]","명","5890","4386","4392","4086","3314","2622","2849","2943","3282","3611",
"풍속범죄","혼인 및 미혼자부모관계","범죄자[명]","명","61383","50905","48014","41694","41083","45149","35781","32183","33779","34671",
"풍속범죄","혼인관계","범죄자[명]","명","40222","33350","28852","26032","25432","24678","19811","17130","17459","16243",
"풍속범죄","유배우자","범죄자[명]","명","34245","27792","23709","20923","19949","19165","15033","12753","13248","12125",
"풍속범죄","동거","범죄자[명]","명","670","593","478","590","611","612","501","421","349","413",
"풍속범죄","이혼","범죄자[명]","명","4410","4114","3894","3832","4116","4172","3586","3314","3255","3137",
"풍속범죄","사별","범죄자[명]","명","897","851","771","687","756","729","691","642","607","568",
"풍속범죄","미혼자 부모관계","범죄자[명]","명","15237","13154","14753","11572","12336","17850","13064","12114","13041","14815",
"풍속범죄","실(양)부모","범죄자[명]","명","12264","10201","11434","8645","9235","13754","9817","9137","9926","11744",
"풍속범죄","계부모","범죄자[명]","명","78","52","66","50","36","58","29","18","15","31",
"풍속범죄","실부계모","범죄자[명]","명","35","31","36","37","27","44","49","26","45","40",
"풍속범죄","실부무모","범죄자[명]","명","434","416","496","473","479","684","588","475","474","529",
"풍속범죄","실모계부","범죄자[명]","명","24","26","29","38","44","50","52","48","55","46",
"풍속범죄","실모무부","범죄자[명]","명","1503","1524","1742","1501","1576","2178","1641","1498","1582","1482",
"풍속범죄","계부무모","범죄자[명]","명","15","15","8","7","4","7","7","3","7","5",
"풍속범죄","계모무부","범죄자[명]","명","25","19","17","16","7","16","8","8","10","9",
"풍속범죄","무부모","범죄자[명]","명","859","870","925","805","928","1059","873","901","927","929",
"풍속범죄","미상","범죄자[명]","명","5924","4401","4409","4090","3315","2621","2906","2939","3279","3613",
"성풍속범죄","생활정도","범죄자[명]","명","15209","16321","18688","13945","11917","11207","12046","12713","12473","13546",
"성풍속범죄","하류","범죄자[명]","명","7322","8532","9224","6588","5961","5597","5732","5562","4939","5200",
"성풍속범죄","중류","범죄자[명]","명","4753","4951","6397","4604","4281","4619","4888","5504","5692","6283",
"성풍속범죄","상류","범죄자[명]","명","62","89","133","94","96","112","110","145","160","173",
"성풍속범죄","미상","범죄자[명]","명","3072","2749","2934","2659","1579","879","1316","1502","1682","1890",
"성풍속범죄","혼인 및 미혼자부모관계","범죄자[명]","명","15209","16321","18688","13945","11917","11207","12046","12713","12473","13546",
"성풍속범죄","혼인관계","범죄자[명]","명","4042","5509","5601","4600","3544","3137","3282","3290","3050","2885",
"성풍속범죄","유배우자","범죄자[명]","명","3433","4473","4514","3688","2700","2387","2478","2458","2263","2130",
"성풍속범죄","동거","범죄자[명]","명","79","134","145","115","146","109","102","118","99","122",
"성풍속범죄","이혼","범죄자[명]","명","473","792","840","727","639","576","620","646","623","572",
"성풍속범죄","사별","범죄자[명]","명","57","110","102","70","59","65","82","68","65","61",
"성풍속범죄","미혼자 부모관계","범죄자[명]","명","8086","8078","10146","6684","6799","7187","7407","7919","7744","8770",
"성풍속범죄","실(양)부모","범죄자[명]","명","6963","6594","8207","5141","5214","5554","5734","6207","6074","7137",
"성풍속범죄","계부모","범죄자[명]","명","50","26","44","37","14","10","20","9","11","24",
"성풍속범죄","실부계모","범죄자[명]","명","18","16","29","31","21","20","35","24","28","31",
"성풍속범죄","실부무모","범죄자[명]","명","205","272","374","300","313","315","343","322","300","335",
"성풍속범죄","실모계부","범죄자[명]","명","16","19","20","30","34","28","39","39","40","37",
"성풍속범죄","실모무부","범죄자[명]","명","619","843","1061","836","845","902","828","900","875","778",
"성풍속범죄","계부무모","범죄자[명]","명","6","12","7","5","3","4","2","1","4","5",
"성풍속범죄","계모무부","범죄자[명]","명","16","10","14","13","6","5","4","4","9","7",
"성풍속범죄","무부모","범죄자[명]","명","193","286","390","291","349","349","402","413","403","416",
"성풍속범죄","미상","범죄자[명]","명","3081","2734","2941","2661","1574","883","1357","1504","1679","1891",
"도박범죄","생활정도","범죄자[명]","명","46174","34584","29326","27749","29166","33942","23735","19470","21306","21125",
"도박범죄","하류","범죄자[명]","명","28370","22100","18803","17080","18004","19806","14389","11533","12157","11280",
"도박범죄","중류","범죄자[명]","명","14728","10656","8945","9095","9212","12178","7600","6330","7366","7929",
"도박범죄","상류","범죄자[명]","명","258","191","120","147","215","215","213","166","183","195",
"도박범죄","미상","범죄자[명]","명","2818","1637","1458","1427","1735","1743","1533","1441","1600","1721",
"도박범죄","혼인 및 미혼자부모관계","범죄자[명]","명","46174","34584","29326","27749","29166","33942","23735","19470","21306","21125",
"도박범죄","혼인관계","범죄자[명]","명","36180","27841","23251","21432","21888","21541","16529","13840","14409","13358",
"도박범죄","유배우자","범죄자[명]","명","30812","23319","19195","17235","17249","16778","12555","10295","10985","9995",
"도박범죄","동거","범죄자[명]","명","591","459","333","475","465","503","399","303","250","291",
"도박범죄","이혼","범죄자[명]","명","3937","3322","3054","3105","3477","3596","2966","2668","2632","2565",
"도박범죄","사별","범죄자[명]","명","840","741","669","617","697","664","609","574","542","507",
"도박범죄","미혼자 부모관계","범죄자[명]","명","7151","5076","4607","4888","5537","10663","5657","4195","5297","6045",
"도박범죄","실(양)부모","범죄자[명]","명","5301","3607","3227","3504","4021","8200","4083","2930","3852","4607",
"도박범죄","계부모","범죄자[명]","명","28","26","22","13","22","48","9","9","4","7",
"도박범죄","실부계모","범죄자[명]","명","17","15","7","6","6","24","14","2","17","9",
"도박범죄","실부무모","범죄자[명]","명","229","144","122","173","166","369","245","153","174","194",
"도박범죄","실모계부","범죄자[명]","명","8","7","9","8","10","22","13","9","15","9",
"도박범죄","실모무부","범죄자[명]","명","884","681","681","665","731","1276","813","598","707","704",
"도박범죄","계부무모","범죄자[명]","명","9","3","1","2","1","3","5","2","3","-",
"도박범죄","계모무부","범죄자[명]","명","9","9","3","3","1","11","4","4","1","2",
"도박범죄","무부모","범죄자[명]","명","666","584","535","514","579","710","471","488","524","513",
"도박범죄","미상","범죄자[명]","명","2843","1667","1468","1429","1741","1738","1549","1435","1600","1722",
"특별경제범죄","생활정도","범죄자[명]","명","91622","93427","83308","87648","90356","77669","72452","75348","79175","67904",
"특별경제범죄","하류","범죄자[명]","명","40371","43043","35975","40562","41581","35687","33904","35235","37532","29377",
"특별경제범죄","중류","범죄자[명]","명","18586","19994","16793","17901","18628","17899","17271","17631","19615","17586",
"특별경제범죄","상류","범죄자[명]","명","612","707","573","638","683","667","658","733","605","621",
"특별경제범죄","미상","범죄자[명]","명","32053","29683","29967","28547","29464","23416","20619","21749","21423","20320",
"특별경제범죄","혼인 및 미혼자부모관계","범죄자[명]","명","91622","93427","83308","87648","90356","77669","72452","75348","79175","67904",
"특별경제범죄","혼인관계","범죄자[명]","명","40015","42713","34993","39404","37812","35071","33206","34557","37632","30402",
"특별경제범죄","유배우자","범죄자[명]","명","32957","34815","27471","30006","28170","25960","24490","25459","27816","22194",
"특별경제범죄","동거","범죄자[명]","명","984","849","844","1001","1014","953","911","811","816","645",
"특별경제범죄","이혼","범죄자[명]","명","5213","6000","5763","7220","7503","7020","6815","7236","7808","6582",
"특별경제범죄","사별","범죄자[명]","명","861","1049","915","1177","1125","1138","990","1051","1192","981",
"특별경제범죄","미혼자 부모관계","범죄자[명]","명","19329","20929","18226","19603","23003","19140","18531","19027","20130","17188",
"특별경제범죄","실(양)부모","범죄자[명]","명","14350","15203","12394","13195","15957","12710","12516","12903","13483","11531",
"특별경제범죄","계부모","범죄자[명]","명","109","85","84","103","60","71","68","72","75","105",
"특별경제범죄","실부계모","범죄자[명]","명","52","62","44","73","68","50","56","59","49","49",
"특별경제범죄","실부무모","범죄자[명]","명","752","784","768","870","1024","862","799","864","980","778",
"특별경제범죄","실모계부","범죄자[명]","명","57","79","61","65","97","63","62","60","70","61",
"특별경제범죄","실모무부","범죄자[명]","명","2411","2633","2758","2844","3112","2758","2701","2608","2897","2355",
"특별경제범죄","계부무모","범죄자[명]","명","22","16","29","22","9","23","14","11","8","9",
"특별경제범죄","계모무부","범죄자[명]","명","71","53","34","37","38","32","22","19","24","23",
"특별경제범죄","무부모","범죄자[명]","명","1505","2014","2054","2394","2638","2571","2293","2431","2544","2277",
"특별경제범죄","미상","범죄자[명]","명","32278","29785","30089","28641","29541","23458","20715","21764","21413","20314",
"마약범죄","생활정도","범죄자[명]","명","5409","4731","5049","5264","6913","8443","8512","7677","9875","11630",
"마약범죄","하류","범죄자[명]","명","3295","3139","3123","3269","4508","5280","5371","4491","5809","6628",
"마약범죄","중류","범죄자[명]","명","1171","1068","1351","1380","1569","2087","2109","2244","2911","3699",
"마약범죄","상류","범죄자[명]","명","106","108","167","119","125","156","161","154","216","270",
"마약범죄","미상","범죄자[명]","명","837","416","408","496","711","920","871","788","939","1033",
"마약범죄","혼인 및 미혼자부모관계","범죄자[명]","명","5409","4731","5049","5264","6913","8443","8512","7677","9875","11630",
"마약범죄","혼인관계","범죄자[명]","명","3189","2898","3082","2950","3973","4812","4538","4150","4837","5643",
"마약범죄","유배우자","범죄자[명]","명","2027","1847","1906","1862","2328","2745","2577","2421","2784","3380",
"마약범죄","동거","범죄자[명]","명","222","184","185","173","251","270","255","215","254","253",
"마약범죄","이혼","범죄자[명]","명","690","693","765","738","1039","1351","1234","1117","1334","1360",
"마약범죄","사별","범죄자[명]","명","250","174","226","177","355","446","472","397","465","650",
"마약범죄","미혼자 부모관계","범죄자[명]","명","1370","1399","1553","1813","2221","2703","3084","2737","4099","4954",
"마약범죄","실(양)부모","범죄자[명]","명","873","913","1032","1247","1440","1829","2077","1878","3002","3813",
"마약범죄","계부모","범죄자[명]","명","4","5","3","4","12","24","22","17","25","13",
"마약범죄","실부계모","범죄자[명]","명","5","8","7","5","11","6","15","15","18","21",
"마약범죄","실부무모","범죄자[명]","명","57","49","50","67","86","91","112","124","142","186",
"마약범죄","실모계부","범죄자[명]","명","9","9","8","10","19","21","20","27","30","28",
"마약범죄","실모무부","범죄자[명]","명","245","251","284","338","409","469","524","424","550","591",
"마약범죄","계부무모","범죄자[명]","명","2","","3","1","2","3","4","2","6","4",
"마약범죄","계모무부","범죄자[명]","명","3","1","8","1","7","3","10","5","8","7",
"마약범죄","무부모","범죄자[명]","명","172","163","158","140","235","257","300","245","318","291",
"마약범죄","미상","범죄자[명]","명","850","434","414","501","719","928","890","790","939","1033",
"보건범죄","생활정도","범죄자[명]","명","20445","19531","23046","22085","20721","21649","19130","16965","18024","21810",
"보건범죄","하류","범죄자[명]","명","10981","9775","11463","10673","9600","9561","8412","7177","8204","9159",
"보건범죄","중류","범죄자[명]","명","6643","6743","8367","7912","6847","7935","6838","6067","6297","8139",
"보건범죄","상류","범죄자[명]","명","666","813","803","949","1351","1331","846","811","634","734",
"보건범죄","미상","범죄자[명]","명","2155","2200","2413","2551","2923","2822","3034","2910","2889","3778",
"보건범죄","혼인 및 미혼자부모관계","범죄자[명]","명","20445","19531","23046","22085","20721","21649","19130","16965","18024","21810",
"보건범죄","혼인관계","범죄자[명]","명","14878","14410","17476","16458","14891","15500","12777","11130","11259","12964",
"보건범죄","유배우자","범죄자[명]","명","11294","11171","13537","12765","11402","11935","9590","8242","8026","9429",
"보건범죄","동거","범죄자[명]","명","342","242","355","323","334","353","308","198","250","310",
"보건범죄","이혼","범죄자[명]","명","2494","2294","2685","2567","2477","2483","2274","2073","2375","2586",
"보건범죄","사별","범죄자[명]","명","748","703","899","803","678","729","605","617","608","639",
"보건범죄","미혼자 부모관계","범죄자[명]","명","3398","2907","3150","3079","2907","3321","3302","2919","3875","5068",
"보건범죄","실(양)부모","범죄자[명]","명","2602","2178","2346","2295","2117","2480","2543","2226","2896","3835",
"보건범죄","계부모","범죄자[명]","명","42","16","25","13","8","8","12","20","21","44",
"보건범죄","실부계모","범죄자[명]","명","7","8","7","7","14","6","4","7","10","16",
"보건범죄","실부무모","범죄자[명]","명","116","80","99","85","96","108","104","107","149","206",
"보건범죄","실모계부","범죄자[명]","명","10","10","11","10","6","9","4","7","9","17",
"보건범죄","실모무부","범죄자[명]","명","335","383","385","378","396","436","394","318","509","568",
"보건범죄","계부무모","범죄자[명]","명","3","4","6","4","1","4","4","2","-","2",
"보건범죄","계모무부","범죄자[명]","명","17","11","19","12","5","9","3","6","2","5",
"보건범죄","무부모","범죄자[명]","명","266","217","252","275","264","261","234","226","279","375",
"보건범죄","미상","범죄자[명]","명","2169","2214","2420","2548","2923","2828","3051","2916","2890","3778",
"환경범죄","생활정도","범죄자[명]","명","3113","3247","3588","3136","3176","3802","4378","4066","5088","4329",
"환경범죄","하류","범죄자[명]","명","1298","1323","1389","1154","1196","1394","1620","1504","1926","1726",
"환경범죄","중류","범죄자[명]","명","1305","1359","1671","1396","1378","1766","1985","1758","2205","1809",
"환경범죄","상류","범죄자[명]","명","93","111","113","186","185","182","185","167","193","125",
"환경범죄","미상","범죄자[명]","명","417","454","415","400","417","460","588","637","764","669",
"환경범죄","혼인 및 미혼자부모관계","범죄자[명]","명","3113","3247","3588","3136","3176","3802","4378","4066","5088","4329",
"환경범죄","혼인관계","범죄자[명]","명","2474","2578","2982","2529","2553","3053","3472","3123","3813","3335",
"환경범죄","유배우자","범죄자[명]","명","2230","2335","2687","2261","2237","2668","3015","2695","3197","2707",
"환경범죄","동거","범죄자[명]","명","37","48","59","58","66","56","78","78","65","87",
"환경범죄","이혼","범죄자[명]","명","164","158","197","171","197","270","311","286","470","452",
"환경범죄","사별","범죄자[명]","명","43","37","39","39","53","59","68","64","81","89",
"환경범죄","미혼자 부모관계","범죄자[명]","명","216","209","190","206","205","289","315","306","511","327",
"환경범죄","실(양)부모","범죄자[명]","명","146","135","135","137","138","191","231","211","358","219",
"환경범죄","계부모","범죄자[명]","명","","2","","","1","2","1","3","2","-",
"환경범죄","실부계모","범죄자[명]","명","2","1","1","","","","-","2","2","-",
"환경범죄","실부무모","범죄자[명]","명","13","5","2","9","9","12","14","12","22","10",
"환경범죄","실모계부","범죄자[명]","명","2","","","1","1","","-","2","2","3",
"환경범죄","실모무부","범죄자[명]","명","29","33","24","28","29","46","37","40","73","62",
"환경범죄","계부무모","범죄자[명]","명","","","","","","","-","1","-","-",
"환경범죄","계모무부","범죄자[명]","명","1","","1","","","","-","-","1","-",
"환경범죄","무부모","범죄자[명]","명","23","33","27","31","27","38","32","35","51","33",
"환경범죄","미상","범죄자[명]","명","423","460","416","401","418","460","591","637","764","667",
"교통범죄","생활정도","범죄자[명]","명","524350","512076","536756","533126","549374","555352","484552","413147","383717","356446",
"교통범죄","하류","범죄자[명]","명","242657","236170","252854","241031","235633","234590","202474","160136","137784","127215",
"교통범죄","중류","범죄자[명]","명","162937","153187","155205","149474","149757","149783","133899","114837","99770","92001",
"교통범죄","상류","범죄자[명]","명","3331","2958","3005","3146","3165","2837","2316","2223","1812","1725",
"교통범죄","미상","범죄자[명]","명","115425","119761","125692","139475","160819","168142","145863","135951","144351","135505",
"교통범죄","혼인 및 미혼자부모관계","범죄자[명]","명","524350","512076","536756","533126","549374","555352","484552","413147","383717","356446",
"교통범죄","혼인관계","범죄자[명]","명","293261","278416","292618","279618","271974","266825","227020","183384","155207","140745",
"교통범죄","유배우자","범죄자[명]","명","268349","253398","263279","249046","238439","230130","193969","155084","129140","114965",
"교통범죄","동거","범죄자[명]","명","3850","3460","4000","4477","4734","5333","4474","3639","3094","2768",
"교통범죄","이혼","범죄자[명]","명","17678","18086","21471","22212","24391","26791","24488","21060","19401","19647",
"교통범죄","사별","범죄자[명]","명","3384","3472","3868","3883","4410","4571","4089","3601","3572","3365",
"교통범죄","미혼자 부모관계","범죄자[명]","명","114825","113398","117899","113475","116063","119844","110841","93604","84005","79967",
"교통범죄","실(양)부모","범죄자[명]","명","96270","94670","96944","92415","93927","96097","88743","74839","66692","63086",
"교통범죄","계부모","범죄자[명]","명","578","476","589","736","550","565","501","438","371","301",
"교통범죄","실부계모","범죄자[명]","명","278","270","260","258","271","256","242","236","219","199",
"교통범죄","실부무모","범죄자[명]","명","3294","3206","3630","3786","3585","4115","4042","3415","3224","3123",
"교통범죄","실모계부","범죄자[명]","명","377","370","336","345","325","304","311","272","265","224",
"교통범죄","실모무부","범죄자[명]","명","9494","9873","11029","10775","11737","12321","11503","9586","8610","8383",
"교통범죄","계부무모","범죄자[명]","명","99","122","110","93","97","90","81","81","59","46",
"교통범죄","계모무부","범죄자[명]","명","367","292","295","397","331","288","240","209","216","178",
"교통범죄","무부모","범죄자[명]","명","4068","4119","4706","4670","5240","5808","5178","4528","4349","4427",
"교통범죄","미상","범죄자[명]","명","116264","120262","126239","140033","161337","168683","146691","136159","144505","135734",
"노동범죄","생활정도","범죄자[명]","명","2641","2378","2309","2131","2395","5860","4964","2073","865","613",
"노동범죄","하류","범죄자[명]","명","1586","1545","1439","1237","1482","3395","2852","1079","404","264",
"노동범죄","중류","범죄자[명]","명","720","601","634","612","648","2015","1593","733","280","209",
"노동범죄","상류","범죄자[명]","명","19","23","17","7","36","42","45","22","11","7",
"노동범죄","미상","범죄자[명]","명","316","209","219","275","229","408","474","239","170","133",
"노동범죄","혼인 및 미혼자부모관계","범죄자[명]","명","2641","2378","2309","2131","2395","5860","4964","2073","865","613",
"노동범죄","혼인관계","범죄자[명]","명","1733","1621","1612","1492","1731","4521","3788","1506","522","369",
"노동범죄","유배우자","범죄자[명]","명","1368","1265","1297","1221","1439","3870","3196","1216","381","275",
"노동범죄","동거","범죄자[명]","명","46","46","27","32","28","37","54","32","15","12",
"노동범죄","이혼","범죄자[명]","명","284","266","262","211","234","522","439","231","114","76",
"노동범죄","사별","범죄자[명]","명","35","44","26","28","30","92","99","27","12","6",
"노동범죄","미혼자 부모관계","범죄자[명]","명","587","548","478","364","434","928","700","327","173","111",
"노동범죄","실(양)부모","범죄자[명]","명","450","399","328","257","320","693","519","228","118","83",
"노동범죄","계부모","범죄자[명]","명","1","1","","1","1","7","15","5","-","-",
"노동범죄","실부계모","범죄자[명]","명","1","3","2","1","3","1","5","3","1","-",
"노동범죄","실부무모","범죄자[명]","명","20","27","18","22","16","28","17","15","4","8",
"노동범죄","실모계부","범죄자[명]","명","2","2","4","","","2","5","1","2","-",
"노동범죄","실모무부","범죄자[명]","명","79","72","77","47","71","133","86","47","26","12",
"노동범죄","계부무모","범죄자[명]","명","","2","","1","","","-","-","-","-",
"노동범죄","계모무부","범죄자[명]","명","","1","","3","1","","1","-","-","-",
"노동범죄","무부모","범죄자[명]","명","34","41","49","32","22","64","52","28","22","8",
"노동범죄","미상","범죄자[명]","명","321","209","219","275","230","411","476","240","170","133",
"안보범죄","생활정도","범죄자[명]","명","160","126","152","90","174","151","251","187","545","678",
"안보범죄","하류","범죄자[명]","명","57","64","61","39","70","48","137","92","351","338",
"안보범죄","중류","범죄자[명]","명","54","42","58","23","71","21","70","41","104","260",
"안보범죄","상류","범죄자[명]","명","1","2","2","2","3","8","4","3","4","3",
"안보범죄","미상","범죄자[명]","명","48","18","31","26","30","74","40","51","86","77",
"안보범죄","혼인 및 미혼자부모관계","범죄자[명]","명","160","126","152","90","174","151","251","187","545","678",
"안보범죄","혼인관계","범죄자[명]","명","72","83","84","47","72","37","81","43","92","156",
"안보범죄","유배우자","범죄자[명]","명","53","65","69","33","55","24","62","34","71","101",
"안보범죄","동거","범죄자[명]","명","5","6","1","","7","5","8","1","3","12",
"안보범죄","이혼","범죄자[명]","명","13","11","13","11","10","8","11","7","18","39",
"안보범죄","사별","범죄자[명]","명","1","1","1","3","","","-","1","-","4",
"안보범죄","미혼자 부모관계","범죄자[명]","명","40","25","36","17","72","40","130","93","367","445",
"안보범죄","실(양)부모","범죄자[명]","명","27","17","27","9","48","30","102","85","315","352",
"안보범죄","계부모","범죄자[명]","명","1","","","","","2","-","-","1","1",
"안보범죄","실부계모","범죄자[명]","명","","1","","","1","","-","1","5","1",
"안보범죄","실부무모","범죄자[명]","명","","1","1","","5","2","3","1","8","16",
"안보범죄","실모계부","범죄자[명]","명","","","","","","","-","-","3","3",
"안보범죄","실모무부","범죄자[명]","명","10","4","7","5","8","2","14","4","22","46",
"안보범죄","계부무모","범죄자[명]","명","","","","","","","-","-","-","-",
"안보범죄","계모무부","범죄자[명]","명","1","","","","","","1","-","-","-",
"안보범죄","무부모","범죄자[명]","명","1","2","1","3","10","4","10","2","13","26",
"안보범죄","미상","범죄자[명]","명","48","18","32","26","30","74","40","51","86","77",
"선거범죄","생활정도","범죄자[명]","명","400","1855","409","2800","1121","1525","787","3280","1180","1545",
"선거범죄","하류","범죄자[명]","명","153","628","140","778","269","416","350","758","187","391",
"선거범죄","중류","범죄자[명]","명","146","669","167","1066","552","563","268","1318","569","509",
"선거범죄","상류","범죄자[명]","명","24","124","16","185","92","93","23","195","88","59",
"선거범죄","미상","범죄자[명]","명","77","434","86","771","208","453","146","1009","336","586",
"선거범죄","혼인 및 미혼자부모관계","범죄자[명]","명","400","1855","409","2800","1121","1525","787","3280","1180","1545",
"선거범죄","혼인관계","범죄자[명]","명","297","1203","244","1838","897","907","467","2019","819","720",
"선거범죄","유배우자","범죄자[명]","명","265","1073","217","1656","830","820","372","1820","774","618",
"선거범죄","동거","범죄자[명]","명","5","13","3","30","23","17","9","8","6","4",
"선거범죄","이혼","범죄자[명]","명","16","79","14","110","21","51","61","144","21","69",
"선거범죄","사별","범죄자[명]","명","11","38","10","42","23","19","25","47","18","29",
"선거범죄","미혼자 부모관계","범죄자[명]","명","26","220","79","193","14","163","174","252","25","234",
"선거범죄","실(양)부모","범죄자[명]","명","17","156","59","141","7","116","104","190","16","183",
"선거범죄","계부모","범죄자[명]","명","","1","","2","","","-","-","-","-",
"선거범죄","실부계모","범죄자[명]","명","","2","","1","","","-","-","-","-",
"선거범죄","실부무모","범죄자[명]","명","","11","1","5","","2","10","6","1","5",
"선거범죄","실모계부","범죄자[명]","명","","1","","1","","","-","-","-","1",
"선거범죄","실모무부","범죄자[명]","명","4","22","11","30","5","25","31","32","6","19",
"선거범죄","계부무모","범죄자[명]","명","","","","","","","-","-","-","-",
"선거범죄","계모무부","범죄자[명]","명","","","1","1","","","-","-","-","-",
"선거범죄","무부모","범죄자[명]","명","5","27","7","12","2","20","29","24","2","26",
"선거범죄","미상","범죄자[명]","명","77","432","86","769","210","455","146","1009","336","591",
"병역범죄","생활정도","범죄자[명]","명","22752","18359","23200","18523","18241","15659","14574","13254","11809","3164",
"병역범죄","하류","범죄자[명]","명","10472","11623","14254","12225","12282","10193","9275","8343","7173","1955",
"병역범죄","중류","범죄자[명]","명","4599","5444","7027","5406","5104","4714","4635","4233","4028","911",
"병역범죄","상류","범죄자[명]","명","78","72","94","76","71","90","67","63","45","11",
"병역범죄","미상","범죄자[명]","명","7603","1220","1825","816","784","662","597","615","563","287",
"병역범죄","혼인 및 미혼자부모관계","범죄자[명]","명","22752","18359","23200","18523","18241","15659","14574","13254","11809","3164",
"병역범죄","혼인관계","범죄자[명]","명","2341","2588","3218","2728","2579","2125","1865","1702","1508","376",
"병역범죄","유배우자","범죄자[명]","명","1922","2118","2588","2204","1997","1579","1447","1311","1144","265",
"병역범죄","동거","범죄자[명]","명","160","173","242","192","216","154","127","94","97","31",
"병역범죄","이혼","범죄자[명]","명","230","273","361","318","348","374","276","276","253","79",
"병역범죄","사별","범죄자[명]","명","29","24","27","14","18","18","15","21","14","1",
"병역범죄","미혼자 부모관계","범죄자[명]","명","12766","14541","18145","14977","14876","12869","12038","10932","9739","2501",
"병역범죄","실(양)부모","범죄자[명]","명","9592","11023","13786","11166","10880","9511","9171","8198","7450","1762",
"병역범죄","계부모","범죄자[명]","명","94","109","139","115","50","34","43","56","64","20",
"병역범죄","실부계모","범죄자[명]","명","107","100","112","108","139","120","115","82","64","20",
"병역범죄","실부무모","범죄자[명]","명","889","929","1203","1120","1214","1044","911","805","739","222",
"병역범죄","실모계부","범죄자[명]","명","93","80","102","98","91","85","80","70","59","24",
"병역범죄","실모무부","범죄자[명]","명","1359","1606","1959","1677","1740","1511","1293","1299","1055","317",
"병역범죄","계부무모","범죄자[명]","명","21","29","23","30","20","18","11","10","14","3",
"병역범죄","계모무부","범죄자[명]","명","41","61","68","71","35","26","24","24","15","11",
"병역범죄","무부모","범죄자[명]","명","570","604","753","592","707","520","390","388","279","122",
"병역범죄","미상","범죄자[명]","명","7645","1230","1837","818","786","665","671","620","562","287",
"기타범죄","생활정도","범죄자[명]","명","224781","208432","213524","230854","241747","310870","272830","247023","256000","244539",
"기타범죄","하류","범죄자[명]","명","106434","99536","100011","107883","108959","142513","119080","99693","100071","90514",
"기타범죄","중류","범죄자[명]","명","68237","62848","63835","68156","70794","93579","82065","72028","76114","74578",
"기타범죄","상류","범죄자[명]","명","2754","2594","2871","3064","3223","3743","3668","3646","3391","3118",
"기타범죄","미상","범죄자[명]","명","47356","43454","46807","51751","58771","71035","68017","71656","76424","76329",
"기타범죄","혼인 및 미혼자부모관계","범죄자[명]","명","224781","208432","213524","230854","241747","310870","272830","247023","256000","244539",
"기타범죄","혼인관계","범죄자[명]","명","123729","114964","115016","123413","125612","159957","140524","119273","121561","110901",
"기타범죄","유배우자","범죄자[명]","명","99841","92198","90922","95881","96754","123108","107360","89543","90035","82079",
"기타범죄","동거","범죄자[명]","명","2715","2508","2805","3267","3431","4308","3807","3216","3698","3410",
"기타범죄","이혼","범죄자[명]","명","17345","16617","17381","19918","20961","27549","24557","22227","23248","21388",
"기타범죄","사별","범죄자[명]","명","3828","3641","3908","4347","4466","4992","4800","4287","4580","4024",
"기타범죄","미혼자 부모관계","범죄자[명]","명","53376","49917","51655","55590","57276","79738","63951","56074","58027","57299",
"기타범죄","실(양)부모","범죄자[명]","명","40308","37418","38361","40486","41566","58678","46180","40129","41683","41152",
"기타범죄","계부모","범죄자[명]","명","239","207","245","296","209","300","241","198","222","272",
"기타범죄","실부계모","범죄자[명]","명","212","178","219","189","219","292","262","222","202","227",
"기타범죄","실부무모","범죄자[명]","명","2246","2048","2183","2395","2607","3524","2969","2596","2655","2722",
"기타범죄","실모계부","범죄자[명]","명","249","195","227","209","228","309","256","269","238","235",
"기타범죄","실모무부","범죄자[명]","명","6364","5889","6355","7098","7446","10163","8494","7234","7391","6961",
"기타범죄","계부무모","범죄자[명]","명","46","55","60","57","52","72","54","55","47","35",
"기타범죄","계모무부","범죄자[명]","명","114","106","105","104","92","117","95","91","94","80",
"기타범죄","무부모","범죄자[명]","명","3598","3821","3900","4756","4857","6283","5400","5280","5495","5615",
"기타범죄","미상","범죄자[명]","명","47676","43551","46853","51851","58859","71175","68355","71676","76412","76339",
